old_song_id,new_song_id,old_label,new_label,similarity,old_lyrics,new_lyrics
T1_TRAIN_0002,1656159,M,NM,0.9915254237288136,"
Pachin!

Viajera, te vas de puerta en puerta
Buscando quien te quiera
Viajera flor machita y destrichada
Que has perdido tu belleza
Sin dejar la primavera

Viajera, hoy reflejas en tu rostro
Huellas de un triste pasado
Por vivir, a tu manera
Entregandole a cualquiera
Tus caricias pasajeras
Sin sentir ningun amor

Viajera, hoy te miro con gran pena
Te acompana por donde quiera
El beso de un gran dolor

Ni la sombra te pareces
De lo que fuistes un dia
Hoy te tengo compasion
Oigame mi amor!

(coro) - Viajera hoy siento por ti gran pena
Flor machita y destrichada, has perdido tu belleza, viajera

(coro)
Cada vez que yo te miro! Que pena me da mirarte mi nena

(coro)
Sufrimiento y soledad en tu vida si... eso lo que te espera

(coro)
Entregandole a cualquiera, tus caricias ... mira pasajeras

(coro)
Me expreso mi compasion, por tu condicion, y ya no te quiero viajera

(coro)
Te vas de puerta en puerta, buscando quien te quiera

(coro)
Pudiste cambiar a tiempo, pero tu no lo querias mi nena

(coro)
Ni la sombra te pareces, de lo que fuistes un dia mi china!

(coro)
Hoy me alejo de ti, ya no te quiero a mi lado, mira morena

.... ""Oye agara la maleta, oye y vete pa' fuera!""

(coro)
A ti nunca te importo nada de mi, y tu lo sabes viajera!

(coro)
Hoy reflejas en tu rostro, huellas de un triste pasado!

(coro)
Has viajado Panama, Colombia y el Peru, y vienes de Venezuela

(coro)
Tu tienes lo malo encima, por eso de ti ya yo! me fui mi nena!

.....""Y asi termina la historia mami, de una ... jajaja ... viajera!""","Pachin!, viajera, te vas de puerta en puerta, buscando quien te quiera, viajera flor machita y destrichada, que has perdido tu belleza, sin dejar la primavera, viajera, hoy reflejas en tu rostro, huellas de un triste pasado, por vivir, a tu manera, entregandole a cualquiera, tus caricias pasajeras, sin sentir ningun amor, viajera, hoy te miro con gran pena, te acompana por donde quiera, el beso de un gran dolor, ni la sombra te pareces, de lo que fuistes un dia, hoy te tengo compasion, oigame mi amor!, viajera hoy siento por ti gran pena, flor machita y destrichada, has perdido tu belleza, viajera, cada vez que yo te miro! Que pena me da mirarte mi nena, sufrimiento y soledad en tu vida si... eso lo que te espera, entregandole a cualquiera, tus caricias ... mira pasajeras, me expreso mi compasion, por tu condicion, y ya no te quiero viajera, te vas de puerta en puerta, buscando quien te quiera, pudiste cambiar a tiempo, pero tu no lo querias mi nena, ni la sombra te pareces, de lo que fuistes un dia mi china!, hoy me alejo de ti, ya no te quiero a mi lado, mira morena, .... Oye agara la maleta, oye y vete pa' fuera!, a ti nunca te importo nada de mi, y tu lo sabes viajera!, hoy reflejas en tu rostro, huellas de un triste pasado!, has viajado Panama, Colombia y el Peru, y vienes de Venezuela, tu tienes lo malo encima, por eso de ti ya yo! me fui mi nena!, .....Y asi termina la historia mami, de una ... jajaja ... viajera!."
T1_TRAIN_0009,7011531,NM,M,0.9538461538461539,"o
Vamo'a ver si es verdad
Que tú sirves, Caridad, pa' arrollar
Se escucha el ritmo sonoro
Quítate de la acera
De tu chancleta sin par
Mira que te tumbo
Cuando la clave de oro
Quítate de la acera
Suena la conga al pasar
Ah, eh...
Baila mulata sandunguera
Quítate de la acera
Luce tu falda almidoná
Mira que te tumbo
Mueve tu rítmica cadera
Quítate de la acera
Sigue la conga que se va
Entre esa bulla hechicera
Tu alma difundida еstá
Vamo'a ver si es verdad
Quе tú sirves, Caridad, pa' arrollar
Quítate de la acera
Mira que te tumbo
Quítate de la acera
Ah, eh...
Baila mulata sandunguera
Quítate de la acera
Luce tu falda almidoná
Mira que te tumbo
Mueve tu rítmica cadera
Quítate de la acera
Sigue la conga que se va
Entre esa bulla hechicera
Tu alma difundida está
Vamo'a ver si es verdad
Que tú sirves, Caridad, pa' arrollar
Quítate de la acera
Mira que te tumbo
Ay, pero quítate de la acera
Oye, mira que te tumbo
Quítate de la acera
Mira que te tumbo
Que pero que viene La Sonora
Arrollando por el mundo
Quítate de la acera
Mira que te tumbo
Ay, pero mira que te tumbo
Mira que te tumbo
Quítate de la acera
Mira que te tumbo
Quítate de la acera
Mira que te tumbo
Quítate de la acera
Mira que te tumbo
Quítate de la acera
Mira que te tumbo
Quítate de la acera
Mira que te tumbo
Quítate de la acera
Mira que te tumbo","Vamo'a ver si es verdad, que tú sirves, Caridad, pa' arrollar, se escucha el ritmo sonoro, quítate de la acera, de tu chancleta sin par, mira que te tumbo, cuando la clave de oro, quítate de la acera, suena la conga al pasar, ah, eh..., baila mulata sandunguera, quítate de la acera, luce tu falda almidoná, mira que te tumbo, mueve tu rítmica cadera, quítate de la acera, sigue la conga que se va, entre esa bulla hechicera, tu alma difundida está, vamo'a ver si es verdad, que tú sirves, Caridad, pa' arrollar, quítate de la acera, mira que te tumbo, quítate de la acera, ah, eh..., baila mulata sandunguera, quítate de la acera, luce tu falda almidoná, mira que te tumbo, mueve tu rítmica cadera, quítate de la acera, sigue la conga que se va, entre esa bulla hechicera, tu alma difundida está, vamo'a ver si es verdad, que tú sirves, Caridad, pa' arrollar, quítate de la acera, mira que te tumbo, ay, pero quítate de la acera, oye, mira que te tumbo, quítate de la acera, mira que te tumbo, que pero que viene La Sonora, arrollando por el mundo, quítate de la acera, mira que te tumbo, ay, pero mira que te tumbo, mira que te tumbo, quítate de la acera, mira que te tumbo, quítate de la acera, mira que te tumbo, quítate de la acera, mira que te tumbo, quítate de la acera, mira que te tumbo, quítate de la acera, mira que te tumbo, quítate de la acera, mira que te tumbo."
T1_TRAIN_0043,900847,M,NM,0.9393939393939394,"
[Letra de ""Te Conozco""]

[Verso 1]
Te conozco desde el pelo hasta la punta de los pies
Sé que roncas por las noches y que duermes de revés
Sé que dices que tienes veinte cuando tienes veintitrés
Te conozco cuando ríes y tus gestos al amar
Sé de aquella cirugía que a nadie le has de contar
Sé que odias la rutina un poco más que a la cocina

[Coro]
Dime si él te conoce la mitad
Dime si él tiene la sensibilidad
De encontrar el punto exacto
Donde explotas al amar
Dime si él te conoce la mitad
Dime si él te ama la mitad
De lo que te ama este loco
Que dejaste en libertad

[Verso 2]
Reconozco lo que piensas antes que empieces a hablar
Sé de tus 150 dietas para adelgazar
Sé que padeces de insomnio y que fumas sin parar
Imagino esas charlas que en mi honor han de entablar
Y hasta sé lo que este viernes le has de hacer para cenar
Y es que tanto te conozco que, hasta sé, me has de extrañar

[Coro]
Dime si él te conoce la mitad
Dime si él tiene la sensibilidad
De encontrar el punto exacto
Donde explotas al amar
Dime si él te conoce la mitad
Dime si él te ama la mitad
De lo que te ama este loco
Que dejaste en libertad

[Coro]
Dime si él te conoce la mitad
Dime si él te ama la mitad
De lo que te ama este loco
Que dejaste en libertad

[Outro]
Y es que tanto te conozco
Que hasta podría jurar
Te mueres por regresar","Te conozco desde el pelo hasta la punta de los pies, sé que roncas por las noches y que duermes de revés, sé que dices que tienes veinte cuando tienes veintitrés, te conozco cuando ríes y tus gestos al amar, sé de aquella cirugía que a nadie le has de contar, sé que odias la rutina un poco más que a la cocina. Dime si él te conoce la mitad, dime si él tiene la sensibilidad, de encontrar el punto exacto, donde explotas al amar, dime si él te conoce la mitad, dime si él te ama la mitad, de lo que te ama este loco, que dejaste en libertad. Reconozco lo que piensas antes que empieces a hablar, sé de tus 150 dietas para adelgazar, sé que padeces de insomnio y que fumas sin parar, imagino esas charlas que en mi honor han de entablar, y hasta sé lo que este viernes le has de hacer para cenar, y es que tanto te conozco que, hasta sé, me has de extrañar. Dime si él te conoce la mitad, dime si él tiene la sensibilidad, de encontrar el punto exacto, donde explotas al amar, dime si él te conoce la mitad, dime si él te ama la mitad, de lo que te ama este loco, que dejaste en libertad. Dime si él te conoce la mitad, dime si él te ama la mitad, de lo que te ama este loco, que dejaste en libertad. Y es que tanto te conozco, que hasta podría jurar, te mueres por regresar."
T1_TRAIN_0049,1933984,NM,M,0.9387755102040817,"
[Letra de ""Las Mujeres""]

[Intro: Cosculluela]
Con esta nos fuimos para el parque

[Refran: Cosculluela]
La disco esta fuletea'
Y todas las mujeres ya se reportaron
Mi combo viene detrás
Y todos los peine' y las cortas le entraron (El Princi)

[Pre-Estribillo: Cosculluela]
Y tú me dices si te atreves, que esta noche estoy pa' ti
Pide todo lo que quieres, que conmigo te sale free
Y tú me dices si te atreves, que esta noche estoy pa' ti
Pide todo lo que quieres, que conmigo te sale free, free, free

[Estribillo: Cosculluela]
Las mujeres ya se reportaron
Las mujeres ya se reportaron
Las mujeres ya se reportaron
Así que to's los tiguere' en la casa entraron
Las mujeres ya se reportaron
Las mujeres ya se reportaron
Las mujeres ya se reportaron
Así que to's los tiguere' en la casa entraron

[Verso 1: Cosculluela]
Los tiguere' llegaron a la casa furioso'
Mucha gata suelta, con mucho pegajosos
Sáquenme a los capos que nos vamos mamboso
Coscu está matando, na' misterioso
Con calma, con arma
Y con to's los juguetes que le quedan
Dentro de la disco sin que nadie lo sepa
No tengo guantes, nunca saco la guepa'
Hasta que las botellas se me trepan
Ahí es que guayamos, entramos en el nivel que deseamos
Los jefes de los jefes, nunca nos calentamos
Salimos por la misma puerta por donde llegamos
Pero Mueka todavía no nos vamos, porque

[Estribillo: Cosculluela]
Las mujeres ya se reportaron
Las mujeres ya se reportaron
Las mujeres ya se reportaron
Así que to's los tiguere' en la casa entraron
Las mujeres ya se reportaron
Las mujeres ya se reportaron
Las mujeres ya se reportaron
Así que to's los tiguere' en la casa entraron

[Verso 2: Cosculluela]
Y la noche parti'a, se reportaron todas las mujeres
Tu estas escapada de tu casa, que no se enteren
Que esta noche hasta que se exploten los amperajes
Así que por la horilla, tranquilita seré
Pon las manos arriba las mujeres solteras
Pero sin quitarle los ojos a la cartera
Hay mucho ninja rápido como pantera
Y a las tres de la mañana le brincan a cualquiera
Pon las manos arriba las mujeres solteras
Pero sin quitarle los ojos a la cartera
Hay mucho ninja rápido como pantera
Y a las tres de la mañana le brincan a cualquiera (Mami, vamos a bailar)

[Refran: Cosculluela]
La disco esta fuletea' (sI)
Y todas las mujeres ya se reportaron (Oh, no)
Mi combo viene detrás
Y todos los peine' y las cortas le entraron (El Princi)

[Pre-Estribillo: Cosculluela]
Y tú me dices si te atreves, que esta noche estoy pa' ti
Pide todo lo que quieres, que conmigo te sale free
Y tú me dices si te atreves, que esta noche estoy pa' ti
Pide todo lo que quieres, que conmigo te sale free, free, free

[Estribillo: Cosculluela]
Las mujeres ya se reportaron (El Cerebrrro)
Las mujeres ya se reportaron (Dale suave que los tiguere están en la casa)
Las mujeres ya se reportaron
Las mujeres ya se reportaron
Las mujeres ya se reportaron
Las mujeres ya se reportaron
Así que to's los tiguere' en la casa entraron (Jajaj), yeah, yeah","Con esta nos fuimos para el parque. La disco esta fuletea', y todas las mujeres ya se reportaron, mi combo viene detrás, y todos los peine' y las cortas le entraron El Princi. Y tú me dices si te atreves, que esta noche estoy pa' ti, pide todo lo que quieres, que conmigo te sale free, y tú me dices si te atreves, que esta noche estoy pa' ti, pide todo lo que quieres, que conmigo te sale free, free, free. Las mujeres ya se reportaron, las mujeres ya se reportaron, las mujeres ya se reportaron, así que to's los tiguere' en la casa entraron, las mujeres ya se reportaron, las mujeres ya se reportaron, las mujeres ya se reportaron, así que to's los tiguere' en la casa entraron. Los tiguere' llegaron a la casa furioso', mucha gata suelta, con mucho pegajosos, sáquenme a los capos que nos vamos mamboso, coscu está matando, na' misterioso, con calma, con arma, y con to's los juguetes que le quedan, dentro de la disco sin que nadie lo sepa, no tengo guantes, nunca saco la guepa', hasta que las botellas se me trepan, ahí es que guayamos, entramos en el nivel que deseamos, los jefes de los jefes, nunca nos calentamos, salimos por la misma puerta por donde llegamos, pero Mueka todavía no nos vamos, porque. Las mujeres ya se reportaron, las mujeres ya se reportaron, las mujeres ya se reportaron, así que to's los tiguere' en la casa entraron, las mujeres ya se reportaron, las mujeres ya se reportaron, las mujeres ya se reportaron, así que to's los tiguere' en la casa entraron. Y la noche parti'a, se reportaron todas las mujeres, tu estas escapada de tu casa, que no se enteren, que esta noche hasta que se exploten los amperajes, así que por la horilla, tranquilita seré, pon las manos arriba las mujeres solteras, pero sin quitarle los ojos a la cartera, hay mucho ninja rápido como pantera, y a las tres de la mañana le brincan a cualquiera, pon las manos arriba las mujeres solteras, pero sin quitarle los ojos a la cartera, hay mucho ninja rápido como pantera, y a las tres de la mañana le brincan a cualquiera Mami, vamos a bailar. La disco esta fuletea' sI, y todas las mujeres ya se reportaron Oh, no, mi combo viene detrás, y todos los peine' y las cortas le entraron El Princi. Y tú me dices si te atreves, que esta noche estoy pa' ti, pide todo lo que quieres, que conmigo te sale free, y tú me dices si te atreves, que esta noche estoy pa' ti, pide todo lo que quieres, que conmigo te sale free, free, free. Las mujeres ya se reportaron El Cerebrrro, las mujeres ya se reportaron Dale suave que los tiguere están en la casa, las mujeres ya se reportaron, las mujeres ya se reportaron, las mujeres ya se reportaron, las mujeres ya se reportaron, así que to's los tiguere' en la casa entraron Jajaj, yeah, yeah."
T1_TRAIN_0068,1404939,M,NM,0.8648648648648649,"o tengo, tengo, tengo
[Letra de ""Pobre Diabla""]

[Coro]
Pobre diabla
Se dice que se te ha visto por la calle vagando
Llorando por un hombre que no vale un centavo
Pobre diabla, llora por un pobre diablo
¡Eliel! Esto e' pa' lo' bachatero'

[Coro]
Pobre diabla
Se dice que se te ha visto por la calle vagando
Llorando por un hombre que no vale un centavo
Pobre diabla, llora por un pobre diablo

[Verso 1]
Que no te valorizó nunca
Y que nunca lo hará
Que solo te hizo llorar
Pero tú lo amas
Que no te valorizó
Cuando con besos te hechizó
Que solo te utilizó
Y hasta te embarazó

[Coro]
Pobre diabla
Se dice que se te ha visto por la calle vagando
Llorando por un hombre que no vale un centavo
Pobre diabla, llora por un pobre diablo

[Verso 2]
Se te ve llorar, llorar, solo llorar, llorar
Ya no bailas más
Llorar, todo es llorar, llorar

[Coro]
Pobre diabla
Se dice que se te ha visto por la calle vagando
Llorando por un hombre que no vale un centavo
Pobre diabla, llora por un pobre diablo

[Puente]
¡Eliel!
Pa' lo' de la bachata
Solo estoy contigo
Solo estoy contigo
Solo estoy contigo
Solo estoy contigo
Pa' lo de Monte Cristi
Pa' lo' tiguere' de la República

[Verso 1]
Que no te valorizó nunca
Y que nunca lo hará
Que solo te hizo llorar
Pero tú lo amas
Que no te valorizó
Cuando con besos te hechizó
Que solo te utilizó
Y hasta te embarazó
A ti

[Coro]
Pobre diabla
Se dice que se te ha visto por la calle vagando
Llorando por un hombre que no vale un centavo
Pobre diabla, llora por un pobre diablo

[Pos-Coro]
Pobre diabla llora por mi
Que soy tu pobre diablo
Pobre diabla llora por mi
Que soy tu pobre diablo
Pobre diabla llora por mi
Que soy tu pobre diablo

[Outro]
¡Eliel!
Tú sabe'
Pobre diabla
Yo tengo, tengo, tengo
Pobre diabla
Pobre diabla, yo tengo, tengo, tengo
Yo tengo, tengo, tengo
Yo tengo, tengo, tengo
Yo tengo, tengo, tengo
Yo tengo, tengo, tengo","o tengo, tengo, tengo. Pobre diabla, se dice que se te ha visto por la calle vagando, llorando por un hombre que no vale un centavo, pobre diabla, llora por un pobre diablo, ąEliel! Esto e' pa' lo' bachatero'. Pobre diabla, se dice que se te ha visto por la calle vagando, llorando por un hombre que no vale un centavo, pobre diabla, llora por un pobre diablo. Que no te valorizó nunca, y que nunca lo hará, que solo te hizo llorar, pero tú lo amas, que no te valorizó, cuando con besos te hechizó, que solo te utilizó, y hasta te embarazó. Pobre diabla, se dice que se te ha visto por la calle vagando, llorando por un hombre que no vale un centavo, pobre diabla, llora por un pobre diablo. Se te ve llorar, llorar, solo llorar, llorar, ya no bailas más, llorar, todo es llorar, llorar. Pobre diabla, se dice que se te ha visto por la calle vagando, llorando por un hombre que no vale un centavo, pobre diabla, llora por un pobre diablo. ĄEliel!, pa' lo' de la bachata, solo estoy contigo, solo estoy contigo, solo estoy contigo, solo estoy contigo, pa' lo de Monte Cristi, pa' lo' tiguere' de la República. Que no te valorizó nunca, y que nunca lo hará, que solo te hizo llorar, pero tú lo amas, que no te valorizó, cuando con besos te hechizó, que solo te utilizó, y hasta te embarazó, a ti. Pobre diabla, se dice que se te ha visto por la calle vagando, llorando por un hombre que no vale un centavo, pobre diabla, llora por un pobre diablo. Pobre diabla llora por mi, que soy tu pobre diablo, pobre diabla llora por mi, que soy tu pobre diablo, pobre diabla llora por mi, que soy tu pobre diablo. ĄEliel!, tú sabe', pobre diabla, yo tengo, tengo, tengo, pobre diabla, pobre diabla, yo tengo, tengo, tengo, yo tengo, tengo, tengo, yo tengo, tengo, tengo, yo tengo, tengo, tengo, yo tengo, tengo, tengo."
T1_TRAIN_0080,1962500,NM,M,0.9428571428571428,"
[Letra de ""Juana Peña""]

Ella era una mujer
Que a muchos hombres había engañado
Pero un día vino un hombre
Que con un beso la traicionó
Y ese hombre nunca había querído
Y por ese fué que Juana Peña lloró

Y dicen que los años
Como la nieve fueron pasando;
Ella seguía llorando
Por ese amor que nunca llegó
Ay! Juana Peña ahora me lloras
Ahora me llora y no te quiero yo

[Coro]
Era bonita pero traidora, tu ve
(Juana peña ahora me llora)
Ay juana peña ahora me llora
(Juana peña ahora me llora)
Eh... no tiene corazón y le falta solución
(Juana peña ahora me llora)
Eh... juana peña
(Juana peña ahora me llora)
Ahora ahora me llora
(Juana peña ahora me llora)
Ya no te quiero fuera fuera borrachona
(Juana peña ahora me llora)
Era traidora era traidora
(Juana peña ahora me llora)
Eh eh eh Juana Peña

[Instrumental]

[Coro]
(Juana peña ahora me llora)
Eh...
(Juana peña ahora me llora)
Eh ...que no me llores que no me llores mas
(Juana peña ahora me llora)
Ven ven ven ven ven juana peña ahora
(Juana peña ahora me llora)
Aeh aeh aeh... traidora
(Juana peña ahora me llora)
Eh... que no me llore mas que no me llores mas
(Juana peña ahora me llora)
Que no te quiero que no te quiero traidora

[Instrumental]

[Coro]
(Juana peña ahora me llora)
(Juana peña ahora me llora)
(Juana peña ahora me llora)
(Juana peña ahora me llora)
(Juana peña ahora me llora)
(Juana peña ahora me llora)
(Juana peña ahora me llora)
(Juana peña ahora me llora)
(Juana peña ahora me llora)","Ella era una mujer, que a muchos hombres había engañado, pero un día vino un hombre, que con un beso la traicionó, y ese hombre nunca había querído, y por ese fué que Juana Peña lloró, y dicen que los años, como la nieve fueron pasando;, ella seguía llorando, por ese amor que nunca llegó, ay! Juana Peña ahora me lloras, ahora me llora y no te quiero yo. Era bonita pero traidora, tu ve, juana peña ahora me llora, ay juana peña ahora me llora, juana peña ahora me llora, eh... no tiene corazón y le falta solución, juana peña ahora me llora, eh... juana peña, juana peña ahora me llora, ahora ahora me llora, juana peña ahora me llora, ya no te quiero fuera fuera borrachona, juana peña ahora me llora, era traidora era traidora, juana peña ahora me llora, eh eh eh Juana Peña. Juana peña ahora me llora, eh..., juana peña ahora me llora, eh ...que no me llores que no me llores mas, juana peña ahora me llora, ven ven ven ven ven juana peña ahora, juana peña ahora me llora, aeh aeh aeh... traidora, juana peña ahora me llora, eh... que no me llore mas que no me llores mas, juana peña ahora me llora, que no te quiero que no te quiero traidora. Juana peña ahora me llora, juana peña ahora me llora, juana peña ahora me llora, juana peña ahora me llora, juana peña ahora me llora, juana peña ahora me llora, juana peña ahora me llora, juana peña ahora me llora, juana peña ahora me llora."
T1_TRAIN_0096,965972,M,NM,0.9393939393939394,"
[Letra de ""Usted""]

[Verso]
Usted es la culpable
De todas mis angustias y todos mis quebrantos
Usted lleno mi vida
De dulces inquietudes y amargos desencantos

[Pre-Coro]
Su amor es como un grito
Que llevo aquí en mi alma y aquí en mi corazón
Y soy, aunque no quiera
Esclavo de sus ojos, juguete de su amor

[Coro]
No juegue con mis penas, ni con mis sentimientos
Que es lo único que tengo
Usted es mi esperanza, mi última esperanza
Comprenda de una vez
Usted me desespera
Me mata, me enloquece
Y hasta la vida diera por vencer el miedo
De besarla a usted

[Pre-Coro]
Su amor es como un grito
Que llevo aquí en mi alma y aquí en mi corazón
Y soy, aunque no quiera
Esclavo de sus ojos, juguete de su amor

[Coro]
No juegue con mis penas, ni con mis sentimientos
Que es lo único que tengo
Usted es mi esperanza, mi última esperanza
Comprenda de una vez
Usted me desespera
Me mata, me enloquece
Y hasta la vida diera por vencer el miedo
De besarla a usted
Usted me desespera
Me mata, me enloquece
Y hasta la vida diera por vencer el miedo
De besarla a usted","Usted es la culpable, de todas mis angustias y todos mis quebrantos, usted lleno mi vida, de dulces inquietudes y amargos desencantos, su amor es como un grito, que llevo aquí en mi alma y aquí en mi corazón, y soy, aunque no quiera, esclavo de sus ojos, juguete de su amor, no juegue con mis penas, ni con mis sentimientos, que es lo único que tengo, usted es mi esperanza, mi última esperanza, comprenda de una vez, usted me desespera, me mata, me enloquece, y hasta la vida diera por vencer el miedo, de besarla a usted, su amor es como un grito, que llevo aquí en mi alma y aquí en mi corazón, y soy, aunque no quiera, esclavo de sus ojos, juguete de su amor, no juegue con mis penas, ni con mis sentimientos, que es lo único que tengo, usted es mi esperanza, mi última esperanza, comprenda de una vez, usted me desespera, me mata, me enloquece, y hasta la vida diera por vencer el miedo, de besarla a usted, usted me desespera, me mata, me enloquece, y hasta la vida diera por vencer el miedo, de besarla a usted."
T1_TRAIN_0100,1178005,M,NM,1.0,"
Amor de mi vida no te vayas pa' el colegio
Di que estás enferma y quédate un rato conmigo
Mira pa' el cielo que se están formando nuevos nubarrones
Y están cayendo las primeras gotas de un fuerte aguacero

Y tú bien sabes que cuando llueve
Nunca hay clase en el colegio
Y tú bien sabes que cuando llueve
Nunca hay clase en el colegio

Mira mi amor
Al besar tus labios, tus labios veo cerrar tus ojos
Yo te noto muy triste, muy triste y mañana me voy
Pero aquí en el alma yo me llevo
El recuerdo eterno de tus besos
Donde deposité todo mi amor
Ese amor que heredé de mis abuelos
Y que en mi pecho mas se engrandeció

Mira mi amor
Y por muy alto que vuele y se eleve el águila
Siempre regresa a su nido con precisión
Por muy lejos que yo me vaya
Siempre regreso a tu lado
Porque tú eres mi nido de amor
Amor que vas a perder
Cuando ya estemos casados

Ahora esta escampando se han mojado hasta los libros
Tiemblas en mis brazos azotada por el frío
Quiero fundirme en tu cuerpo de niña y brindarte el calor
Eres muy joven llena de secretos, no sabes de amor

Cuando te bese no tengas miedo
Que eso no se aprende en el colegio
Cuando te bese no tengas miedo
Que eso no se aprende en el colegio

Ya ceso la lluvia, aparece el sol
Brillan los arboles, que tarde bella
Mira como se crece el arroyito
Como corren alegres sus aguas
Hacia mucho tiempo no le llovía
Así debe crecerse nuestro amor
Ser un ejemplo de pureza vida mía

Mira mi amor
Y por muy alto que vuele y se eleve el águila
Siempre regresa a su nido con precisión
Por muy lejos que yo me vaya
Siempre regreso a tu lado
Porque tú eres mi nido de amor
Amor que vas a perder
Cuando ya estemos casados","Amor de mi vida no te vayas pa' el colegio, di que estás enferma y quédate un rato conmigo, mira pa' el cielo que se están formando nuevos nubarrones, y están cayendo las primeras gotas de un fuerte aguacero, y tú bien sabes que cuando llueve, nunca hay clase en el colegio, y tú bien sabes que cuando llueve, nunca hay clase en el colegio, mira mi amor, al besar tus labios, tus labios veo cerrar tus ojos, yo te noto muy triste, muy triste y mañana me voy, pero aquí en el alma yo me llevo, el recuerdo eterno de tus besos, donde deposité todo mi amor, ese amor que heredé de mis abuelos, y que en mi pecho mas se engrandeció, mira mi amor, y por muy alto que vuele y se eleve el águila, siempre regresa a su nido con precisión, por muy lejos que yo me vaya, siempre regreso a tu lado, porque tú eres mi nido de amor, amor que vas a perder, cuando ya estemos casados, ahora esta escampando se han mojado hasta los libros, tiemblas en mis brazos azotada por el frío, quiero fundirme en tu cuerpo de niña y brindarte el calor, eres muy joven llena de secretos, no sabes de amor, cuando te bese no tengas miedo, que eso no se aprende en el colegio, cuando te bese no tengas miedo, que eso no se aprende en el colegio, ya ceso la lluvia, aparece el sol, brillan los arboles, que tarde bella, mira como se crece el arroyito, como corren alegres sus aguas, hacia mucho tiempo no le llovía, así debe crecerse nuestro amor, ser un ejemplo de pureza vida mía, mira mi amor, y por muy alto que vuele y se eleve el águila, siempre regresa a su nido con precisión, por muy lejos que yo me vaya, siempre regreso a tu lado, porque tú eres mi nido de amor, amor que vas a perder, cuando ya estemos casados."
T1_TRAIN_0102,5239110,NM,M,1.0,"
Te besaba y tu decias que me querias
Te deseaba y entre mis brazos tu delirabas
Y yo (y yo, y yo) yo era feliz
No entiendo porque ame
A quien de ortos antes fue
Aquella que gozaba en otros brazos por placer
Yo sufrí tu falacia, yo sufrí tu traición

Porque no entendiste que te amaba de verdad
Porque no comprendiste que mi vida te entregue
Hoy solo te queda en cualquiera refugiar
La triste miseria de tu amor

Porque no entendiste que te amaba de verdad
Porque no comprendiste que mi vida te entregue
Hoy solo te queda en cualquiera refugiar
La triste miseria de tu amor

No entiendo porque ame
A quien de ortos antes fue
Aquella que gozaba en otros brazos por placer
Yo sufrí tu falacia, yo sufrí tu traición

Porque no entendiste que te amaba de verdad
Porque no comprendiste que mi vida te entregue
Hoy solo te queda en cualquiera refugiar
La triste miseria de tu amor

Porque no entendiste que te amaba de verdad
Porque no comprendiste que mi vida te entregue
Hoy solo te queda en cualquiera refugiar
La triste miseria de tu amor (de tu amor)","Te besaba y tu decias que me querias, te deseaba y entre mis brazos tu delirabas, y yo y yo, y yo yo era feliz, no entiendo porque ame, a quien de ortos antes fue, aquella que gozaba en otros brazos por placer, yo sufrí tu falacia, yo sufrí tu traición, porque no entendiste que te amaba de verdad, porque no comprendiste que mi vida te entregue, hoy solo te queda en cualquiera refugiar, la triste miseria de tu amor, porque no entendiste que te amaba de verdad, porque no comprendiste que mi vida te entregue, hoy solo te queda en cualquiera refugiar, la triste miseria de tu amor, no entiendo porque ame, a quien de ortos antes fue, aquella que gozaba en otros brazos por placer, yo sufrí tu falacia, yo sufrí tu traición, porque no entendiste que te amaba de verdad, porque no comprendiste que mi vida te entregue, hoy solo te queda en cualquiera refugiar, la triste miseria de tu amor, porque no entendiste que te amaba de verdad, porque no comprendiste que mi vida te entregue, hoy solo te queda en cualquiera refugiar, la triste miseria de tu amor de tu amor."
T1_TRAIN_0122,7624122,NM,M,0.9150943396226415," no me verán por aquí
[Letra de ""Los Botones Azules""]

[Verso 1: Junior H & Luis R. Conriquez]
Puros botones azules son los que meneo yo
Aquí en La Finiquera ando siempre tranquilón
Traemos la plaza y la balanza si me pesa hoy
Mi gente siempre está al pendiente, si me marcan voy
¿Qué quieres que haga si mi 'apá me hizo un garañón?
Me pegué un baise de gelato, qué regañadón

[Coro: Luis R. Conriquez & Junior H]
Ando en lo malo, mi hermano, creo que me agarraron
Con todo el broncón, ahora sí
Traigo instinto de venado y no ando lampareado
Ya no le he jalado al cuеrnito
Y si piensan que aquí se ha acabado, еn el viaje he quedado
Ya no me verán por aquí

[Interludio]
Y ahí le va, compa Luis R
Puro Junior H
Y fierro mi compa Junior H
Bien jalados, viejo

[Verso 2: Luis R. Conriquez & Junior H]
Los pasaportes no se ocupan por el desierto
Una blindada es requerida para la misión
Una morena, que esté bien buena
Pero que esté bien puesta para cualquier situación

[Coro: Luis R. Conriquez & Junior H]
Ando en lo malo, mi hermano, creo que me agarraron
Con todo el broncón, ahora sí
Traigo instinto de venado y no ando lampareado
Ya no le he jalado al cuernito
Y si piensan que aquí se ha acabado, en el viaje he quedado
Ya no me verán por aquí","no me verán por aquí. Puros botones azules son los que meneo yo, aquí en La Finiquera ando siempre tranquilón, traemos la plaza y la balanza si me pesa hoy, mi gente siempre está al pendiente, si me marcan voy, ¿Qué quieres que haga si mi 'apá me hizo un garañón?, me pegué un baise de gelato, qué regañadón. Ando en lo malo, mi hermano, creo que me agarraron, con todo el broncón, ahora sí, traigo instinto de venado y no ando lampareado, ya no le he jalado al cuernito, y si piensan que aquí se ha acabado, en el viaje he quedado, ya no me verán por aquí. Y ahí le va, compa Luis R, puro Junior H, y fierro mi compa Junior H, bien jalados, viejo. Los pasaportes no se ocupan por el desierto, una blindada es requerida para la misión, una morena, que esté bien buena, pero que esté bien puesta para cualquier situación. Ando en lo malo, mi hermano, creo que me agarraron, con todo el broncón, ahora sí, traigo instinto de venado y no ando lampareado, ya no le he jalado al cuernito, y si piensan que aquí se ha acabado, en el viaje he quedado, ya no me verán por aquí."
T1_TRAIN_0128,3635907,NM,M,0.9279279279279279,"
[Letra de ""Si Te Vas Conmigo""]

[Intro]
Lu'-Lu'-Lunay
Yeah
No no no no no no no no

[Coro]
Dime si te vas conmigo
Si no viene' te lo va' a perder
Si me sigues yo te sigo
Tu mirada te delata, bebé
Dime si te vas conmigo
Si no viene' te lo va' a perder
Si me sigues yo te sigo (Yo te sigo)
Tu mirada te delata, bebé

[Verso 1]
Hay algo que me atrae de ti
Por eso quiero verte pa' tener aquí
Siempre dices que no, pero yo sé que sí
Ven y dame un poco de eso
De ti no quiero un receso

[Puente]
Y báilame como si fuera
La última vez que contigo estuviera
Déjate llevar, vamos a hacerlo a mi manera
Entre nosotros no hubo fuego, todo fue una balacera

[Coro]
Dime si te vas conmigo
Si no viene' te lo va' a perder
Si me sigues yo te sigo
Tu mirada te delata, bebé
Dime si te vas conmigo
Si no viene' te lo va' a perder
Si me sigues yo te sigo
Tu mirada te delata, bebé

[Verso 2]
Ay, baby, ven, ponte pa' mí
Dime si tú estás como yo estoy pa' ti
Tira la señal y nos vamos de aquí
Sabes que entre todas yo a ti te escogí (Entre todas)
Tranquila que no habrán testigos
Porque si me sigues, no habrá nadie más
Ya tú me tienes como un loco bebiendo y pensando
Si esta noche conmigo te quedarás

[Puente]
Y báilame como si fuera (Fuera)
La última vez que contigo estuviera (-tuviera)
Déjate llevar, vamos a hacerlo a mi manera
Entre nosotros no hubo fuego, todo fue una balacera

[Coro]
Dime si te vas conmigo
Si no viene' te lo va' a perder
Si me sigues yo te sigo
Tu mirada te delata, bebé
Dime si te vas conmigo
Si no viene' te lo va' a perder
Si me sigues yo te sigo
Tu mirada te delata, bebé

[Outro]
Ah, ah
Lu'-Lu'-Lunay
Ah, Chris Jeday
Gaby Music
Huztle The Magic Rhythms
Baby, ven, ponte pa' mí
Dime si tú estás como yo estoy pa' ti
Tira la señal y nos vamos de aquí
Sabes que entre todas yo a ti te escogí
Lu'-Lu'-Lunay","Lu'-Lu'-Lunay, yeah, no no no no no no no no, dime si te vas conmigo, si no viene' te lo va' a perder, si me sigues yo te sigo, tu mirada te delata, bebé, dime si te vas conmigo, si no viene' te lo va' a perder, si me sigues yo te sigo Yo te sigo, tu mirada te delata, bebé, hay algo que me atrae de ti, por eso quiero verte pa' tener aquí, siempre dices que no, pero yo sé que sí, ven y dame un poco de eso, de ti no quiero un receso, y báilame como si fuera, la última vez que contigo estuviera, déjate llevar, vamos a hacerlo a mi manera, entre nosotros no hubo fuego, todo fue una balacera, dime si te vas conmigo, si no viene' te lo va' a perder, si me sigues yo te sigo, tu mirada te delata, bebé, dime si te vas conmigo, si no viene' te lo va' a perder, si me sigues yo te sigo, tu mirada te delata, bebé, ay, baby, ven, ponte pa' mí, dime si tú estás como yo estoy pa' ti, tira la señal y nos vamos de aquí, sabes que entre todas yo a ti te escogí Entre todas, tranquila que no habrán testigos, porque si me sigues, no habrá nadie más, ya tú me tienes como un loco bebiendo y pensando, si esta noche conmigo te quedarás, y báilame como si fuera Fuera, la última vez que contigo estuviera -tuviera, déjate llevar, vamos a hacerlo a mi manera, entre nosotros no hubo fuego, todo fue una balacera, dime si te vas conmigo, si no viene' te lo va' a perder, si me sigues yo te sigo, tu mirada te delata, bebé, dime si te vas conmigo, si no viene' te lo va' a perder, si me sigues yo te sigo, tu mirada te delata, bebé, ah, ah, lu'-Lu'-Lunay, ah, Chris Jeday, gaby Music, huztle The Magic Rhythms, baby, ven, ponte pa' mí, dime si tú estás como yo estoy pa' ti, tira la señal y nos vamos de aquí, sabes que entre todas yo a ti te escogí, lu'-Lu'-Lunay."
T1_TRAIN_0130,2080081,NM,M,0.9855072463768116,".
Sientate ahi y espera que yo pase,para que veas el fruto de nuestras entrañas, no te permito ni un beso ni una caricia
Oye mira ,yo no porque manchaste el nombre de este hombre que es un padre
Sientate ahi y espera que yo pase,para que veas el fruto de nuestras entrañas, no te permito ni un beso ni una caricia
Oye mira ,yo no porque manchaste el nombre de este hombre que es un padre
Alala…
Tu manchaste el nombre de este hombre pobre hombre que es un padre
Ese niñito lo tengo yo,cosa buena y yo soy quien lo va a querer
(sientate ahi para que veas al nene)
Esta grandotote va a la escuela cosa linda y va a la escuela solo solo solo se viene
(sientate ahi para que veas al nene)
Como ,ahi…..
Sientate ahi, sientate ahi
(sientate ahi para que veas al nene)
Yo se muy bien que tu em quieres y por eso niñito buscare a otra que me qu iera
(sientate ahi para que veas al nene)
Sientate ……. para que veas al nene
Llevatela………..","Sientate ahi y espera que yo pase,para que veas el fruto de nuestras entrañas, no te permito ni un beso ni una caricia, oye mira ,yo no porque manchaste el nombre de este hombre que es un padre, sientate ahi y espera que yo pase,para que veas el fruto de nuestras entrañas, no te permito ni un beso ni una caricia, oye mira ,yo no porque manchaste el nombre de este hombre que es un padre, alala–Ś, tu manchaste el nombre de este hombre pobre hombre que es un padre, ese niñito lo tengo yo,cosa buena y yo soy quien lo va a querer, sientate ahi para que veas al nene, esta grandotote va a la escuela cosa linda y va a la escuela solo solo solo se viene, sientate ahi para que veas al nene, como ,ahi–Ś.., sientate ahi, sientate ahi, sientate ahi para que veas al nene, yo se muy bien que tu em quieres y por eso niñito buscare a otra que me qu iera, sientate ahi para que veas al nene, sientate –Ś–Ś. para que veas al nene, llevatela–Ś–Ś–Ś–Ś.."
T1_TRAIN_0161,491069,NM,M,0.9714285714285714,"
[Letra de ""Intro""]

[Intro: Denise Nouvion & Yung Beef]
When will we know it's enough?
When will we know it's enough? Ah
Shout-out pa' todo' los sere' inertes de este universo, ah
Free my nigga Fale, biatch, ah
Yung Beef
Steve Lean, ah
Check it

[Verso: Yung Beef & Denise Nouvion]
Me puso las tijera' en el cuello (Uh)
Loco, no llevo ni tre' eurillo' (Ah)
No ve' este (No ve')
Tú te coge' un Chester (Eh)
Dios me está mirando como si tengo la peste (Ah)
Hermano, eso último estaba to' malo (Eso e' mierda, eh)
¿Ahora qué hacemo', nos matamo'? (¿O qué?)
Me cago en mis muerto' ca' una que me habéis hecho
Me acuerdo y me quema por dentro (Ay; when will we know it's enough?)
Cosas que han pasa'o (Ah), que ya no hay marcha atrá' (Na)
Es por eso que estoy haciendo trap (Trap boomin')
Fumando en el parque, con la nueve detrá' (My nine)
¿Qué polla habláis de trap? Si vivís con la mamá (E' fake'; when will we know it's enough?)
Llorando por dentro, fregando plato'
En el hood no hay amigo', solo hay trash (Trash)
Otra lágrima en mi mama y por la mama que lo mato (Por la mama)
Culero' y capo' comiendo del mismo plato (And that's it, ay)
Que le follen a lo' aviso' de desahucio (Fuck that)
Ven pa' mi barrio y te hacen la del Romário (Goofy)
La virgen del Rosario, un santuario (Ja)
Mis rachets te echan mal fario
Me dicen: ""Pa' ser una rata tienes buen vocabulario"" (Yeah, yeah)
Pregúntale a quien quiera', que venimo' de cero (De cero)
Que no somo' como eso' embustero' (No)
Yo sin ti soy un ánge' en el Infierno (Uh)
Y contigo un demonio en el cielo (Ah-ah)
Se mueren de envidia (Ey), te matan por flush (Por celo')
Puta, quiero que seas tú quien me apague la luz (Tú)
Me estoy quemando en ese fuego azul (Me estoy quemando)
All these ratchets on me, I can't feel my soul (I can't feel my soul; ah, no)
(When will we know it's enough?)
To'as esas yolis en mí, ya no siento el alma, no (No siento el alma; ah, no)
All these ratchets on me, I can't feel my soul (Biatch)

[Outro: Denise Nouvion & Yung Beef]
(When will we know it's enough?)
Ah, ah (Ey)
No, no siento mi alma
Ah (Ah)
Six trillion ratchets on my dick, ah (Ratchets)
Ah, hacen que no pueda senti' el alma (Uh)
Ah","When will we know it's enough?, when will we know it's enough? Ah, shout-out pa' todo' los sere' inertes de este universo, ah, free my nigga Fale, biatch, ah, yung Beef, steve Lean, ah, check it. Me puso las tijera' en el cuello Uh, loco, no llevo ni tre' eurillo' Ah, no ve' este No ve', tú te coge' un Chester Eh, dios me está mirando como si tengo la peste Ah, hermano, eso último estaba to' malo Eso e' mierda, eh, ¿Ahora qué hacemo', nos matamo'? ¿O qué?, me cago en mis muerto' ca' una que me habéis hecho, me acuerdo y me quema por dentro Ay; when will we know it's enough?, cosas que han pasa'o Ah, que ya no hay marcha atrá' Na, es por eso que estoy haciendo trap Trap boomin', fumando en el parque, con la nueve detrá' My nine, ¿Qué polla habláis de trap? Si vivís con la mamá E' fake'; when will we know it's enough?, llorando por dentro, fregando plato', en el hood no hay amigo', solo hay trash Trash, otra lágrima en mi mama y por la mama que lo mato Por la mama, culero' y capo' comiendo del mismo plato And that's it, ay, que le follen a lo' aviso' de desahucio Fuck that, ven pa' mi barrio y te hacen la del Romário Goofy, la virgen del Rosario, un santuario Ja, mis rachets te echan mal fario, me dicen: Pa' ser una rata tienes buen vocabulario Yeah, yeah, pregúntale a quien quiera', que venimo' de cero De cero, que no somo' como eso' embustero' No, yo sin ti soy un ánge' en el Infierno Uh, y contigo un demonio en el cielo Ah-ah, se mueren de envidia Ey, te matan por flush Por celo', puta, quiero que seas tú quien me apague la luz Tú, me estoy quemando en ese fuego azul Me estoy quemando, all these ratchets on me, I can't feel my soul I can't feel my soul; ah, no, when will we know it's enough?, to'as esas yolis en mí, ya no siento el alma, no No siento el alma; ah, no, all these ratchets on me, I can't feel my soul Biatch. When will we know it's enough?, ah, ah Ey, no, no siento mi alma, ah Ah, six trillion ratchets on my dick, ah Ratchets, ah, hacen que no pueda senti' el alma Uh, que le follen a lo' aviso' de desahucio Fuck that, ven pa' mi barrio y te hacen la del Romário Goofy, la virgen del Rosario, un santuario Ja, mis rachets te echan mal fario, me dicen: Pa' ser una rata tienes buen vocabulario Yeah, yeah, pregúntale a quien quiera', que venimo' de cero De cero, que no somo' como eso' embustero' No, yo sin ti soy un ánge' en el Infierno Uh, y contigo un demonio en el cielo Ah-ah, se mueren de envidia Ey, te matan por flush Por celo', puta, quiero que seas tú quien me apague la luz Tú, me estoy quemando en ese fuego azul Me estoy quemando, all these ratchets on me, I can't feel my soul I can't feel my soul; ah, no, when will we know it's enough?, to'as esas yolis en mí, ya no siento el alma, no No siento el alma; ah, no, all these ratchets on me, I can't feel my soul Biatch, when will we know it's enough?, ah, ah Ey, no, no siento mi alma, ah Ah, six trillion ratchets on my dick, ah Ratchets, ah, hacen que no pueda senti' el alma Uh."
T1_TRAIN_0175,4451399,NM,M,0.9705882352941176,"
[Letra de ""Se Te Olvida""]

[Intro]
Se te olvida
Que me quieres a pesar de lo que dices
Pues llevamos en el alma cicatrices
Imposibles de borrar

Se te olvida
Que yo puedo hacerte mal si me decido
Pues tu amor lo tengo muy comprometido
Pero a fuerza no sera

Y hoy resulta
Que no soy de la estatura de tu vida
Y al soñar otros amores
Se te olvida
Que hay un pacto entre los dos

Por mi parte
Te devuelvo tu promesa de adorarme
Ni siquiera sientas penas por dejarme
Que ese pacto
No es con Dios

Y hoy resulta
Que no soy de la estatura de tu vida
Y al soñar otros amores
Se te olvida
Que hay un pacto entre los dos

Por mi parte
Te devuelvo tu promesa de adorarme
Ni siquiera sientas penas por dejarme
Que ese pacto
No es con Dios","Se te olvida, que me quieres a pesar de lo que dices, pues llevamos en el alma cicatrices, imposibles de borrar, se te olvida, que yo puedo hacerte mal si me decido, pues tu amor lo tengo muy comprometido, pero a fuerza no sera, y hoy resulta, que no soy de la estatura de tu vida, y al soñar otros amores, se te olvida, que hay un pacto entre los dos, por mi parte, te devuelvo tu promesa de adorarme, ni siquiera sientas penas por dejarme, que ese pacto, no es con Dios, y hoy resulta, que no soy de la estatura de tu vida, y al soñar otros amores, se te olvida, que hay un pacto entre los dos, por mi parte, te devuelvo tu promesa de adorarme, ni siquiera sientas penas por dejarme, que ese pacto, no es con Dios."
T1_TRAIN_0179,3648351,NM,M,0.9358974358974359,"[Letra de ""El Pompo""]

[Intro]
Wepa el mismo Krisspy
Hehe, Yeha
Huh, wey
Yeha, huh, mami

[Verso 1]
A mi me gusta bailar
El pompo que vino nuevo
Pue' si no lo bailo ahora
Seguro que yo me muero

[Estribillo]
A sobarle el pompo, a sobarle el pompo
A sobarle el pompo, a sobarle el pompo
A sobarle el pompo, a sobarle el pompo
Ampliando, el bombazo ataca Extra, extra

[Verso 2]
Cuando yo ´taba chiquito
Mi mamá me hacia mangú
Y ahora después de grande
Majo yo y majo tu
¿Ay Krisspy tu ´tá majando?
Señore' no majen mucho eso, uno mofongo grandisimo que se hacen Ah

[Estribillo]
A sobarle el pompo, a sobarle el pompo
A sobarle el pompo, a sobarle el pompo
A sobarle el pompo, a sobarle el pompo
Huh, wey
Agarreme e´to ahora, uy
Es el mismo Krisspy, con El Bombazo tipico (si)
Wepa, huh, huh
No son iguale
Escucha y no compare

[Verso 3]
Espino cerramo e' yuca
Narices de bombolon
Pestaña, burro celoso
Se ´taba poniendo viejo
Ay Krisspy, miralo ¿eh?, miralo ¿eh?

[Estribillo]
A sobarle el pompo, a sobarle el pompo
A sobarle el pompo, a sobarle el pompo
A sobarle el pompo, a sobarle el pompo
Huh, wey
El frente local El Bombazo
Oye Brally, [?] ese tonto, Brally
Ay Brally
Huh, wey, si
Ay Brally, otra ve' Brally, ay Brally
Huh, wey
Arolla, [?]

[Verso 4]
La mujere' de este tiempo
Te brinda todo su amor
Pero e' pa' que tu le de
Lo' cinco mil del salon
Ay ¿como que cinco mil, si yo na' ma' le dí quiniento, a esa mira?
¡¿Quinientos?! Si
Quiniento no dan ni pa rakata, ni pun chinchin carajo

[Estribillo]
A sobarle el pompo, a sobarle el pompo
A sobarle el pompo, a sobarle el pompo
A sobarle el pompo, a sobarle el pompo
Huh, wey
Bombazo, ay, ay, ay, ay
Arolla Joshua
Que se quite de ahí, ese pinche pajá
JM, yeah, palomo
Huh, yeah
[?] Brandon, a volon pichones, que llego papa

[Verso 5]
Una novia que tenia
Se hizo una operación
Ay fue que yo descubrí
Que'l tipo era... Wey, wey, wey
'Perate
Que'l tipo era un marinero (Aah)

[Outro]
Wepa","Wepa el mismo Krisspy, hehe, Yeha, huh, wey, yeha, huh, mami. A mi me gusta bailar, el pompo que vino nuevo, pue' si no lo bailo ahora, seguro que yo me muero. A sobarle el pompo, a sobarle el pompo, a sobarle el pompo, a sobarle el pompo, a sobarle el pompo, a sobarle el pompo, ampliando, el bombazo ataca Extra, extra. Cuando yo ´taba chiquito, mi mamá me hacia mangú, y ahora después de grande, majo yo y majo tu, ¿Ay Krisspy tu ´tá majando?, señore' no majen mucho eso, uno mofongo grandisimo que se hacen Ah. A sobarle el pompo, a sobarle el pompo, a sobarle el pompo, a sobarle el pompo, a sobarle el pompo, a sobarle el pompo, huh, wey, agarreme e´to ahora, uy, es el mismo Krisspy, con El Bombazo tipico si, wepa, huh, huh, no son iguale, escucha y no compare. Espino cerramo e' yuca, narices de bombolon, pestaña, burro celoso, se ´taba poniendo viejo, ay Krisspy, miralo ¿eh?, miralo ¿eh?. A sobarle el pompo, a sobarle el pompo, a sobarle el pompo, a sobarle el pompo, a sobarle el pompo, a sobarle el pompo, huh, wey, el frente local El Bombazo, oye Brally,  ese tonto, Brally, ay Brally, huh, wey, si, ay Brally, otra ve' Brally, ay Brally, huh, wey, arolla,. La mujere' de este tiempo, te brinda todo su amor, pero e' pa' que tu le de, lo' cinco mil del salon, ay ¿como que cinco mil, si yo na' ma' le dí quiniento, a esa mira?, ą¿Quinientos! Si, quiniento no dan ni pa rakata, ni pun chinchin carajo. A sobarle el pompo, a sobarle el pompo, a sobarle el pompo, a sobarle el pompo, a sobarle el pompo, a sobarle el pompo, huh, wey, bombazo, ay, ay, ay, ay, arolla Joshua, que se quite de ahí, ese pinche pajá, jM, yeah, palomo, huh, yeah, brandon, a volon pichones, que llego papa. Una novia que tenia, se hizo una operación, ay fue que yo descubrí, que'l tipo era... Wey, wey, wey, 'Perate, que'l tipo era un marinero Aah. Wepa."
T1_TRAIN_0192,3639534,NM,M,0.9649805447470817,"[Letra de ""La Deuda""]

[Coro: Messiah]
(Si te veo en la disco y no tienes mi cuarto te voy a hacer un lio)
Si te veo en la disco y no tienes mi cuarto te voy a hacer un lio
Y no quiero cotorra, yo no cojo cheque, quiero mi efectivo
No te quiero fronteando comprando botella con lo' cuarto mío'
Que te doy una semana pa' tu que me pague, no e' problema mío

Quiero mi efectivo, quiero mi efectivo
No quiero cotorra, yo no cojo cheque, quiero mi efectivo
No te quiero fronteando comprando botella con lo' cuarto mío'
Que te doy una semana pa' tu que me pague, no e' problema mío

[Verso 1: Lápiz Conciente]
Sin habladera de mierda, búscame to', se venció el plazo
Que si ustedes meten mano, son, yo meto to' el brazo
No me pague con ""Te quiero mucho"", ni dándome abrazos
Pa' no hacer una llamada, y lluevan pila' de balazo'
Manso muchacho, hazme caso
No quieras ver de que son capaces los tiguerasos
Hay muchos que deben dinero, vendiéndole sueño' a lo' cueros
Devolviendo botellas en los clubes, todos saben que son paqueteros
Dame lo mío, evítate un lio
Mírame a la cara, siempre serio, no me río
En nadie confío, lo mío no lo fío
A ti te di el break porque tú eras de los mío

[Verso 2: Tali]
Tranquilo de lo mío
Yo te lo pico y lo tiro en el río
Tengo un cañón del tamaño de Pio
Que si tú me dice, yo le hago su lio, wow
Tengo una escopeta
Una DB9, yo le traje una orquesta
Ve como ellos ninguno comentan
Llegaron Los Tigers, esos locos si inventan
Tranquilo manilo, que son mis pupilos
Toditos copiaron mi estilo
Llegar a la cima y mátalo' a to' (Oh)
Esa fue la alternativa
¿Cómo se siente tener un cañón en la casa
Sabiendo que yo soy la para?
Tú tienes mucho que no me ha paga'o esa cuenta
Nos vemos mañana

[Coro: Messiah]
Si te veo en la disco y no tiene mi cuarto te voy hacer un lio
Y no quiero cotorra, yo no cojo cheque, quiero mi efectivo
No te quiero fronteando comprando botella con lo' cuarto mío'
Que te doy una semana pa' que tu me pague, no e' problema mío

Quiero mi efectivo, quiero mi efectivo
No quiero cotorra, yo no cojo cheque, quiero mi efectivo
No te quiero fronteando comprando botella con lo' cuarto mío'
Que te doy una semana pa' tu que me pague, no e' problema mío

[Verso 3: Messiah]
Si nos topamos en la calle y no tiene mi feria te voy a dar problema
Y no le bajo a mi voltaje hasta que a mí me paguen lo que deban
Suave, Lápiz, 'tá to' frío, que yo finalizo esta deuda
Tali tú sabes que par de panas deben, vengo a hacer la recolecta
Muchos me deben el simple hecho, hasta de esta vaina poder producir
Le di el material para que se buscaran y mi cuarto tienen que retribuir
Si tu debe cóbrale con intereses, lo que vas a tener que restituir
No le va a ir bien al que sea mala paga y no sea de los míos, llévate de mí

[Puente: Messiah]
Tengo panas que te frenan con la fucka en tu casa
Pa' que busque el clavo te pegan la plancha
No me hables de PayPal, no me hables Cash App
Run up on you in the crib like ""Where your stash at?""

[Coro: Messiah]
Si te veo en la disco y no tiene mi cuarto te voy hacer un lio
Y no quiero cotorra, yo no cojo cheque, quiero mi efectivo
No te quiero fronteando comprando botella con lo' cuarto mío'
Que te doy una semana pa' que tu me pague, no e' problema mio

Quiero mi efectivo, quiero mi efectivo
No quiero cotorra, yo no cojo cheque, quiero mi efectivo
No te quiero fronteando comprando botella con lo' cuarto mío'
Que te doy una semana pa' tu que me pague, no e' problema mío

[Outro: Lápiz Conciente, Messiah, Tali]
Tali
Messiah
Lápiz Conciente
República Dominica
N-D-Y-R
Rap dominicano, del corazón pa' el micrófono
Trap
Los creadores
Messiah
One Love
Goya
OG Flack
Careta
Yagayai
24
Baby Inc
Linkon!
Tiger Gang
Xclusive!
¿Qué fue?
Ay!
Ah, Los Arquitectos","Si te veo en la disco y no tienes mi cuarto te voy a hacer un lio, si te veo en la disco y no tienes mi cuarto te voy a hacer un lio, y no quiero cotorra, yo no cojo cheque, quiero mi efectivo, no te quiero fronteando comprando botella con lo' cuarto mío', que te doy una semana pa' tu que me pague, no e' problema mío. Quiero mi efectivo, quiero mi efectivo, no quiero cotorra, yo no cojo cheque, quiero mi efectivo, no te quiero fronteando comprando botella con lo' cuarto mío', que te doy una semana pa' tu que me pague, no e' problema mío. Sin habladera de mierda, búscame to', se venció el plazo, que si ustedes meten mano, son, yo meto to' el brazo, no me pague con Te quiero mucho, ni dándome abrazos, pa' no hacer una llamada, y lluevan pila' de balazo', manso muchacho, hazme caso, no quieras ver de que son capaces los tiguerasos, hay muchos que deben dinero, vendiéndole sueño' a lo' cueros, devolviendo botellas en los clubes, todos saben que son paqueteros, dame lo mío, evítate un lio, mírame a la cara, siempre serio, no me río, en nadie confío, lo mío no lo fío, a ti te di el break porque tú eras de los mío. Tranquilo de lo mío, yo te lo pico y lo tiro en el río, tengo un cañón del tamaño de Pio, que si tú me dice, yo le hago su lio, wow, tengo una escopeta, una DB9, yo le traje una orquesta, ve como ellos ninguno comentan, llegaron Los Tigers, esos locos si inventan, tranquilo manilo, que son mis pupilos, toditos copiaron mi estilo, llegar a la cima y mátalo' a to' Oh, esa fue la alternativa, ¿Cómo se siente tener un cañón en la casa, sabiendo que yo soy la para?, tú tienes mucho que no me ha paga'o esa cuenta, nos vemos mañana. Si te veo en la disco y no tiene mi cuarto te voy hacer un lio, y no quiero cotorra, yo no cojo cheque, quiero mi efectivo, no te quiero fronteando comprando botella con lo' cuarto mío', que te doy una semana pa' que tu me pague, no e' problema mío. Quiero mi efectivo, quiero mi efectivo, no quiero cotorra, yo no cojo cheque, quiero mi efectivo, no te quiero fronteando comprando botella con lo' cuarto mío', que te doy una semana pa' tu que me pague, no e' problema mío. Si nos topamos en la calle y no tiene mi feria te voy a dar problema, y no le bajo a mi voltaje hasta que a mí me paguen lo que deban, suave, Lápiz, 'tá to' frío, que yo finalizo esta deuda, tali tú sabes que par de panas deben, vengo a hacer la recolecta, muchos me deben el simple hecho, hasta de esta vaina poder producir, le di el material para que se buscaran y mi cuarto tienen que retribuir, si tu debe cóbrale con intereses, lo que vas a tener que restituir, no le va a ir bien al que sea mala paga y no sea de los míos, llévate de mí. Tengo panas que te frenan con la fucka en tu casa, pa' que busque el clavo te pegan la plancha, no me hables de PayPal, no me hables Cash App, run up on you in the crib like Where your stash at?. Si te veo en la disco y no tiene mi cuarto te voy hacer un lio, y no quiero cotorra, yo no cojo cheque, quiero mi efectivo, no te quiero fronteando comprando botella con lo' cuarto mío', que te doy una semana pa' que tu me pague, no e' problema mio. Quiero mi efectivo, quiero mi efectivo, no quiero cotorra, yo no cojo cheque, quiero mi efectivo, no te quiero fronteando comprando botella con lo' cuarto mío', que te doy una semana pa' tu que me pague, no e' problema mío. Tali, messiah, lápiz Conciente, república Dominica, n-D-Y-R, rap dominicano, del corazón pa' el micrófono, trap, los creadores, messiah, one Love, goya, oG Flack, careta, yagayai, baby Inc, linkon!, tiger Gang, xclusive!, ¿Qué fue?, ay!, ah, Los Arquitectos."
T1_TRAIN_0201,2097043,M,NM,0.9577464788732394,"
En el barrio donde vivo
Hay una linda morena
En el barrio donde vivo
Hay una linda morena
Que está dispuesta a vender, una tremenda parcela
Que está dispuesta a vender, una tremenda parcela

(Chorusx2)
Yo te la compro
Yo te la compro
Yo te la compro por el precio que tú quieras
Yo te la compro
Yo te la compro
Yo te la compro por el precio que tú quieras
Me gusta su parcelita
Por que está bien preparada
Me gusta su parcelita
Por que está bien preparada
Por que tiene buena tierra
Y también tiene su agua
Por que tiene buena tierra
Y también tiene su agua

(Chorusx2)
Yo te la compro
Yo te la compro
Yo te la compro por el precio que tú quieras
Yo te la compro
Yo te la compro
Yo te la compro por el precio que tu quiera
No se la venda en enero
Aunque te pagen un millón
No se la venda en enero
Aunque te pagen un million
Yo te la quiero comprar
Por que soy agricultor
Yo te la quiero comprar
Por que soy agricultor

(Chorusx2)
Yo te la compro
Yo te la compro
Yo te la compro por el precio que tú quieras
Yo te la compro
Yo te la compro
Yo te la compro por el precio que tú quieras
Esa parcelita tuya
Yo la quiero para mí
Esa parcelita tuya
Yo la quiero para mí
Por que te lo juro mami
Que lo voy hacer producir
Por que te lo juro mami
Que lo voy hacer producir

(Chorus fading till song ends)
Yo te la compro
Yo te la compro(Antony santos)
Yo te la compro por el precio que tú quieras(Qué parcela tiene eh!?)
Yo te la compro
Yo te la compro
Yo te la compro por el precio que tú quieras","En el barrio donde vivo, hay una linda morena, en el barrio donde vivo, hay una linda morena, que está dispuesta a vender, una tremenda parcela, que está dispuesta a vender, una tremenda parcela, chorusx2, yo te la compro, yo te la compro, yo te la compro por el precio que tú quieras, yo te la compro, yo te la compro, yo te la compro por el precio que tú quieras, me gusta su parcelita, por que está bien preparada, me gusta su parcelita, por que está bien preparada, por que tiene buena tierra, y también tiene su agua, por que tiene buena tierra, y también tiene su agua, chorusx2, yo te la compro, yo te la compro, yo te la compro por el precio que tú quieras, yo te la compro, yo te la compro, yo te la compro por el precio que tu quiera, no se la venda en enero, aunque te pagen un millón, no se la venda en enero, aunque te pagen un million, yo te la quiero comprar, por que soy agricultor, yo te la quiero comprar, por que soy agricultor, chorusx2, yo te la compro, yo te la compro, yo te la compro por el precio que tú quieras, yo te la compro, yo te la compro, yo te la compro por el precio que tú quieras, esa parcelita tuya, yo la quiero para mí, esa parcelita tuya, yo la quiero para mí, por que te lo juro mami, que lo voy hacer producir, por que te lo juro mami, que lo voy hacer producir, chorus fading till song ends, yo te la compro, yo te la comproAntony santos, yo te la compro por el precio que tú quierasQué parcela tiene eh?, yo te la compro, yo te la compro, yo te la compro por el precio que tú quieras."
T1_TRAIN_0203,3838653,NM,M,0.9506172839506173,"ow, pow)
Panter Music
[Letra de ""Si te vas""]

[Intro]
No importa cuándo me llama'
Si es de noche o madrugada
Porque para ti no estoy
Sé que los celos te ganan
Pero igual no somos nada
Así que olvídate, mi amor

[Pre-Estribillo]
Ya no muero por ti, yeah
No me muero por ti, yeah
Hay muchas mujere' que son mejore' que vo'
Ya no quiero verte nunca má'

[Estribillo]
Y ahora dime si te vas
No te pienso ir a buscar, -ar
Está' loca por tenerme (-nerme)
Y ahora ya no quiero verte, verte
Y ahora dime si te vas
No te pienso ir a buscar, -ar
Está' loca por tenerme (-nerme)
Y ahora ya no quiero verte, verte

[Verso 1]
Cuando me ve (Ve) se acuerda que (Que)
Yo se lo hago muy bien (Bien, bien)
Quiere volver
Quiere tener lo que no puede tener (No, no)
No puede entender (No-oh)
No debe querer aceptar que esto ya fue (Yeah, yeah, yeah)
Mala mujer, mala mujer
Ahora te toca perder ahora no voy a caer en tu juego
Pero sos vo' la que va a caer a mis pie'
Pidiendo por favor volver, pero no va a suceder
Aunque no te puedas borrar todas esas marcas de Rimmel
Así que sola, sola
Te vas a quedar ahora, -hora
Voy a alejarme de los problemas (Wuh)
Quiero disfrutar la noche entera (Wuh)
Ya no quiero que me jo-o-oda'
Por lo meno' por aho-o-ora
(Y si me hablá' quiero que sea solo pa' decirme)

[Estribillo]
Si te vas
No te pienso ir a buscar, -ar
Está' loca por tenerme (-nerme)
Y ahora ya no quiero verte, verte
Y ahora dime si te vas
No te pienso ir a buscar, -ar
Está' loca por tenerme (-nerme)
Y ahora ya no quiero verte, verte

[Verso 2]
Te valoré sin saber que (Sin saber que)
Cuando estaba' conmigo otra boca tú besaste
Tú me olvidaste
Tú me fallaste
Y ahora la culpa es la que me pe-pe-pe-persigue a todas parte'
Una noche de alcohol, de locura y traición
Ahora hicieron que a vos se te olvide
Todo lo-lo-lo que hoy te estás lamentando
Y me pedís perdón pero te dije que no, no, no, no
Baby, te dije que no

[Pre-Estribillo]
Ya no muero por ti, yeah
No me muero por ti, yeah
Hay mucha' mujere' que son mejore' que vo'
Ya no quiero verte nunca má'

[Estribillo]
Y ahora dime si te vas
No te pienso ir a buscar, -ar
Está' loca por tenerme (-nerme)
Y ahora ya no quiero verte, verte
Y ahora dime si te vas
No te pienso ir a buscar, -ar
Está' loca por tenerme (-nerme)
Y ahora ya no quiero verte, verte

[Outro]
Nahuel Oliveira (Yeah)
Dj Tao (Pow, pow)
Panter Music","ow, pow, panter Music. No importa cuándo me llama', si es de noche o madrugada, porque para ti no estoy, sé que los celos te ganan, pero igual no somos nada, así que olvídate, mi amor. Ya no muero por ti, yeah, no me muero por ti, yeah, hay muchas mujere' que son mejore' que vo', ya no quiero verte nunca má'. Y ahora dime si te vas, no te pienso ir a buscar, -ar, está' loca por tenerme -nerme, y ahora ya no quiero verte, verte, y ahora dime si te vas, no te pienso ir a buscar, -ar, está' loca por tenerme -nerme, y ahora ya no quiero verte, verte. Cuando me ve Ve se acuerda que Que, yo se lo hago muy bien Bien, bien, quiere volver, quiere tener lo que no puede tener No, no, no puede entender No-oh, no debe querer aceptar que esto ya fue Yeah, yeah, yeah, mala mujer, mala mujer, ahora te toca perder ahora no voy a caer en tu juego, pero sos vo' la que va a caer a mis pie', pidiendo por favor volver, pero no va a suceder, aunque no te puedas borrar todas esas marcas de Rimmel, así que sola, sola, te vas a quedar ahora, -hora, voy a alejarme de los problemas Wuh, quiero disfrutar la noche entera Wuh, ya no quiero que me jo-o-oda', por lo meno' por aho-o-ora, y si me hablá' quiero que sea solo pa' decirme. Si te vas, no te pienso ir a buscar, -ar, está' loca por tenerme -nerme, y ahora ya no quiero verte, verte, y ahora dime si te vas, no te pienso ir a buscar, -ar, está' loca por tenerme -nerme, y ahora ya no quiero verte, verte. Te valoré sin saber que Sin saber que, cuando estaba' conmigo otra boca tú besaste, tú me olvidaste, tú me fallaste, y ahora la culpa es la que me pe-pe-pe-persigue a todas parte', una noche de alcohol, de locura y traición, ahora hicieron que a vos se te olvide, todo lo-lo-lo que hoy te estás lamentando, y me pedís perdón pero te dije que no, no, no, no, baby, te dije que no. Ya no muero por ti, yeah, no me muero por ti, yeah, hay mucha' mujere' que son mejore' que vo', ya no quiero verte nunca má'. Y ahora dime si te vas, no te pienso ir a buscar, -ar, está' loca por tenerme -nerme, y ahora ya no quiero verte, verte, y ahora dime si te vas, no te pienso ir a buscar, -ar, está' loca por tenerme -nerme, y ahora ya no quiero verte, verte. Nahuel Oliveira Yeah, dj Tao Pow, pow, panter Music."
T1_TRAIN_0212,2062202,M,NM,0.9080459770114943,"
[Letra de ""Te quiero para mí""]

[Verso 1]
Te estoy queriendo cada día más
Cada momento estoy pensando en ti
Me siento triste cuando tú no estás
Solo en tus brazos puedo ser feliz

[Verso 2]
Te quiero tanto que no importa ya
Lo que la gente diga de los dos
Los que nos juzgan nunca lograrán
Que estemos separados tú y yo

[Coro]
Te quiero para mí
Tan solo para mí
Tú has sido de verdad
Mi gran amor

Te quiero para mí (Te estoy queriendo cada día más)
Tan solo para mí (Cada momento estoy pensando en ti)
No necesito más (Me siento triste cuando tú no estás)
Para vivir (Solo en tus brazos soy feliz)

[Verso 3]
Desde el momento en que te conocí
Cambio mi vida y me enamoré
En cuerpo y alma me he entregado a ti
Siempre a tu lado te he seguido fiel

[Verso 4]
Como se quiere a libertad
Como se quiere el calor del sol
Como se quiere el fuego del hogar
Más que a la vida te he querido yo

[Coro]
Te quiero para mí
Tan solo para mí
Tú has sido de verdad
Mi gran amor

Te quiero para mí (Te estoy queriendo cada día más)
Tan solo para mí (Cada momento estoy pensando en ti)
No necesito más (Me siento triste cuando tú no estás)
Para vivir (Solo en tus brazos soy feliz)

[Outro]
Te quiero para mí (Te estoy queriendo cada día más)
Tan solo para mí (Cada momento estoy pensando en ti)
Tú has sido de verdad (Me siento triste cuando tú no estás)
Mi gran amor (Solo en tus brazos soy feliz)

Te quiero para mí (Te estoy queriendo cada día más)
Tan solo para mí (Cada momento estoy pensando en ti)
No necesito más (Me siento triste cuando tú no estás)
Para vivir","Te estoy queriendo cada día más, cada momento estoy pensando en ti, me siento triste cuando tú no estás, solo en tus brazos puedo ser feliz, te quiero tanto que no importa ya, lo que la gente diga de los dos, los que nos juzgan nunca lograrán, que estemos separados tú y yo, te quiero para mí, tan solo para mí, tú has sido de verdad, mi gran amor. Te quiero para mí Te estoy queriendo cada día más, tan solo para mí Cada momento estoy pensando en ti, no necesito más Me siento triste cuando tú no estás, para vivir Solo en tus brazos soy feliz, desde el momento en que te conocí, cambio mi vida y me enamoré, en cuerpo y alma me he entregado a ti, siempre a tu lado te he seguido fiel, como se quiere a libertad, como se quiere el calor del sol, como se quiere el fuego del hogar, más que a la vida te he querido yo, te quiero para mí, tan solo para mí, tú has sido de verdad, mi gran amor. Te quiero para mí Te estoy queriendo cada día más, tan solo para mí Cada momento estoy pensando en ti, no necesito más Me siento triste cuando tú no estás, para vivir Solo en tus brazos soy feliz, te quiero para mí Te estoy queriendo cada día más, tan solo para mí Cada momento estoy pensando en ti, tú has sido de verdad Me siento triste cuando tú no estás, mi gran amor Solo en tus brazos soy feliz. Te quiero para mí Te estoy queriendo cada día más, tan solo para mí Cada momento estoy pensando en ti, no necesito más Me siento triste cuando tú no estás, para vivir."
T1_TRAIN_0215,4071695,M,NM,0.9351851851851852,"
[Letra de ""Vas A Quedarte""]

[Verso 1]
Yo sé que fue por mí que acabó esta historia
Y queda en manos de mi memoria
Que por las noches te pueda ver
¿Por qué nunca admití estar enamorada?
Siempre lo supe y no dije nada
Mi corazón se quiso esconder

[Pre-Estribillo]
Dirá la gente que yo estoy loca
Si yo estoy loca es porque andas en mi cabeza
Quise obligarme a olvidar tu boca
Y ahora mi boca dirá que si tú regresas

[Estribillo]
Vas a quedarte
Porque te juro que esta vez voy a cuidarte
A nuestra historia le hace falta una segunda parte
Aunque nos digan que eso nunca sale bien
Vas a quedarte
Yo haré de todo por volver a enamorarte
Yo tengo miedo porque nunca pude reemplazarte
Y si lo intentas te prometo que esta vez
Vas a quedarte

[Verso 2]
Yo que me acostumbré a estar arrepentida
Sigo esperando a que llegue el día
En el que decidas volverme a ver
¿Por qué nunca admití estar enamorada?
Siempre lo supe y no dije nada
Quise gritarlo y no dije nada

[Pre-Estribillo]
Dirá la gente que yo estoy loca
Si yo estoy loca es porque andas en mi cabeza
Quise obligarme a olvidar tu boca
Y ahora mi boca dirá que si tú regresas

[Estribillo]
Vas a quedarte
Porque te juro que esta vez voy a cuidarte
A nuestra historia le hace falta una segunda parte
Aunque nos digan que eso nunca sale bien
Vas a quedarte
Yo haré de todo por volver a enamorarte
Yo tengo miedo porque nunca pude reemplazarte
Y si lo intentas te prometo que esta vez
Vas a quedarte

[Puente]
Porque aunque sé que te perdí, yo iré a buscarte
Y sé que no podré dormir hasta encontrarte
Le prometí a mi corazón volverte a ver

[Estribillo]
Vas a quedarte
Y haré de todo por volver a enamorarte
Yo tengo miedo porque nunca pude reemplazarte (no, oh)
Y si lo intentas te prometo que esta vez
Vas a quedarte
Vas a quedarte","Yo sé que fue por mí que acabó esta historia, y queda en manos de mi memoria, que por las noches te pueda ver, ¿Por qué nunca admití estar enamorada?, siempre lo supe y no dije nada, mi corazón se quiso esconder. Dirá la gente que yo estoy loca, si yo estoy loca es porque andas en mi cabeza, quise obligarme a olvidar tu boca, y ahora mi boca dirá que si tú regresas. Vas a quedarte, porque te juro que esta vez voy a cuidarte, a nuestra historia le hace falta una segunda parte, aunque nos digan que eso nunca sale bien, vas a quedarte, yo haré de todo por volver a enamorarte, yo tengo miedo porque nunca pude reemplazarte, y si lo intentas te prometo que esta vez, vas a quedarte. Yo que me acostumbré a estar arrepentida, sigo esperando a que llegue el día, en el que decidas volverme a ver, ¿Por qué nunca admití estar enamorada?, siempre lo supe y no dije nada, quise gritarlo y no dije nada. Dirá la gente que yo estoy loca, si yo estoy loca es porque andas en mi cabeza, quise obligarme a olvidar tu boca, y ahora mi boca dirá que si tú regresas. Vas a quedarte, porque te juro que esta vez voy a cuidarte, a nuestra historia le hace falta una segunda parte, aunque nos digan que eso nunca sale bien, vas a quedarte, yo haré de todo por volver a enamorarte, yo tengo miedo porque nunca pude reemplazarte, y si lo intentas te prometo que esta vez, vas a quedarte. Porque aunque sé que te perdí, yo iré a buscarte, y sé que no podré dormir hasta encontrarte, le prometí a mi corazón volverte a ver. Vas a quedarte, y haré de todo por volver a enamorarte, yo tengo miedo porque nunca pude reemplazarte no, oh, y si lo intentas te prometo que esta vez, vas a quedarte, vas a quedarte."
T1_TRAIN_0243,4011197,NM,M,0.9349593495934959,"
[Letra de ""Lindo Pero Bruto""]

[Intro: Thalía & Lali]
Thalía (Woh-oh-oh-oh, oh-oh-oh-oh)
Lali (Oh-oh-oh-oh)

[Verso 1: Thalía & Lali]
Llegaste en tu carrito deportivo y dije ""Llegó Cupido""
A solo dos segundos de mirarte, ya me habías convencido
Con tus gafitas oscuras, reloj elegante, pero de la China
Lanzaste un par de frases de internet, de esas recién aprendidas

[Pre-Coro: Thalía & Lali]
Tú tienes el cuerpo duro y el cerebro en blanco
¿Por qué no te lees un librito de vez en cuando?

[Coro: Thalía & Lali]
Eres lindo, pero bruto
Seduces, pero solo con el bulto
En el bolsillo solo hay sencillo
Calladito es que te veo más bonito
Eres lindo, pero bruto
Tú tienes el talento bien oculto
Estás bien rico para un ratico
No me digas nada y solo dame el gusto

[Verso 2: Thalía & Lali]
Dame el gusto, soy Thalía, mucho gusto
Pero no me hables tanto, baby, porque me asusto
¿Esta noche qué haces? Ven y me complaces
Tú está' bueno pa' que hagamos desastres
Vamos a formar un alboroto, algo divertido
Vamos a jugar al escondido
Armemos destrozos, llenemos el pozo
Tú eres bruto, papi, pero sabroso

[Pre-Coro: Thalía & Lali]
Tú tienes el cuerpo duro y el cerebro en blanco
¿Por qué no te lees un librito de vez en cuando?

[Coro: Thalía & Lali]
Eres lindo, pero bruto
Seduces, pero solo con el bulto
En el bolsillo solo hay sencillo
Calladito es que te veo más bonito
Eres lindo, pero bruto
Tú tienes el talento bien oculto
Estás bien rico para un ratico
No me digas nada y solo dame el gusto

[Puente: Thalía & Lali]
Solo pégate un rato y pa-pa-pa
Pégate un rato y pa-pa-pa
Ah, mmm, eh (Ven, dale, dale)
Solo pégate un rato y pam-pam-pam
Pégate un rato y pam-pam-pam
Oh, mmm, eh

[Coro: Thalía & Lali, Thalía]
Eres lindo, pero bruto
Seduces, pero solo con el bulto
En el bolsillo solo hay sencillo
Calladito es que te veo más bonito
Eres lindo, pero bruto
Tú tienes el talento bien oculto
Estás bien rico para un ratico
No me digas nada y solo dame el gusto","Thalía Woh-oh-oh-oh, oh-oh-oh-oh, lali Oh-oh-oh-oh, llegaste en tu carrito deportivo y dije Llegó Cupido, a solo dos segundos de mirarte, ya me habías convencido, con tus gafitas oscuras, reloj elegante, pero de la China, lanzaste un par de frases de internet, de esas recién aprendidas, tú tienes el cuerpo duro y el cerebro en blanco, ¿Por qué no te lees un librito de vez en cuando?, eres lindo, pero bruto, seduces, pero solo con el bulto, en el bolsillo solo hay sencillo, calladito es que te veo más bonito, eres lindo, pero bruto, tú tienes el talento bien oculto, estás bien rico para un ratico, no me digas nada y solo dame el gusto, dame el gusto, soy Thalía, mucho gusto, pero no me hables tanto, baby, porque me asusto, ¿Esta noche qué haces? Ven y me complaces, tú está' bueno pa' que hagamos desastres, vamos a formar un alboroto, algo divertido, vamos a jugar al escondido, armemos destrozos, llenemos el pozo, tú eres bruto, papi, pero sabroso, tú tienes el cuerpo duro y el cerebro en blanco, ¿Por qué no te lees un librito de vez en cuando?, eres lindo, pero bruto, seduces, pero solo con el bulto, en el bolsillo solo hay sencillo, calladito es que te veo más bonito, eres lindo, pero bruto, tú tienes el talento bien oculto, estás bien rico para un ratico, no me digas nada y solo dame el gusto, solo pégate un rato y pa-pa-pa, pégate un rato y pa-pa-pa, ah, mmm, eh Ven, dale, dale, solo pégate un rato y pam-pam-pam, pégate un rato y pam-pam-pam, oh, mmm, eh, eres lindo, pero bruto, seduces, pero solo con el bulto, en el bolsillo solo hay sencillo, calladito es que te veo más bonito, eres lindo, pero bruto, tú tienes el talento bien oculto, estás bien rico para un ratico, no me digas nada y solo dame el gusto."
T1_TRAIN_0245,6182936,NM,M,0.9239130434782609,"
[Letra de ""Me Matas""]

[Verso 1]
Es que la neta me encantas
De pies a cabeza me matas
Conquistas con tu mirada
Tú cuerpo es el que me atrapa
Vete, déjalo, hermosa
Apuesto que ni te da rosas
Seré cosa contagiosa
Complacerte a todas horas

[Interludio Instrumental]

[Verso 2]
Qué difícil es mirarte
Sin poder yo enamorarme
No he conocido a nadie
Que me tiene loco bastante
Quiero robarte esta noche
Besarte mientras tiempo corre
No hay amor, solo emociones
Nuestro secreto sin dolores

[Interludio Instrumental]

[Verso 3]
Nadie podrá compararte
Tus besos no me los da nadie
Como me los das instante
Contigo veo que no hay escape
Soy malo y tú lo sabes
Pero te gusta que soy así
Baby aún no te marches
Hay que repetirlo otra vez","Es que la neta me encantas, de pies a cabeza me matas, conquistas con tu mirada, tú cuerpo es el que me atrapa, vete, déjalo, hermosa, apuesto que ni te da rosas, seré cosa contagiosa, complacerte a todas horas. Qué difícil es mirarte, sin poder yo enamorarme, no he conocido a nadie, que me tiene loco bastante, quiero robarte esta noche, besarte mientras tiempo corre, no hay amor, solo emociones, nuestro secreto sin dolores. Nadie podrá compararte, tus besos no me los da nadie, como me los das instante, contigo veo que no hay escape, soy malo y tú lo sabes, pero te gusta que soy así, baby aún no te marches, hay que repetirlo otra vez."
T1_TRAIN_0286,9305334,NM,M,0.9320987654320988,"
[Letra de ""La Hookah""]

[Intro: Eladio Carrión & Gotay ""El Autentiko""]
(No me mienta', no me diga' que tú ere' feliz con él
Eso no e' lo que tu amiga me dice; uh-uh
Lo que tu amiga me dice)
No te diste cuenta lo cabrón que estaba' hasta que yo no estaba
¿Qué yo iba a esperar por ti? ¿Baby, qué tú pensaba'? (¿Qué tú pensaba'?)
Yo siempre trataba (Uh-uh) y tú nunca nada (Nada)
La' palabra' sin accione' solo son hablada'

[Coro: Gotay ""El Autentiko"" & Eladio Carrión, Ambos]
Pero sí fuma' hookah (Hookah), yeah
Dice que no, pero sí bebe me busca (Sí bebe me busca), yeah
No me mienta', no me diga' que tú ere' feliz con él (Con él)
Eso no e' lo que tu amiga me dice (Eh-eh)
Sendo mamabicho lo que he visto de él (Visto de él)
No se sabe lo' truquito' que te hice
Y cuando fuma hookah
Y cuando llueve me dice que le gusta (Ah-ah; yeah)

[Verso 1: Eladio Carrión]
Tú no está' feliz con ese man
No me olvida ni tomándose Clonazepam
Se monta conmigo cuando sus amiga' se van
Somo' polos opuesto' por eso pegamo' como imán, yeah
Mami, no te aleje', si siempre vira'
Puedo ser tu Tony con el money y tú Elvira
Si tú quiere' estar conmigo entonces por qué tira'
Habla mierda de mí, pero nunca me olvida
Tú solo me quiere' porque tú no amas na'
Labios compartidos, pero yo no soy Mana
Sin corazón tú ere' una carita na' má'
Por qué sigues con él como dice el de Panamá

[Coro: Eladio Carrión & Gotay ""El Autentiko"", Ambos]
Pero sí fuma' hookah, yeah
Dice que no, pero sí bebe me busca (Sí bebe me busca), yeah
No me mienta', no me diga' que tú ere' feliz con él (Con él)
Eso no e' lo que tu amiga me dice (Eh-eh)
Sendo mamabicho lo que he visto de él (Visto de él)
No se sabe lo' truquito' que te hice
Y cuando fuma hookah
Y cuando llueve me dice que le gusta (Gusta; Gotay)

[Verso 2: Gotay ""El Autentiko""]
No sé qué te han dicho de mí
Ni sé por qué ere' así
Sé que te gusta andar con él
Nunca olvida' como te di
En el amor tú no sabe' dónde está' parada
No me llame' porque te chequean las llamada'
No me ronque', que tú tiene' hora de llegada
Y lo que extrañas en tu cama es como yo te daba
No me diga' que tú ere' feliz con él
Si como yo no hay do', nadie como yo
Que tú me llamara', baby, me sorprendió
Tú siempre fuiste mía no fue que él te perdió
Sí bebe y fuma hookah, siempre me busca
Las cosa' que te hago, baby, no te asustan
Quiero castigarte por tu mala conducta
Lo malo e' que te gusta

[Coro: Gotay ""El Autentiko"" & Eladio Carrión, Gotay ""El Autentiko""]
No me mienta', no me diga' que tú ere' feliz con él (Con él)
Eso no e' lo que tu amiga me dice (Eh-eh)
Sendo mamabicho lo que he visto de él (Visto de él)
No se sabe lo' truquito' que te hice
Y cuando fuma hookah
Y cuando llueve me dice que le gusta (Gusta)

[Outro: Gotay ""El Autentiko"" & Eladio Carrión]
Gotay
Dímelo, Cheve
Legendary","No me mienta', no me diga' que tú ere' feliz con él, eso no e' lo que tu amiga me dice; uh-uh, lo que tu amiga me dice, no te diste cuenta lo cabrón que estaba' hasta que yo no estaba, ¿Qué yo iba a esperar por ti? ¿Baby, qué tú pensaba'? ¿Qué tú pensaba'?, yo siempre trataba Uh-uh y tú nunca nada Nada, la' palabra' sin accione' solo son hablada'. Pero sí fuma' hookah Hookah, yeah, dice que no, pero sí bebe me busca Sí bebe me busca, yeah, no me mienta', no me diga' que tú ere' feliz con él Con él, eso no e' lo que tu amiga me dice Eh-eh, sendo mamabicho lo que he visto de él Visto de él, no se sabe lo' truquito' que te hice, y cuando fuma hookah, y cuando llueve me dice que le gusta Ah-ah; yeah. Tú no está' feliz con ese man, no me olvida ni tomándose Clonazepam, se monta conmigo cuando sus amiga' se van, somo' polos opuesto' por eso pegamo' como imán, yeah, mami, no te aleje', si siempre vira', puedo ser tu Tony con el money y tú Elvira, si tú quiere' estar conmigo entonces por qué tira', habla mierda de mí, pero nunca me olvida, tú solo me quiere' porque tú no amas na', labios compartidos, pero yo no soy Mana, sin corazón tú ere' una carita na' má', por qué sigues con él como dice el de Panamá. Pero sí fuma' hookah, yeah, dice que no, pero sí bebe me busca Sí bebe me busca, yeah, no me mienta', no me diga' que tú ere' feliz con él Con él, eso no e' lo que tu amiga me dice Eh-eh, sendo mamabicho lo que he visto de él Visto de él, no se sabe lo' truquito' que te hice, y cuando fuma hookah, y cuando llueve me dice que le gusta Gusta; Gotay. No sé qué te han dicho de mí, ni sé por qué ere' así, sé que te gusta andar con él, nunca olvida' como te di, en el amor tú no sabe' dónde está' parada, no me llame' porque te chequean las llamada', no me ronque', que tú tiene' hora de llegada, y lo que extrañas en tu cama es como yo te daba, no me diga' que tú ere' feliz con él, si como yo no hay do', nadie como yo, que tú me llamara', baby, me sorprendió, tú siempre fuiste mía no fue que él te perdió, sí bebe y fuma hookah, siempre me busca, las cosa' que te hago, baby, no te asustan, quiero castigarte por tu mala conducta, lo malo e' que te gusta. No me mienta', no me diga' que tú ere' feliz con él Con él, eso no e' lo que tu amiga me dice Eh-eh, sendo mamabicho lo que he visto de él Visto de él, no se sabe lo' truquito' que te hice, y cuando fuma hookah, y cuando llueve me dice que le gusta Gusta. Gotay, dímelo, Cheve, legendary."
T1_TRAIN_0314,1112244,M,NM,0.9,"
[Letra de ""El Amar y El Querer""]

[Verso 1]
Casi todos sabemos querer
Pero pocos sabemos amar
Y es que amar y querer no es igual
Amar es sufrir, querer es gozar
El que ama pretende servir
El que ama su vida la da
Y el que quiere pretende vivir
Y nunca sufrir, y nunca sufrir

[Coro]
El que ama no puede pensar
Todo lo da, todo lo da
El que quiere pretende olvidar
Y nunca llorar, y nunca llorar
El querer pronto puede acabar
El amor no conoce el final
Es que todos sabemos querer
Pero pocos sabemos amar

[Verso 2]
El amar es el cielo y la luz
El amar es total plenitud
Es el mar que no tiene final
Es la gloria y la paz, es la gloria y la paz
El querer es la carne y la flor
Es buscar el obscuro rincón
Es morder, arañar y besar
Es deseo fugaz, es deseo fugaz

[Coro]
El que ama no puede pensar
Todo lo da, todo lo da
El que quiere pretende olvidar
Y nunca llorar, y nunca llorar
El querer pronto puede acabar
El amor no conoce el final
Es que todos sabemos querer
Pero pocos sabemos amar
El que ama no puede pensar
Todo lo da, todo lo da
El que quiere pretende olvidar
Y nunca llorar, y nunca llorar
El querer pronto puede acabar
El amor no conoce el final
Es que todos sabemos querer
Pero pocos sabemos amar","Casi todos sabemos querer, pero pocos sabemos amar, y es que amar y querer no es igual, amar es sufrir, querer es gozar, el que ama pretende servir, el que ama su vida la da, y el que quiere pretende vivir, y nunca sufrir, y nunca sufrir, el que ama no puede pensar, todo lo da, todo lo da, el que quiere pretende olvidar, y nunca llorar, y nunca llorar, el querer pronto puede acabar, el amor no conoce el final, es que todos sabemos querer, pero pocos sabemos amar, el amar es el cielo y la luz, el amar es total plenitud, es el mar que no tiene final, es la gloria y la paz, es la gloria y la paz, el querer es la carne y la flor, es buscar el obscuro rincón, es morder, arañar y besar, es deseo fugaz, es deseo fugaz, el que ama no puede pensar, todo lo da, todo lo da, el que quiere pretende olvidar, y nunca llorar, y nunca llorar, el querer pronto puede acabar, el amor no conoce el final, es que todos sabemos querer, pero pocos sabemos amar, el que ama no puede pensar, todo lo da, todo lo da, el que quiere pretende olvidar, y nunca llorar, y nunca llorar, el querer pronto puede acabar, el amor no conoce el final, es que todos sabemos querer, pero pocos sabemos amar."
T1_TRAIN_0355,3673509,NM,M,0.959349593495935,"
Letra de ""Que Tu Sabes De Esto"" ft. Myke Towers

[Verso 1: PJ Sin Suela]
Ustedes no suenan si no es un featuring
Todo lo que escupo apesta busquen el listerine
Sigan traduciendo canciones en inglés
Que yo tengo a las gringas comiendo arroz con biftec
Estoy puesto para el respeto no para la fama cabrón
Por eso les picheo a estos locos dame el Cy Young
Ustedes maman duro para sonar por ahí
Pero te juro que a mí me quieren en mi país
Y yo voy hacer historias entre barras; Nelson Mandela
O como El Manco de Lepanto que siga la escuela
Porque tengo a los nerdos escuchando a Biggie y a Tupi
Y a los chamaquitos de la calle estudiando en la UPI (UPR)
Ya le cogí el truqui a las mamis que buscan pauta
Siempre me cubro la cabeza como astronauta
No por falta de 02, si en esto soy un pro
Es que si nace otro yo se quedan si trabajo tooo's
Perdóname Dios los maté sin querer
Pero le juré al corillo que el mundo vamos a ver
Me voy a callar pues suelo ser muy honesto
Aunque la verdad no muere y si la olvidas te la refresco...

#QueTuSabesDeEsto (bis)

[Verso 2: Myke Towers]
Me respetan en los case, en los barrios y en las urbas
Soy desde donde te van apagar la luz si te alumbran
Brillo por la propia ustedes son la copia de la copia
El que me tire queda con distrofia
El pendejo se hace gangster y el gangster se hace el pendejo
A mi gordi no la dejo aunque me tiren las modelos
Porque aveces las más buenas te salen las más corvejo
Soy de los que los doy pero no sigue los consejos
Y él subió que gastó mil dos ($1,200) en unas yeezy
Y yo dándole descalzo a lo PJ se me hizo easy
Yo sonaré en lugares que ni hablan el español
Mi mai' ni se imagina la leyenda que parió
Ustedes no ganan ni con las fáciles
Que tu sabes de poner a capotiar a la que está en el passenger
Es más de poner a capotiar a todo el que no creyó
Mi música es como una enfermedad que a ti te contagió

¿QUÉ TU SABES DE ESTO? (BIS)

[Verso 3: PJ Sin Suela]
Hasta el menos que esperaba me dijo que le bajara
Que las masas tienen hambre que los alimentara
Y aunque disfrazara a un lobo de oveja de oreja a oreja
En el futuro les entregas al corderito en bandejas
Y si hay quejas no te explicas solo sigues rapeando
Matando a estos locos de negro como los changos
Si hay dos para el tango, vamos para el mambo
Si esta es la liga la estoy ""COACHANDO""
Y sigan bebiendo ""lean"" aunque quiero que lean
Actúan ""super mean"" pero me ven y se mean
Pues saben que para el respeto no tienen presupuesto
Y de eso soy millonario pero ¿QUÉ TU SABES DE ESTO?","Ustedes no suenan si no es un featuring, todo lo que escupo apesta busquen el listerine, sigan traduciendo canciones en inglés, que yo tengo a las gringas comiendo arroz con biftec, estoy puesto para el respeto no para la fama cabrón, por eso les picheo a estos locos dame el Cy Young, ustedes maman duro para sonar por ahí, pero te juro que a mí me quieren en mi país, y yo voy hacer historias entre barras; Nelson Mandela, o como El Manco de Lepanto que siga la escuela, porque tengo a los nerdos escuchando a Biggie y a Tupi, y a los chamaquitos de la calle estudiando en la UPI UPR, ya le cogí el truqui a las mamis que buscan pauta, siempre me cubro la cabeza como astronauta, no por falta de 02, si en esto soy un pro, es que si nace otro yo se quedan si trabajo tooo's, perdóname Dios los maté sin querer, pero le juré al corillo que el mundo vamos a ver, me voy a callar pues suelo ser muy honesto, aunque la verdad no muere y si la olvidas te la refresco..., #QueTuSabesDeEsto. Me respetan en los case, en los barrios y en las urbas, soy desde donde te van apagar la luz si te alumbran, brillo por la propia ustedes son la copia de la copia, el que me tire queda con distrofia, el pendejo se hace gangster y el gangster se hace el pendejo, a mi gordi no la dejo aunque me tiren las modelos, porque aveces las más buenas te salen las más corvejo, soy de los que los doy pero no sigue los consejos, y él subió que gastó mil dos $1,200 en unas yeezy, y yo dándole descalzo a lo PJ se me hizo easy, yo sonaré en lugares que ni hablan el español, mi mai' ni se imagina la leyenda que parió, ustedes no ganan ni con las fáciles, que tu sabes de poner a capotiar a la que está en el passenger, es más de poner a capotiar a todo el que no creyó, mi música es como una enfermedad que a ti te contagió, ¿QUÇ TU SABES DE ESTO?. Hasta el menos que esperaba me dijo que le bajara, que las masas tienen hambre que los alimentara, y aunque disfrazara a un lobo de oveja de oreja a oreja, en el futuro les entregas al corderito en bandejas, y si hay quejas no te explicas solo sigues rapeando, matando a estos locos de negro como los changos, si hay dos para el tango, vamos para el mambo, si esta es la liga la estoy COACHANDO, y sigan bebiendo lean aunque quiero que lean, actúan super mean pero me ven y se mean, pues saben que para el respeto no tienen presupuesto, y de eso soy millonario pero ¿QUÇ TU SABES DE ESTO?."
T1_TRAIN_0361,8019065,NM,M,0.8648648648648649,"
[Letra de ""Juana Mayo"" ft. Boca Livre""]

[Verso 1]
Juana Mayo
Ave de la madrugada
De tristeza disfrazada
Con perfumes y carmín
Juana Mayo
Peregrina de la acera
Veterana de la espera
Callejera flor de amor

[Coro]
En sus noches
De hombre en hombre va pasando
Desesperada buscando
Su razón para vivir
Ríe por fuera
Y por dentro está llorando
Pues, lo que ella está buscando
No lo va a encontrar así

[Verso 1]
Juana Mayo
Ave de la madrugada
De tristeza disfrazada
Con perfumes y carmín
Juana Mayo
Perеgrina de la acera
Vetеrana de la espera
Callejera flor de amor

[Coro]
En sus noches
De hombre en hombre va pasando
Desesperada buscando
Su razón para vivir
Ríe por fuera
Y por dentro está llorando
Pues, lo que ella está buscando
No lo va a encontrar así

[Puente]
Todo cuesta
Y cada precio es diferente
En un sitio en que la gente
Compra su felicidad
Juana Mayo
Donde anónimos señores
Sacan a pasear dolores
A un jardín de soledad","Juana Mayo, ave de la madrugada, de tristeza disfrazada, con perfumes y carmín, juana Mayo, peregrina de la acera, veterana de la espera, callejera flor de amor, en sus noches, de hombre en hombre va pasando, desesperada buscando, su razón para vivir, ríe por fuera, y por dentro está llorando, pues, lo que ella está buscando, no lo va a encontrar así, juana Mayo, ave de la madrugada, de tristeza disfrazada, con perfumes y carmín, juana Mayo, peregrina de la acera, veterana de la espera, callejera flor de amor, en sus noches, de hombre en hombre va pasando, desesperada buscando, su razón para vivir, ríe por fuera, y por dentro está llorando, pues, lo que ella está buscando, no lo va a encontrar así, todo cuesta, y cada precio es diferente, en un sitio en que la gente, compra su felicidad, juana Mayo, donde anónimos señores, sacan a pasear dolores, a un jardín de soledad."
T1_TRAIN_0373,6021653,NM,M,0.9442508710801394,"h-eh-eh)
Vulcano (Mmm)
[Letra de ""Ella No Es Tuya (Remix)""]

[Intro: Rochy RD]
Ja, ¡Rochy!
Myke Towers
NICKI NICOLE
Este e' el remix oficial
Oye cómo e' que dice

[Coro: Myke Towers & Rochy RD]
Ella no e' tuya, te vendió sueño, ey
(Suelte eso, compañero, llévese de mí)
Dice que no tiene dueño
Y cuando está contigo, eso e' lo más bello, ah
(Un ""uy"", que un ""uy, mamá"")
Lo mismo que hace con ello' (Una, una, una novela)
Y ella no e' tuya, te vendió sueño, woh (¿Va' a seguir?)
Dicе que no tiene duеño
Y cuando está contigo, eso e' lo más bello, woh
(Suélteme con eso, vaya de ahí con eso, compañero)
Lo mismo que hace con ello'

[Verso 1: Myke Towers & Rochy RD]
Nunca piense' ni que e' tuya porque ella e' parte del juego
Esto e' un come y vete, mi amor, nos vemo' luego
Yo en mujere' no confío, a ninguna le ruego
Te está haciendo lucir mal, manito; yo que tú, ruedo
Compa, yo sé que a vece' uno pila te monta
Pero con lo que tú le suelta', no le da pa' irse de compra'
Ella busca a alguien que la auspicie
A mí no hay cuero que me asfixie
En el fondo, no son como en la superficie
Te advertí que si la iba' a postear, que no la tagueara'
Yo tenía sospecha', pero no sabía que era tan mala
Ahora tiene mejor amiga nueva, una tal Tamara
Cuando ignoran tus llamada', se ríen a carcajada'
Ey, métele si quiere', pero, no lo haga' público
Cabrón, ¿tú cree' que tú va' a ser el único?
¿Qué e' lo que tú quiere'? ¿Que en la esquina a ti te digan ""el vena'o""?
Hasta en carro de otro' hombre' te ha frena'o, yai (Ah)

[Coro: NICKI NICOLE, Myke Towers & Rochy RD]
Yo no soy tuya, te vendo sueño (Je, ey)
Sabe' que no tengo dueño
Cuando estoy contigo, e' lo más bello (¿Cómo?)
Lo mismo que hace con ello'
Y ella no e' tuya, te vendió sueño, woh (Ey)
Dice que no tiene dueño (Uste' e' que viene con el tema)
Y cuando está contigo, eso e' lo más bello, woh
Lo mismo que hace con ello' (Ah, ¿cómo e' que dice?)

[Verso 2: NICKI NICOLE]
Niño, ¿cuánta' vece' te lo tengo 'e repeti'?
Yo no soy mujer de nadie, así que calma el frenesí (¿Cómo?)
Yo jamá' te dije que sí
Así que calla ya tu boca y deja de hablar de mí
¿Una cita contigo?
Si quiere', llámame y voy
Pero no taguee', por favor
No tengo tiempo pa' tu historita hipnótica
Se pasa jodiendo pa' que le dé follow
Él quiere algo serio, yo quiero jugar (Eh)
Quiera' o no quiera', te tengo en mis mano'
Diablo, tú 'tá loco, engualicha'o (¡Oh, ey!)
De mi cuerpo vicia'o (Oh, eh), no puede salir de eso (Oh, eh)
'Tá buscando salida, se perdió en los exceso'

[Coro: NICKI NICOLE, Myke Towers & Rochy RD, NICKI NICOLE & Myke Towers]
Yo no soy tuya, te vendo sueño (¿Cómo?)
Sabe' que no tengo dueño
Cuando estoy contigo, e' lo más bello (Je, ey)
Lo mismo que hago con ello' (Oye cómo e' que dice)
Ella no e' tuya, te vendió sueño, woh (Wah)
Dice que no tiene dueño
Y cuando está contigo, eso e' lo más bello, woh
Lo mismo que hace con ello'

[Verso 3: Rochy RD]
Compañero, lo intenté (Eh), pero con él no se puede
Él 'tá pagando algo, hay que dejarlo, ya eso e' que él lo debe (Oh)
Ya al nivel que uno 'tá, ¿a quemarse con un leather?
Si la feria no circula, voy que dobla y se te mueve
¿Va' a segui'? (Eh) ¿La que tiene má' primo'?
No e' de boca, tiguerone' hemo' pasado por lo mismo (Oh)
En sentimiento, uno deja que un cuero le dé cariño
Esa mujer te utilizó, te vendió sueño como un ñiño
Cuando veo ese sistema (Eh), en realida' hasta me quillo
Tus número' callejero' queda'n atrá' como un Cepillo
Te hicieron una cuica, bárbaro, con Photosho' (Oh)
Vete a juicio a fondo y tú verá', que eso se detonó (Mmm)
Mono, se le advirtió (Eh), pero se espantó lo' cromo' (Mmm)
El miedo mío e' que la mate, ahí sí la vuelta e' un bobo
Te usé a ti pa'l video (Eh), pero todo fue un mediante
Ni aun así se la llevó, se nos freezó y quiere ser gánster

[Coro: Myke Towers & Rochy RD, Myke Towers & NICKI NICOLE]
Ella no e' tuya, te vendió sueño, ey
(Suelte eso, compañero, llévese de mí)
Dice que no tiene dueño
Y cuando está contigo, eso e' lo más bello, ah
(Un ""uy"", que un ""uy, mamá"")
Lo mismo que hace con ello' (Una, una, una novela)
Y ella no e' tuya, te vendió sueño, woh (¿Va' a seguir?)
Dice que no tiene dueño
Y cuando está contigo, eso e' lo más bello, woh
(Suélteme con eso, vaya de ahí con eso, compañero)
Lo mismo que hace con ello'

[Outro: Rochy RD & NICKI NICOLE]
Ja, ¡Rochy!
Myke Towers (Yeah-yeah, yeah)
NICKI NICOLE
Nata Record produciendo (Eh-eh-eh)
Vulcano (Mmm)","h-eh-eh, vulcano Mmm. Ja, ĄRochy!, myke Towers, nICKI NICOLE, este e' el remix oficial, oye cómo e' que dice. Ella no e' tuya, te vendió sueño, ey, suelte eso, compañero, llévese de mí, dice que no tiene dueño, y cuando está contigo, eso e' lo más bello, ah, un uy, que un uy, mamá, lo mismo que hace con ello' Una, una, una novela, y ella no e' tuya, te vendió sueño, woh ¿Va' a seguir?, dice que no tiene dueño, y cuando está contigo, eso e' lo más bello, woh, suélteme con eso, vaya de ahí con eso, compañero, lo mismo que hace con ello'. Nunca piense' ni que e' tuya porque ella e' parte del juego, esto e' un come y vete, mi amor, nos vemo' luego, yo en mujere' no confío, a ninguna le ruego, te está haciendo lucir mal, manito; yo que tú, ruedo, compa, yo sé que a vece' uno pila te monta, pero con lo que tú le suelta', no le da pa' irse de compra', ella busca a alguien que la auspicie, a mí no hay cuero que me asfixie, en el fondo, no son como en la superficie, te advertí que si la iba' a postear, que no la tagueara', yo tenía sospecha', pero no sabía que era tan mala, ahora tiene mejor amiga nueva, una tal Tamara, cuando ignoran tus llamada', se ríen a carcajada', ey, métele si quiere', pero, no lo haga' público, cabrón, ¿tú cree' que tú va' a ser el único?, ¿Qué e' lo que tú quiere'? ¿Que en la esquina a ti te digan el vena'o?, hasta en carro de otro' hombre' te ha frena'o, yai Ah. Yo no soy tuya, te vendo sueño Je, ey, sabe' que no tengo dueño, cuando estoy contigo, e' lo más bello ¿Cómo?, lo mismo que hace con ello', y ella no e' tuya, te vendió sueño, woh Ey, dice que no tiene dueño Uste' e' que viene con el tema, y cuando está contigo, eso e' lo más bello, woh, lo mismo que hace con ello' Ah, ¿cómo e' que dice?. Niño, ¿cuánta' vece' te lo tengo 'e repeti'?, yo no soy mujer de nadie, así que calma el frenesí ¿Cómo?, yo jamá' te dije que sí, así que calla ya tu boca y deja de hablar de mí, ¿Una cita contigo?, si quiere', llámame y voy, pero no taguee', por favor, no tengo tiempo pa' tu historita hipnótica, se pasa jodiendo pa' que le dé follow, çl quiere algo serio, yo quiero jugar Eh, quiera' o no quiera', te tengo en mis mano', diablo, tú 'tá loco, engualicha'o ĄOh, ey!, de mi cuerpo vicia'o Oh, eh, no puede salir de eso Oh, eh, 'Tá buscando salida, se perdió en los exceso'. Yo no soy tuya, te vendo sueño ¿Cómo?, sabe' que no tengo dueño, cuando estoy contigo, e' lo más bello Je, ey, lo mismo que hago con ello' Oye cómo e' que dice, ella no e' tuya, te vendió sueño, woh Wah, dice que no tiene dueño, y cuando está contigo, eso e' lo más bello, woh, lo mismo que hace con ello'. Compañero, lo intenté Eh, pero con él no se puede, çl 'tá pagando algo, hay que dejarlo, ya eso e' que él lo debe Oh, ya al nivel que uno 'tá, ¿a quemarse con un leather?, si la feria no circula, voy que dobla y se te mueve, ¿Va' a segui'? Eh ¿La que tiene má' primo'?, no e' de boca, tiguerone' hemo' pasado por lo mismo Oh, en sentimiento, uno deja que un cuero le dé cariño, esa mujer te utilizó, te vendió sueño como un ñiño, cuando veo ese sistema Eh, en realida' hasta me quillo, tus número' callejero' queda'n atrá' como un Cepillo, te hicieron una cuica, bárbaro, con Photosho' Oh, vete a juicio a fondo y tú verá', que eso se detonó Mmm, mono, se le advirtió Eh, pero se espantó lo' cromo' Mmm, el miedo mío e' que la mate, ahí sí la vuelta e' un bobo, te usé a ti pa'l video Eh, pero todo fue un mediante, ni aun así se la llevó, se nos freezó y quiere ser gánster. Ella no e' tuya, te vendió sueño, ey, suelte eso, compañero, llévese de mí, dice que no tiene dueño, y cuando está contigo, eso e' lo más bello, ah, un uy, que un uy, mamá, lo mismo que hace con ello' Una, una, una novela, y ella no e' tuya, te vendió sueño, woh ¿Va' a seguir?, dice que no tiene dueño, y cuando está contigo, eso e' lo más bello, woh, suélteme con eso, vaya de ahí con eso, compañero, lo mismo que hace con ello'. Ja, ĄRochy!, myke Towers Yeah-yeah, yeah, nICKI NICOLE, nata Record produciendo Eh-eh-eh, vulcano Mmm."
T1_TRAIN_0395,1277352,M,NM,1.0,"uaruras

Los guaruras
Con la lana que se paga un domingo
En las carreteras de cuota

Se podria

Pagar la deuda

Y comprar muchos kilos de mota pero

Eso no puede ser

Que diria papa gobierno

Quien les pagaria sus viajes, sus viejas

Sus casas

Sus guaruras

Con la lana que se paga un domingo

En las carreteras de cuota

Se podria dar la vuelta al mundo

Y contruir otro estadio azteca pero

Eso no puede ser

Que diria papa gobierno

Quien les pagaria sus viajes, sus viejas

Sus casas

Sus guaruras

Los guaruras","uaruras, los guaruras, con la lana que se paga un domingo, en las carreteras de cuota. Se podria. Pagar la deuda. Y comprar muchos kilos de mota pero. Eso no puede ser. Que diria papa gobierno. Quien les pagaria sus viajes, sus viejas. Sus casas. Sus guaruras, con la lana que se paga un domingo. En las carreteras de cuota. Se podria dar la vuelta al mundo. Y contruir otro estadio azteca pero. Eso no puede ser. Que diria papa gobierno. Quien les pagaria sus viajes, sus viejas. Sus casas. Sus guaruras, los guaruras."
T1_TRAIN_0412,1856452,NM,M,0.9555555555555556,"r
(Juan Luis Guerra)
Pobre de mi pueblo enano
Con la fe de un continente
Fuimos bien encomendados
Con un garrote en la frente
Pobre de nuestro legado
Que nos hace indiferentes
Tres millones de indigentes
Analfabetos y hermanos
¿Quién nos comerá la gloria?
¿quién desatará el verano?
¿cuándo alzaremos la frente, quisqueyanos?
Pobre de mi pueblo enano
En contra de la corriente
Pero un pueblo de valientes
Nos salva sólo el trabajo
¡Oye!
(Improv.)
Si de aquí saliera petróleo
Como sale de Kuwait
Qué bendición, mi compai
Destilaría mi dolor
Para mojar mi ilusión
Si de aquí saliera petróleo
Pero sonaran techos y escuelas
Sin hambre ni enfermedad
Pero por más que te exprimo
Oh, mi panita, no sale na(da)
Si de aquí saliera petróleo
Pero que hubiera luz y
Esperanza
Sin visa para soñar
Pero es que la providencia
Ay, cuando no quiere, no da
Si de aquí saliera petróleo
Hipotecara el silencio
Para decir la verdad
Pero por más que te exprimo
Oye, mamacita, no sale ná
Mira qué cosa...
Sugerencias:
Y si aquí
En vez de cemento
Pa(ra) la construcción
Le hiciéramos un faro
A la educación
Y si aquí
Lucháramos juntos
Por la sociedad
Y habláramos menos
Resolviendo más
Resolviendo más
Pudiera cambiar
Borráramos el sucio
(y si aquí)
De la corrupción
Sembrando banderas
En el corazón
Y si aquí
Cantáramos patria
En cada rincón
Sería Quisqueya
Un país mejor
¡Pa(ra)-rriba esa bandera!
Un país mejor","Juan Luis Guerra, pobre de mi pueblo enano, con la fe de un continente, fuimos bien encomendados, con un garrote en la frente, pobre de nuestro legado, que nos hace indiferentes, tres millones de indigentes, analfabetos y hermanos, ¿Quién nos comerá la gloria?, ¿quién desatará el verano?, ¿cuándo alzaremos la frente, quisqueyanos?, pobre de mi pueblo enano, en contra de la corriente, pero un pueblo de valientes, nos salva sólo el trabajo, ąOye!, improv., si de aquí saliera petróleo, como sale de Kuwait, qué bendición, mi compai, destilaría mi dolor, para mojar mi ilusión, si de aquí saliera petróleo, pero sonaran techos y escuelas, sin hambre ni enfermedad, pero por más que te exprimo, oh, mi panita, no sale nada, si de aquí saliera petróleo, pero que hubiera luz y, esperanza, sin visa para soñar, pero es que la providencia, ay, cuando no quiere, no da, si de aquí saliera petróleo, hipotecara el silencio, para decir la verdad, pero por más que te exprimo, oye, mamacita, no sale ná, mira qué cosa..., sugerencias:, y si aquí, en vez de cemento, para la construcción, le hiciéramos un faro, a la educación, y si aquí, lucháramos juntos, por la sociedad, y habláramos menos, resolviendo más, resolviendo más, pudiera cambiar, borráramos el sucio, y si aquí, de la corrupción, sembrando banderas, en el corazón, y si aquí, cantáramos patria, en cada rincón, sería Quisqueya, un país mejor, ąPara-rriba esa bandera!, un país mejor."
T1_TRAIN_0424,1403215,M,NM,0.8679245283018868,"en

[Outro]
¡Muy bien!
[Letra de ""Voy A Pasarmelo Bien""]

[Estribillo]
Hoy me he levantado dando un salto mortal
He echado un par de huevos a mi sartén
Dando volteretas he llegado al baño
Me he duchado y he despilfarrado el gel
Porque hoy algo me dice que voy a pasármelo bien

[Verso 1]
Sé que tengo algunos enemigos
Pero esta noche no podrán contar conmigo
Porque voy a convertirme en hombre-lobo
Me he jurado a mí mismo que no dormiré solo
Porque hoy de hoy no pasa y voy a pasármelo bien

Voy a cogerme un pedo de los que hacen afición
Me iré arrastrando a casa con la sonrisa puesta
Mañana ya si puedo dormiré la siesta
Pero esta noche no (Esta noche no)
Esta noche, algo me dice que voy a pasármelo bien

Bueno, vamos a ver qué encontramos
En esta agendilla de teléfonos, nunca se sabe
¿Marta, María del Mar, Ana, Elena estará? No sé
Pero voy a pasármelo bien

[Estribillo]
Hoy me he levantado dando un salto mortal
Me he quitado el pijama sin usar las manos
Dando volteretas he llegado al baño
Le he dado buenos días a mis padres y hermanos
Porque hoy, hoy no se porqué, pero voy a pasármelo bien

[Verso 2]
Voy a pasármelo bien
Voy a pasármelo muy bien
Muy bien, muy bien
Y voy a pasármelo bien
Muy bien, muy bien, muy bien
Y voy a pasar, voy a pasármelo bien
Hey, hey, muy bien
Voy a pasármelo bien, hey, hey
Hey, hey, muy bien
Y voy a pasármelo bien
Hey, hey, muy bien

[Outro]
¡Muy bien!","ĄMuy bien!. Voy a cogerme un pedo de los que hacen afición, me iré arrastrando a casa con la sonrisa puesta, mañana ya si puedo dormiré la siesta, pero esta noche no Esta noche no, esta noche, algo me dice que voy a pasármelo bien. Sé que tengo algunos enemigos, pero esta noche no podrán contar conmigo, porque voy a convertirme en hombre-lobo, me he jurado a mí mismo que no dormiré solo, porque hoy de hoy no pasa y voy a pasármelo bien. Voy a cogerme un pedo de los que hacen afición, me iré arrastrando a casa con la sonrisa puesta, mañana ya si puedo dormiré la siesta, pero esta noche no Esta noche no, esta noche, algo me dice que voy a pasármelo bien. Bueno, vamos a ver qué encontramos, en esta agendilla de teléfonos, nunca se sabe, ¿Marta, María del Mar, Ana, Elena estará? No sé, pero voy a pasármelo bien. Hoy me he levantado dando un salto mortal, me he quitado el pijama sin usar las manos, dando volteretas he llegado al baño, le he dado buenos días a mis padres y hermanos, porque hoy, hoy no se porqué, pero voy a pasármelo bien. Voy a pasármelo bien, voy a pasármelo muy bien, muy bien, muy bien, y voy a pasármelo bien, muy bien, muy bien, muy bien, y voy a pasar, voy a pasármelo bien, hey, hey, muy bien, voy a pasármelo bien, hey, hey, hey, hey, muy bien, y voy a pasármelo bien, hey, hey, muy bien. ĄMuy bien!."
T1_TRAIN_0429,3668836,M,NM,0.9257142857142857,"
[Letra de ""Una Vez Más"" ft. Lit Killah]

[Intro: Apolo Kidd]
Quiero verte una vez más, nena
Que no olvidé las cosas que hiciste junto a mí
Tenerte una vez má', una vez má'
Sólo una noche pa’ que te acuerdes de mí

[Estribillo: Apolo Kidd & Lit Killah]
Pa' que te acuerdes de mí, de mí, de mí
Pa' que te acuerdes de mí, de mí, de mí
Pa' que te acuerdes de mí, de mí, de mí
Pa' que te acuerdes de mí, de mí, de mí

[Verso 1: Apolo Kidd & Lit Killah]
Pa’ que te acuerdes de mí, baby
Que se pausen las horas cuando estamos junto' aquí
Pa' que te acuerde' 'e mí, no te me vaya' así
Quiero demostrarte que hay otra vida
Me mata el perfume de tu cuerpo que quedó esparcido por toda la sala
No sé si alucino, es que me hacé' muy mal
Cuando no estás, beba, me hacé' falta
Te juro que te quiero acá, pero para siempre, nena
No entiendo por qué vos te vas si yo nunca te hice na' mal
¿Por qué te marchas sola, sola, sola, sola?
No me pasa ni la hora
Siento que tu amor es joda, por vos me la juego toda
Y aún así me venís con que somos amigo'
Con que vos ya no querés estar conmigo
Nena, tu ausencia a mí me hace mal, ah
Me hace mal, me hace mal
Que me pida' que borre to'a las fotos que subí
No soy igual, no soy igual
No voy a pedirte nada de lo que te di

[Estribillo: Apolo Kidd & Lit Killah]
Pa' que te acuerdes de mí, de mí, de mí
Pa' que te acuerdes de mí, de mí, de mí
Pa' que te acuerdes de mí, de mí, de mí
Pa' que te acuerdes de mí, de mí, de mí

[Verso 2: Lit Killah]
Y si al otro día vo' ya ni quería' mirarme a la cara (Mirarme a la cara)
Por más que yo diga que ibas a ser mía, no sentía' nada (No sentía' nada)
Ya no puedo más, no aguanto las ganas
Te escucho tu voz a lo lejos
Grita' mi nombre y no me puedo despertar
Tan lejo' y no te puedo tocar
Te esfumas como humo, no puedo hacer na'
El perfume e' tu pelo lo voy a olvidar
No lo voy a olvidar, no lo voy a olvidar
Y aquella' noche' que solíamos pasar
Olvidá el pasado y volvamo' a intentar
O te quedas conmigo o te puedes marchar
Ya no hay punto medio

[Puente: Lit Killah]
Ya no hay punto medio, yeah
Te lo digo en serio, yeah
Te puedes marchar o te puedes quedar
Lo dejo a tu criterio, yeah
No perdamos el tiempo, oh-oh
No perdamos el tiempo, oh-oh
No perdamos el tiempo, oh-oh
No perdamos el tiempo, oh-oh-oh-oh

[Estribillo: Apolo Kidd & Lit Killah]
Pa' que te acuerdes de mí, de mí, de mí
Pa' que te acuerdes de mí, de mí, de mí
Pa' que te acuerdes de mí, de mí, de mí
Pa' que te acuerdes de mí, de mí, de mí

[Outro: Apolo Kidd]
YTBM
Tao (DJ Tao)
Panter Music","Quiero verte una vez más, nena, que no olvidé las cosas que hiciste junto a mí, tenerte una vez má', una vez má', sólo una noche pa' que te acuerdes de mí. Pa' que te acuerdes de mí, de mí, de mí, pa' que te acuerdes de mí, de mí, de mí, pa' que te acuerdes de mí, de mí, de mí, pa' que te acuerdes de mí, de mí, de mí. Pa' que te acuerdes de mí, baby, que se pausen las horas cuando estamos junto' aquí, pa' que te acuerde' 'e mí, no te me vaya' así, quiero demostrarte que hay otra vida, me mata el perfume de tu cuerpo que quedó esparcido por toda la sala, no sé si alucino, es que me hacé' muy mal, cuando no estás, beba, me hacé' falta, te juro que te quiero acá, pero para siempre, nena, no entiendo por qué vos te vas si yo nunca te hice na' mal, ¿Por qué te marchas sola, sola, sola, sola?, no me pasa ni la hora, siento que tu amor es joda, por vos me la juego toda, y aún así me venís con que somos amigo', con que vos ya no querés estar conmigo, nena, tu ausencia a mí me hace mal, ah, me hace mal, me hace mal, que me pida' que borre to'a las fotos que subí, no soy igual, no soy igual, no voy a pedirte nada de lo que te di. Pa' que te acuerdes de mí, de mí, de mí, pa' que te acuerdes de mí, de mí, de mí, pa' que te acuerdes de mí, de mí, de mí, pa' que te acuerdes de mí, de mí, de mí. Y si al otro día vo' ya ni quería' mirarme a la cara Mirarme a la cara, por más que yo diga que ibas a ser mía, no sentía' nada No sentía' nada, ya no puedo más, no aguanto las ganas, te escucho tu voz a lo lejos, grita' mi nombre y no me puedo despertar, tan lejo' y no te puedo tocar, te esfumas como humo, no puedo hacer na', el perfume e' tu pelo lo voy a olvidar, no lo voy a olvidar, no lo voy a olvidar, y aquella' noche' que solíamos pasar, olvidá el pasado y volvamo' a intentar, o te quedas conmigo o te puedes marchar, ya no hay punto medio. Ya no hay punto medio, yeah, te lo digo en serio, yeah, te puedes marchar o te puedes quedar, lo dejo a tu criterio, yeah, no perdamos el tiempo, oh-oh, no perdamos el tiempo, oh-oh, no perdamos el tiempo, oh-oh, no perdamos el tiempo, oh-oh-oh-oh. Pa' que te acuerdes de mí, de mí, de mí, pa' que te acuerdes de mí, de mí, de mí, pa' que te acuerdes de mí, de mí, de mí, pa' que te acuerdes de mí, de mí, de mí. YTBM, tao DJ Tao, panter Music."
T1_TRAIN_0437,2260674,M,NM,1.0,"
Ya la cumbia comenzó
Hay que mover los pies
Pero mire que llegó
La güera Salomé

Al ritmo de esta cumbia
La güera está bailando
Ay qué sabroso baile
Con todo está mirando
Compadre no la tome
Ella mueve la cintura
Se nota que a esta güera le sobra sabrosura
Ahhhh

Compadre Juan, cómo la ve
Cómo se mueve sabroso esta güera Salomé
Compadre Juan, cómo la ve
Cómo se 'a maña esta güera para mover los pies
Compadre Juan, cómo la ve
Mueve la cintura con sus manos al derecho y al revés
Compadre Juan, cómo la ve
Fíjate compadre las caderas de la güera Salomé
Compadre Juan, cómo la ve

Ya la cumbia comenzó
Hay que mover los pies
Pero mire que llegó
La güera Salomé

Al ritmo de esta cumbia
La güera está bailando
Ay qué sabroso baile
Con todo está mirando
Compadre no la tome
Ella mueve la cintura
Se nota que a esta güera le sobra sabrosura
Ahhhh

Compadre Juan, cómo la ve
Cómo se mueve sabroso esta güera Salomé
Compadre Juan, cómo la ve
Cómo se 'a maña esta güera para mover los pies
Compadre Juan, cómo la ve
Mueve la cintura con sus manos al derecho y al revés
Compadre Juan, cómo la ve
Fíjate compadre las caderas de la güera Salomé
Compadre Juan, cómo la ve

Compadre Juan, cómo la ve
Compadre Juan, cómo la ve

Mueve la cintura con sus manos al derecho y al revés
Compadre Juan, cómo la ve
Fíjate compadre las caderas de la güera Salomé
Compadre Juan, cómo la ve

Compadre Juan, cómo la ve
Compadre Juan agarrala que no deje de bailar
Compadre Juan, cómo la ve
Compadre Juan, Cómo la ve","Ya la cumbia comenzó, hay que mover los pies, pero mire que llegó, la güera Salomé, al ritmo de esta cumbia, la güera está bailando, ay qué sabroso baile, con todo está mirando, compadre no la tome, ella mueve la cintura, se nota que a esta güera le sobra sabrosura, ahhhh, compadre Juan, cómo la ve, cómo se mueve sabroso esta güera Salomé, compadre Juan, cómo la ve, cómo se 'a maña esta güera para mover los pies, compadre Juan, cómo la ve, mueve la cintura con sus manos al derecho y al revés, compadre Juan, cómo la ve, fíjate compadre las caderas de la güera Salomé, compadre Juan, cómo la ve, ya la cumbia comenzó, hay que mover los pies, pero mire que llegó, la güera Salomé, al ritmo de esta cumbia, la güera está bailando, ay qué sabroso baile, con todo está mirando, compadre no la tome, ella mueve la cintura, se nota que a esta güera le sobra sabrosura, ahhhh, compadre Juan, cómo la ve, cómo se mueve sabroso esta güera Salomé, compadre Juan, cómo la ve, cómo se 'a maña esta güera para mover los pies, compadre Juan, cómo la ve, mueve la cintura con sus manos al derecho y al revés, compadre Juan, cómo la ve, fíjate compadre las caderas de la güera Salomé, compadre Juan, cómo la ve, compadre Juan, cómo la ve, compadre Juan, cómo la ve. Mueve la cintura con sus manos al derecho y al revés, compadre Juan, cómo la ve, fíjate compadre las caderas de la güera Salomé, compadre Juan, cómo la ve, compadre Juan, cómo la ve, compadre Juan agarrala que no deje de bailar, compadre Juan, cómo la ve, compadre Juan, Cómo la ve."
T1_TRAIN_0450,1528615,NM,M,0.8902439024390244,"ar
A la disco del lugar
[Letra de ""El Loco""]

[Verso 1]
Soy víctima de un Dios
Frágil, temperamental
Que en vez de rezar por mí
Se fue a bailar
Se fue a la disco del lugar
Quiso mi disfraz
Vivir como un mortal
Como no logró matarme
Me regaló una visión particular

[Coro]
Volutas de humo titilo a su encuentro, oh-uh-oh
Siento el fulgor y quiero entrar

[Verso 2]
Soy víctima de un Dios
Díscolo y muy singular
Que a su antojo fiel
Me arrebató a mi mujer
Y la internó en un lupanar
Que él administró como chulo, gran señor
Y llegó hasta el fin de confundir su impunidad
Se creyó omnisciente

[Coro]
Volutas de humo titilo a su encuentro, oh-uh-oh
Siento el fulgor y quiero entrar

[Puente]
Lo regalado es mío y se acabó
No lo devuelvo
Lo regalado es mío y se acabó
No lo devuelvo
Lo regalado es mío y se acabó
No lo devuelvo

[Outro]
Soy víctima de un Dios
Frágil, temperamental
Que en vez de rezar por mí
Se fue a bailar
A la disco del lugar","Soy víctima de un Dios, frágil, temperamental, que en vez de rezar por mí, se fue a bailar, se fue a la disco del lugar, quiso mi disfraz, vivir como un mortal, como no logró matarme, me regaló una visión particular, volutas de humo titilo a su encuentro, oh-uh-oh, siento el fulgor y quiero entrar, soy víctima de un Dios, díscolo y muy singular, que a su antojo fiel, me arrebató a mi mujer, y la internó en un lupanar, que él administró como chulo, gran señor, y llegó hasta el fin de confundir su impunidad, se creyó omnisciente, volutas de humo titilo a su encuentro, oh-uh-oh, siento el fulgor y quiero entrar, lo regalado es mío y se acabó, no lo devuelvo, lo regalado es mío y se acabó, no lo devuelvo, lo regalado es mío y se acabó, no lo devuelvo, soy víctima de un Dios, frágil, temperamental, que en vez de rezar por mí, se fue a bailar, a la disco del lugar."
T1_TRAIN_0461,3086502,M,NM,0.9485981308411215,"
Letra de Tú Si Quieres, Tú No Quieres[Intro]
Omega (Omega)
El real (El real)

[Estribillo 1]
Tú si quieres
Buscarte un fundón, un carro convertible y un mujerón
Tú si quieres
Una mansión de verdad, terraza piscina y vista al mar
Tú si quieres
Que te trate VIP y que todo gire en torno a ti
Tú si quieres
Tú si quieres

[Verso 1]
Ahora e' vo'a ponerte claro que lo que
Buscando un sueño mucha gente se pierde
Por la envidia y la traición
Por el dinero y la ambición
Se criaron juntos
Cada cual busca su rumbo
Uno de ellos pudo conseguir el triunfo
Mientras el otro la pasaba mal
Viendo a su hermano brillar
Oye manito le decían lo' bacanos
¿Por qué tu pana no te busca y mete mano?
Él respondía con humildad
Me siento bien aunque yo no tenga na'
El jangeo to el tiempo en para con lo feo
Se ta buscando to'a la vaina en el meneo
Pero era fácil identificar el carro blimblinea'o del capo de lugar Asicala'o siempre ranqueia'o y blimblinea'o
Haciendo bulto con to' lo que sea busca'o
No sabiendo que la traición está en su coro ya lo tan chequeiando

[Estribillo 2]
Pero tú no quieres
Caer en la prisión porque hiciste fama e' tiguerón
Tú no quieres
Que te vea tu mama en una sala de un hospital
Tú no quieres
Enfrentar la dirección chaleco antibala y un cañón
Tú no quieres
Tú no quieres

[Verso 2]
Una mañana al recibir un dinero
Mientras contaba él sintió un arma 'e fuego que detono
Varias veces en su cuerpo
Luego se fueron y lo dieron por muerto
Y aquel amigo que siempre ignoró
Al escuchar los disparos corrió
Y lo encontró en el suelo mal herido
No lo pensó pa' ayudar a su amigo
Tomó el volante y lo llevó al hospital
Y lo doctore' lo pudieron salvar
Esto no es cuento montro, esto es real
Uno nunca sabe a quien va a necesitar

[Estribillo 3]
Tú si quieres
Efectivo pa' gastar, pero no te gusta trabajar
Tú si quieres
Lo que da la vanidad, pero no quieres lo que viene atrá'
Tú si quieres
Que te traten VIP y que todo gire en torno a ti
Tú si quieres
Tú si quieres
Pero tú no quieres
Que te anden asechando por lo que tú te ta' buscando
Tú no quieres
Un caso federal, una maldita guerra personal
Tú no quieres
Encontrar tu hogar vacío porque tu familia la ha' perdió
Tú no quieres
Tú no quieres
Tú no quieres
Tú no quieres

[Puente]
El real
Nadie puede conmigo

[Estribillo 3]
Tú si quieres
Efectivo pa' gastar, pero no te gusta trabajar
Tú si quieres
Lo que da la vanidad, pero no quieres lo que viene atrá'
Tú si quieres
Que te traten VIP y que todo gire en torno a ti
Tú si quieres
Tú si quieres
Pero tú no quieres
Que te anden asechando por lo que tú te ta' buscando
Tú no quieres
Un caso federal, una maldita guerra personal
Tú no quieres
Encontrar tu hogar vacío porque tu familia la ha' perdió
Tú no quieres
Tú no quieres

[Outro]
Nadie puede conmigo
Tu' ta' cloro que con El Omega no
El que se cruza con este montro la macó","Omega Omega, el real El real, tú si quieres, buscarte un fundón, un carro convertible y un mujerón, tú si quieres, una mansión de verdad, terraza piscina y vista al mar, tú si quieres, que te trate VIP y que todo gire en torno a ti, tú si quieres, tú si quieres, ahora e' vo'a ponerte claro que lo que, buscando un sueño mucha gente se pierde, por la envidia y la traición, por el dinero y la ambición, se criaron juntos, cada cual busca su rumbo, uno de ellos pudo conseguir el triunfo, mientras el otro la pasaba mal, viendo a su hermano brillar, oye manito le decían lo' bacanos, ¿Por qué tu pana no te busca y mete mano?, çl respondía con humildad, me siento bien aunque yo no tenga na', el jangeo to el tiempo en para con lo feo, se ta buscando to'a la vaina en el meneo, pero era fácil identificar el carro blimblinea'o del capo de lugar Asicala'o siempre ranqueia'o y blimblinea'o, haciendo bulto con to' lo que sea busca'o, no sabiendo que la traición está en su coro ya lo tan chequeiando, pero tú no quieres, caer en la prisión porque hiciste fama e' tiguerón, tú no quieres, que te vea tu mama en una sala de un hospital, tú no quieres, enfrentar la dirección chaleco antibala y un cañón, tú no quieres, tú no quieres, una mañana al recibir un dinero, mientras contaba él sintió un arma 'e fuego que detono, varias veces en su cuerpo, luego se fueron y lo dieron por muerto, y aquel amigo que siempre ignoró, al escuchar los disparos corrió, y lo encontró en el suelo mal herido, no lo pensó pa' ayudar a su amigo, tomó el volante y lo llevó al hospital, y lo doctore' lo pudieron salvar, esto no es cuento montro, esto es real, uno nunca sabe a quien va a necesitar, tú si quieres, efectivo pa' gastar, pero no te gusta trabajar, tú si quieres, lo que da la vanidad, pero no quieres lo que viene atrá', tú si quieres, que te traten VIP y que todo gire en torno a ti, tú si quieres, tú si quieres, pero tú no quieres, que te anden asechando por lo que tú te ta' buscando, tú no quieres, un caso federal, una maldita guerra personal, tú no quieres, encontrar tu hogar vacío porque tu familia la ha' perdío, tú no quieres, tú no quieres, tú no quieres, tú no quieres, el real, nadie puede conmigo, tú si quieres, efectivo pa' gastar, pero no te gusta trabajar, tú si quieres, lo que da la vanidad, pero no quieres lo que viene atrá', tú si quieres, que te traten VIP y que todo gire en torno a ti, tú si quieres, tú si quieres, pero tú no quieres, que te anden asechando por lo que tú te ta' buscando, tú no quieres, un caso federal, una maldita guerra personal, tú no quieres, encontrar tu hogar vacío porque tu familia la ha' perdío, tú no quieres, tú no quieres, nadie puede conmigo, tu' ta' cloro que con El Omega no, el que se cruza con este montro la macó."
T1_TRAIN_0464,2903425,NM,M,0.9717514124293786,"
Ieee, paso lo que tenia que pasar
Tego Calderon y Víctor Manuelle
¿con quién??
Che che colé
Es justo lo que tu querías ok

Vamos todos a bailar
Al estilo africano
Si no lo sabes bailar
Yo te enseñare mi hermano

A ti te gusta la bomba
Y te gusta el baquile
Para que goces ahora
Tego con Víctor manuelle

Che che colé
(Yo hablo de lo que sé)
Che che cofrisa
(palo negrita eloisa)
Caqui zaranga
(esto no salió de chamba)
Caca chilanga
Se juntaron los que mandan
Aheee
(Oiee que no pesen los pies)
Che che colé
(diseló tego otra vez)
Che che cofrisa
(en esta moña tu no guisa)
Coqui saranga
(le vamos bolar la somanda)
Caca chilanga
(Con este dúo no te lamba)
Aheee
Ahee picheo no e

Oiee ya me colé
Junto con Víctor Manuelle
Y quien va ser África con el bembe y llego el coco lo
Que le sobra guararé
Y yo se la pongo donde mas le guste a usted
La tapa al pomo yo jodo a to estos palomos
Toy dando clase y ellos se preguntan
¿¿COMO??
Cual es la risa tu eres cascarita
Sumba el papa upa cojanse de la manita

Che che colé
(Al derecho al revés)
Che che cofrisa
(Palo negrito a eloisa)
Coqui saranga
(Esto no salió de chamba)
Caqui chilanga
(se juntaron los que mandan)
Aheee
(Oiee que no pesen los pies)
Diseló tego otra vez)
Che che cofriza
(en esta moña tu no guiza)
Coqui saranga
(le vamos bolar la somanda)
Caca chilanga
(Con este duo no te lamba)
Aheee
Ahee picheo no e
(Oiee, oiee tu me hablaste de vender copia y
Te devolvieron hasta los pirateaos)
(Así que quedate tranquilo, que este
Tego Calderon el mas mentao, con
Los cocorocos Victor Manuelle que fue?
Jajajajajaja)
Se juntaron los mejores
Pa´ cantarle a mis raíces
Victor Manuelle el sonero
Tego Calderon el niche
No me tires cascaritas
Es mejor que ni me roces
Porque para defenderme
Yo me traje a Tego pa que te destroce
Che che colé
Porque llevas tanta prisa
Che che cofriza
Te voy a llevar en bolanda
Coqui saranga
Jajajajajaja
Diselo tego otra vez
Che che cole
Dime que ves
Che che cofriza
To se complica
Coqui saranga
No me des la espalda
Caca chilanga
Si que me duerme malnaga
Ahee
Es que tu guagua se fue
( hace raton y queso)
Victor Manuelle dejale caer to el peso","Ieee, paso lo que tenia que pasar, tego Calderon y Víctor Manuelle, ¿con quién?, che che colé, es justo lo que tu querías ok, vamos todos a bailar, al estilo africano, si no lo sabes bailar, yo te enseñare mi hermano, a ti te gusta la bomba, y te gusta el baquile, para que goces ahora, tego con Víctor manuelle, che che colé, yo hablo de lo que sé, che che cofrisa, palo negrita eloisa, caqui zaranga, esto no salió de chamba, caca chilanga, se juntaron los que mandan, aheee, oiee que no pesen los pies, che che colé, diseló tego otra vez, che che cofrisa, en esta moña tu no guisa, coqui saranga, le vamos bolar la somanda, caca chilanga, con este dúo no te lamba, aheee, ahee picheo no e, oiee ya me colé, junto con Víctor Manuelle, y quien va ser Çfrica con el bembe y llego el coco lo, que le sobra guararé, y yo se la pongo donde mas le guste a usted, la tapa al pomo yo jodo a to estos palomos, toy dando clase y ellos se preguntan, ¿COMO?, cual es la risa tu eres cascarita, sumba el papa upa cojanse de la manita, che che colé, al derecho al revés, che che cofrisa, palo negrito a eloisa, coqui saranga, esto no salió de chamba, caqui chilanga, se juntaron los que mandan, aheee, oiee que no pesen los pies, diseló tego otra vez, che che cofriza, en esta moña tu no guiza, coqui saranga, le vamos bolar la somanda, caca chilanga, con este duo no te lamba, aheee, ahee picheo no e, oiee, oiee tu me hablaste de vender copia y, te devolvieron hasta los pirateaos, así que quedate tranquilo, que este, tego Calderon el mas mentao, con, los cocorocos Victor Manuelle que fue?, jajaja, se juntaron los mejores, pa´ cantarle a mis raíces, victor Manuelle el sonero, tego Calderon el niche, no me tires cascaritas, es mejor que ni me roces, porque para defenderme, yo me traje a Tego pa que te destroce, che che colé, porque llevas tanta prisa, che che cofriza, te voy a llevar en bolanda, coqui saranga, jajaja, diselo tego otra vez, che che cole, dime que ves, che che cofriza, to se complica, coqui saranga, no me des la espalda, caca chilanga, si que me duerme malnaga, ahee, es que tu guagua se fue, hace raton y queso, victor Manuelle dejale caer to el peso."
T1_TRAIN_0472,1972597,NM,M,0.9611650485436893,"
[Letra de ""Soy De Rancho""]

[Intro]
Welcome to the United States
Ah, buena noche, oiga
Are you coming from Mexico?
Así es, oiga, venimos de Culiacán, Sinaloa
Ha, again?
Otra vez, oiga, aquí andamos
How you guys do it?
¿Cómo?, no le entiendo, oiga
Ay, ¿cómo ustedes hacen para venir to the United States?
Chambeándole, oiga, como siempre le hemos hecho, en el rancho

[Verso 1]
Sí señor, yo soy de rancho, soy de botas y a caballo
Soy nacido y criado en el monte
En barrancos y brechas me la he navegado
El olor a ganado, costales de mota y cantar de los gallos
Con frijoles de agua y sal mis padres me dieron crianza
No ocupé más de un buen catre
Y una cobijona para las heladas
Y cuando ajustaba el calorón macizo en el río me bañaba
Pero también me gustan las marcas
Vestirme a la moda, contar buenos carros
Y aunque mi dinero sea ranchero
Aquí vale lo mismo, no me lo he robado
Los cerros forrados de la mota en greña, costales llenando

[Interludio]
Ahí pa' toda la plebada de rancho, pariente

[Puente Instrumental]

[Interludio]
Hey, what's up, primo?, Do you cross already?
¿Cómo?, ¿Qué dijiste?, no te endiento, primo
Que si ya cruzastes, fool
Claro primo, ya cruzamos, ya se la pelaron los güeros estos, hombre, ahorita lo veo allá, oiga
All right
Pa' seguir pisteando, como en el rancho, oiga

[Verso 2]
En un Racer o a caballo o una troca ganadera
Depende cuál sea el motivo
El negocio o la brecha o por la carretera
Y si ando enfiestado, nomás con plebitas, la Hemi me espera
La Virgen de Guadalupe y un San Judas en el pecho
Es cierto que soy creyente
Y aunque estoy muy plebe, también soy muy serio
Si se han preguntado por lo mujeriego, viene de mi abuelo
Con orgullo digo ""Soy de rancho""
Y si visto de marca, no olvido el pasado
Los mejores consejos de un viejo
Muy agradecido a mi padre adorado
El cerro es testigo que entre los pinales yo me la he rifado","Welcome to the United States, ah, buena noche, oiga, are you coming from Mexico?, así es, oiga, venimos de Culiacán, Sinaloa, ha, again?, otra vez, oiga, aquí andamos, how you guys do it?, ¿Cómo?, no le entiendo, oiga, ay, ¿cómo ustedes hacen para venir to the United States?, chambeándole, oiga, como siempre le hemos hecho, en el rancho. Sí señor, yo soy de rancho, soy de botas y a caballo, soy nacido y criado en el monte, en barrancos y brechas me la he navegado, el olor a ganado, costales de mota y cantar de los gallos, con frijoles de agua y sal mis padres me dieron crianza, no ocupé más de un buen catre, y una cobijona para las heladas, y cuando ajustaba el calorón macizo en el río me bañaba, pero también me gustan las marcas, vestirme a la moda, contar buenos carros, y aunque mi dinero sea ranchero, aquí vale lo mismo, no me lo he robado, los cerros forrados de la mota en greña, costales llenando. Ahí pa' toda la plebada de rancho, pariente. Hey, what's up, primo?, Do you cross already?, ¿Cómo?, ¿Qué dijiste?, no te endiento, primo, que si ya cruzastes, fool, claro primo, ya cruzamos, ya se la pelaron los güeros estos, hombre, ahorita lo veo allá, oiga, all right, pa' seguir pisteando, como en el rancho, oiga. En un Racer o a caballo o una troca ganadera, depende cuál sea el motivo, el negocio o la brecha o por la carretera, y si ando enfiestado, nomás con plebitas, la Hemi me espera, la Virgen de Guadalupe y un San Judas en el pecho, es cierto que soy creyente, y aunque estoy muy plebe, también soy muy serio, si se han preguntado por lo mujeriego, viene de mi abuelo, con orgullo digo Soy de rancho, y si visto de marca, no olvido el pasado, los mejores consejos de un viejo, muy agradecido a mi padre adorado, el cerro es testigo que entre los pinales yo me la he rifado."
T1_TRAIN_0473,1860177,NM,M,0.9113924050632911,"
[Letra de ""Belleza de Cantina""]

[Verso 1]
No te preocupes, mi amor, es verdad, la voy a ver
Es verdad que ella fue toda mi vida
Pero recuerda también que cuando a ti te encontré
Yo me moría de dolor a causa de su partida
No me prohíbas salir, tienes razón al sentir
Todos los celos del mundo, mi vida
Voy solo para afrontar que aquello se terminó
Viendo de frente a quien fue la causa de mi desdicha

[Coro]
Sé que sigue tan hermosa, sé que sigue tan graciosa
Pero es solo su envoltura, lo que lleva adentro es basura
Me dice que es una diosa, una reina: la gran cosa
Pero aunque sigue tan divina, será siempre una belleza de cantina

[Interludio Instrumental]

[Verso 2]
No te preocupes, mi amor; es verdad, la voy a ver
Es verdad que ella fue toda mi vida
Pero recuerda también que cuando a ti te encontré
Yo me moría de dolor a causa de su partida
No me prohíbas salir, tienes razón al sentir
Todos los celos del mundo, mi vida
Voy solo para afrontar que aquello se terminó
Viendo de frente a quien fue la causa de mi desdicha

[Coro]
Sé que sigue tan hermosa, sé que sigue tan graciosa
Pero es solo su envoltura, lo que lleva adentro es basura
Me dice que es una diosa, una reina: la gran cosa
Pero aunque sigue tan divina, será siempre una belleza de cantina","No te preocupes, mi amor, es verdad, la voy a ver, es verdad que ella fue toda mi vida, pero recuerda también que cuando a ti te encontré, yo me moría de dolor a causa de su partida, no me prohíbas salir, tienes razón al sentir, todos los celos del mundo, mi vida, voy solo para afrontar que aquello se terminó, viendo de frente a quien fue la causa de mi desdicha. Sé que sigue tan hermosa, sé que sigue tan graciosa, pero es solo su envoltura, lo que lleva adentro es basura, me dice que es una diosa, una reina: la gran cosa, pero aunque sigue tan divina, será siempre una belleza de cantina. No te preocupes, mi amor; es verdad, la voy a ver, es verdad que ella fue toda mi vida, pero recuerda también que cuando a ti te encontré, yo me moría de dolor a causa de su partida, no me prohíbas salir, tienes razón al sentir, todos los celos del mundo, mi vida, voy solo para afrontar que aquello se terminó, viendo de frente a quien fue la causa de mi desdicha. Sé que sigue tan hermosa, sé que sigue tan graciosa, pero es solo su envoltura, lo que lleva adentro es basura, me dice que es una diosa, una reina: la gran cosa, pero aunque sigue tan divina, será siempre una belleza de cantina."
T1_TRAIN_0480,7313991,NM,M,0.9281045751633987," del espacio, mami
[Letra de ""Celosa""]

[Intro]
Dice que no es celosa, pero bueno (Pero bueno)
Cuando se enoja me hace la ley del hielo (Ley del hielo)
Mi cuarto queda siete grados bajo cero
Baby, salvame, si no, tal vez me congelo, oh (Sike!)

[Estribillo]
Dice que no es celosa, pero bueno
Cuando se enoja me hace la ley del hielo
Mi cuarto queda sietе grados bajo cero
Baby, salvame, si no, tal vez mе congelo
Dice que no es celosa, pero bueno
Cuando se enoja me hace la ley del hielo
Mi cuarto queda siete grados bajo cero
Baby, salvame, si no, tal vez me congelo

[Verso 1]
Ella conmigo es caliente como el infierno
Pero si quiere, mami, es fría como invierno (Como invierno)
¿A quién le estamos mintiendo?
Sabemo' qué estamos sintiendo (Ya supiste, mami)
Y aunque me gusta que te ponga' celosa (Celosa)
Juro que en este mundo, mami, a ti nadie te compite (Compite)
Es que sé muy bien que tú ere' poderosa (Poderosa)
Y haces que mi presión suba sin que la ropa te quite'
Pero te enojaste y la temperatura bajó como má' de treinta grado'
Y yo no sé qué hacer pa' que le des calor a mi corazón congelado

[Estribillo]
Dice que no es celosa, pero bueno (Pero bueno)
Cuando se enoja me hace la ley del hielo (Ley del hielo)
Mi cuarto queda siete grados bajo cero (Bajo cero)
Baby, salvame, si no, tal vez me congelo
Dice que no es celosa, pero bueno
Cuando se enoja me hace la ley del hielo
Mi cuarto queda siete grados bajo cero
Baby, salvame, si no, tal vez me congelo

[Verso 2]
Mami, estoy tranquilo por ahora (You know)
Pero, baby, si tú quiere' vamo' a to'a (A to'a)
Los mío' con los porro' y las motora' (Tu-tu-tu)
Cuando ella se arrebata, la matadora (¡Rrra!)
Salió con tacones alto', como un castillo
Si sale con sus amiga' va a jalar gatillo
Mucho-mucho flow, hay mucho brillo
En su barrio ya es famosa y no sacó un sencillo
Y si te tengo, no te pierdo más (No, no)
Baby, dame una oportunidad (Una)
Que aunque no tardo en llegarte, se nos está haciendo tarde
No me hagas esperar (No me hagas esperar)

[Estribillo]
Dice-Dice-Dice-Dice-Dice que no es celosa, pero bueno (Bueno)
Cuando se enoja me hace la ley del hielo (Hielo)
Mi cuarto queda siete grados bajo cero (Bajo cero)
Baby, salvame, si no, tal vez me congelo
Dice que no es celosa, pero bueno
Cuando se enoja me hace la ley del hielo
Mi cuarto queda siete grados bajo cero
Baby, salvame, si no, tal vez me congelo

[Outro]
(Dice que no es celosa, pero bueno)
Sike!
(Cuando se enoja me hace la ley del hielo)
Ey, ey, es otro palo pa' la historia, baby
(Mi cuarto queda siete grados bajo cero)
Eh, eh, eh, eh-eh
(Baby, salvame, si no, tal vez me congelo)
Los del espacio, mami","del espacio, mami. Dice que no es celosa, pero bueno Pero bueno, cuando se enoja me hace la ley del hielo Ley del hielo, mi cuarto queda siete grados bajo cero, baby, salvame, si no, tal vez me congelo, oh Sike!. Dice que no es celosa, pero bueno, cuando se enoja me hace la ley del hielo, mi cuarto queda siete grados bajo cero, baby, salvame, si no, tal vez me congelo, dice que no es celosa, pero bueno, cuando se enoja me hace la ley del hielo, mi cuarto queda siete grados bajo cero, baby, salvame, si no, tal vez me congelo. Ella conmigo es caliente como el infierno, pero si quiere, mami, es fría como invierno Como invierno, ¿A quién le estamos mintiendo?, sabemo' qué estamos sintiendo Ya supiste, mami, y aunque me gusta que te ponga' celosa Celosa, juro que en este mundo, mami, a ti nadie te compite Compite, es que sé muy bien que tú ere' poderosa Poderosa, y haces que mi presión suba sin que la ropa te quite', pero te enojaste y la temperatura bajó como má' de treinta grado', y yo no sé qué hacer pa' que le des calor a mi corazón congelado. Dice que no es celosa, pero bueno Pero bueno, cuando se enoja me hace la ley del hielo Ley del hielo, mi cuarto queda siete grados bajo cero Bajo cero, baby, salvame, si no, tal vez me congelo, dice que no es celosa, pero bueno, cuando se enoja me hace la ley del hielo, mi cuarto queda siete grados bajo cero, baby, salvame, si no, tal vez me congelo. Mami, estoy tranquilo por ahora You know, pero, baby, si tú quiere' vamo' a to'a A to'a, los mío' con los porro' y las motora' Tu-tu-tu, cuando ella se arrebata, la matadora ĄRrra!, salió con tacones alto', como un castillo, si sale con sus amiga' va a jalar gatillo, mucho-mucho flow, hay mucho brillo, en su barrio ya es famosa y no sacó un sencillo, y si te tengo, no te pierdo más No, no, baby, dame una oportunidad Una, que aunque no tardo en llegarte, se nos está haciendo tarde, no me hagas esperar No me hagas esperar. Dice-Dice-Dice-Dice-Dice que no es celosa, pero bueno Bueno, cuando se enoja me hace la ley del hielo Hielo, mi cuarto queda siete grados bajo cero Bajo cero, baby, salvame, si no, tal vez me congelo, dice que no es celosa, pero bueno, cuando se enoja me hace la ley del hielo, mi cuarto queda siete grados bajo cero, baby, salvame, si no, tal vez me congelo. Dice que no es celosa, pero bueno, sike!, cuando se enoja me hace la ley del hielo, ey, ey, es otro palo pa' la historia, baby, mi cuarto queda siete grados bajo cero, eh, eh, eh, eh-eh, baby, salvame, si no, tal vez me congelo, los del espacio, mami."
T1_TRAIN_0499,794638,NM,M,0.8617021276595744,"e ti, hoy tengo ganas de ti
[Letra de ""Hoy Tengo Ganas De Ti"" ft. Christina Aguilera]

[Verso 1: Alejandro Fernández]
Fuiste ave de paso y no sé por qué razón
Me fui acostumbrando cada día más a ti
Los dos inventamos la aventura del amor
Llenaste mi vida, y después te vi partir
Sin decirme adiós, yo te vi partir

[Coro: Alejandro Fernández]
Quiero en tus manos abiertas buscar mi camino
Y que te sientas mujer solamente conmigo
Hoy tengo ganas de ti, hoy tengo ganas de ti
Quiero apagar en tus labios la sed de mi alma
Y descubrir el amor juntos cada mañana
Hoy tengo ganas de ti, hoy tengo ganas de ti

[Verso 2: Christina Aguilera, Alejandro Fernández, Ambos]
No hay nada más triste que el silencio y el dolor
Nada más amargo que saber que te perdí
Hoy busco en la noche el sonido de tu voz
Y dónde te escondes, para llenarte de mí
Llenarme de ti, llenarme de ti

[Coro: Christina Aguilera, Alejandro Fernández, Ambos]
Quiero en tus manos abiertas buscar mi camino
Y que te sientas mujer solamente conmigo
Hoy tengo ganas de ti, hoy tengo ganas de ti
Quiero apagar en tus labios la sed de mi alma
Y descubrir el amor juntos cada mañana
Hoy tengo ganas de ti, hoy tengo ganas de ti

[Interludio: Christina Aguilera]
Oh, whoa, uh-oh-oh

[Coro: Ambos, Alejandro Fernández]
Quiero en tus manos abiertas buscar mi camino
Y que te sientas mujer solamente conmigo
Hoy tengo ganas de ti, hoy tengo ganas de ti

[Outro: Christina Aguilera & Alejandro Fernández]
Ah, uh, solamente conmigo
Hoy tengo ganas de ti, hoy tengo ganas de ti","e ti, hoy tengo ganas de ti. Fuiste ave de paso y no sé por qué razón, me fui acostumbrando cada día más a ti, los dos inventamos la aventura del amor, llenaste mi vida, y después te vi partir, sin decirme adiós, yo te vi partir. Quiero en tus manos abiertas buscar mi camino, y que te sientas mujer solamente conmigo, hoy tengo ganas de ti, hoy tengo ganas de ti, quiero apagar en tus labios la sed de mi alma, y descubrir el amor juntos cada mañana, hoy tengo ganas de ti, hoy tengo ganas de ti. No hay nada más triste que el silencio y el dolor, nada más amargo que saber que te perdí, hoy busco en la noche el sonido de tu voz, y dónde te escondes, para llenarte de mí, llenarme de ti, llenarme de ti. Quiero en tus manos abiertas buscar mi camino, y que te sientas mujer solamente conmigo, hoy tengo ganas de ti, hoy tengo ganas de ti, quiero apagar en tus labios la sed de mi alma, y descubrir el amor juntos cada mañana, hoy tengo ganas de ti, hoy tengo ganas de ti. Oh, whoa, uh-oh-oh. Quiero en tus manos abiertas buscar mi camino, y que te sientas mujer solamente conmigo, hoy tengo ganas de ti, hoy tengo ganas de ti. Ah, uh, solamente conmigo, hoy tengo ganas de ti, hoy tengo ganas de ti."
T1_TRAIN_0507,2499268,M,NM,1.0,"
Lo valiente es herencia de su padre
De su madre ha heredado la humildad
El apoyo lo recibió del cartel
Zacatecas es su tierra natal
Muy tranquilo se la pasaba en Jalpa
Hasta que un día lo hicieron enojar

Le ordenaron matar a una familia
Y Panchito no quiso obedecerlos
Sus principios no se lo permitían
No había forma de como convencerlo
Matar niños, mujeres e inocentes
Ni por nada Panchito iba a hacerlo

A Panchito las broncas le llegaron
Porque no quiso cumplir una orden
A todita su familia secuestraron
Le pegaron donde más le duele al hombre
Del más grande al más chico torturaron
Lo que hicieron en verdad no tiene nombre

Y arriba Zacatecas, primo
Ahí le va, compa

Como pudo Panchito hizo las cosas
Y logro rescatar a su familia
La santísima muerte es milagrosa
Dijo panchito ahora va la mía
La familia es sagrada y no se toca
Se metieron con el que no debían

Grandes jefes le dieron el apoyo
Del gobierno y también de la mafia
Le asignaron un grupo de sicarios
Equipados con todo tipo de armas
En caliente llego y limpio el estado
Se vengó y hoy es jefe de la plaza

Aquí estamos para lo que se ofrezca
Soy derecho y siempre fiel al cartel
A la orden, comandante Hamburguesa
Usted sabe que yo nunca sé rajarme
Soy Panchito, soy de Jalpa, Zacatecas
F1 esa es mi mera clave","Lo valiente es herencia de su padre, de su madre ha heredado la humildad, el apoyo lo recibió del cartel, zacatecas es su tierra natal, muy tranquilo se la pasaba en Jalpa, hasta que un día lo hicieron enojar, le ordenaron matar a una familia, y Panchito no quiso obedecerlos, sus principios no se lo permitían, no había forma de como convencerlo, matar niños, mujeres e inocentes, ni por nada Panchito iba a hacerlo, a Panchito las broncas le llegaron, porque no quiso cumplir una orden, a todita su familia secuestraron, le pegaron donde más le duele al hombre, del más grande al más chico torturaron, lo que hicieron en verdad no tiene nombre, y arriba Zacatecas, primo, ahí le va, compa, como pudo Panchito hizo las cosas, y logro rescatar a su familia, la santísima muerte es milagrosa, dijo panchito ahora va la mía, la familia es sagrada y no se toca, se metieron con el que no debían, grandes jefes le dieron el apoyo, del gobierno y también de la mafia, le asignaron un grupo de sicarios, equipados con todo tipo de armas, en caliente llego y limpio el estado, se vengó y hoy es jefe de la plaza, aquí estamos para lo que se ofrezca, soy derecho y siempre fiel al cartel, a la orden, comandante Hamburguesa, usted sabe que yo nunca sé rajarme, soy Panchito, soy de Jalpa, Zacatecas, f1 esa es mi mera clave."
T1_TRAIN_0522,1721614,NM,M,0.9893617021276596,"
[Letra de ""Cuando El Destino""]

No vengo a pedirte amores
Ya no quiero tu cariño
Si una vez te amé en la vida
No lo vuelvas a decir

Me contaron tus amigos
Que te encuentras muy solita
Que maldices a tu suerte
Porque piensas mucho en mí

Es por eso que he venido
A reírme de tu pena
Yo que a Dios le había pedido
Que te hundiera más que a mí

Dios me ha dado ese capricho
Y he venido a verte hundida
Para hacerte yo en la vida
Como tú me hiciste a mí

Ya lo ves como el destino
Todo cobra y nada olvida
Ya lo ves como un cariño
Nos arrastra y nos humilla

Qué bonita es la venganza
Cuando Dios nos la concede:
Yo sabía que en la revancha
Te tenía que hacer perder

Ahí te dejo mi desprecio
Yo que tanto te adoraba
Pa' que veas cual es el precio
De las leyes del querer","No vengo a pedirte amores, ya no quiero tu cariño, si una vez te amé en la vida, no lo vuelvas a decir, me contaron tus amigos, que te encuentras muy solita, que maldices a tu suerte, porque piensas mucho en mí, es por eso que he venido, a reírme de tu pena, yo que a Dios le había pedido, que te hundiera más que a mí, dios me ha dado ese capricho, y he venido a verte hundida, para hacerte yo en la vida, como tú me hiciste a mí, ya lo ves como el destino, todo cobra y nada olvida, ya lo ves como un cariño, nos arrastra y nos humilla, qué bonita es la venganza, cuando Dios nos la concede:, yo sabía que en la revancha, te tenía que hacer perder, ahí te dejo mi desprecio, yo que tanto te adoraba, pa' que veas cual es el precio, de las leyes del querer."
T1_TRAIN_0524,10434777,NM,M,0.9008264462809917,"r

[Outro Instrumental]
[Letra de ""Posdata:""]

[Intro]
(Woh-oh-oh)

[Refrán]
Fue genial, lo de comernos pero sin hablar
Por miedo a definir, eso que no se puede explicar (Woh)

[Pre-Coro]
Vivo anotando en mi libreta todo lo que me venía pasando
También las vece' que ni me saludabas porque él estaba a tu lado

[Coro]
Debe ser
Que la obsesión me ganó otra vez
Yo estaba mal y tú estabas bien
Jugando conmigo y también con él (Y también con él)
Solo friends
Así es como debe ser
Ya bajé la guardia una vez
Y tú siempre salеs ganando

[Verso]
No sé por él, pero lo tengo bien еn claro
Aunque choquemo' el cuerpo, el corazón está blindado
Guardado bajo llave, eso no lo negociamo' (Woh-oh-oh)
Apagamo' el corazón y la razón no la usamo'
Si me llama, es para devorarno' (Yeah-eh-eh)
Si me escribe, me dice: ""Bórralo"" (Woh-oh)
Yo sé muy bien que no me tiene' agendado (Woh)
Pero en mi libreta tengo todo anotado
Un pecado cometimos
Cuando en la cama nos comimo', encima no' encendimo'
Después nos prometimos que para ser prolijos
Que no hayan testigos

[Pre-Coro]
Vivo anotando en mi libreta todo lo que me venía pasando
También las vece' que ni me saludaba' porque él estaba a tu lado

[Coro]
Debe ser
Que la obsesión me ganó otra vez
Yo estaba mal y tú estabas bien
Jugando conmigo y también con él (Y también con él)
Solo friends
Así es como debe ser
Ya bajé la guardia una vez
Y tú siempre sales ganando

[Refrán]
Fue genial, lo de comernos pero sin hablar
Por miedo a definir, eso que no se puede explicar

[Outro Instrumental]","Woh-oh-oh. Fue genial, lo de comernos pero sin hablar, por miedo a definir, eso que no se puede explicar Woh. Vivo anotando en mi libreta todo lo que me venía pasando, también las vece' que ni me saludabas porque él estaba a tu lado. Debe ser, que la obsesión me ganó otra vez, yo estaba mal y tú estabas bien, jugando conmigo y también con él Y también con él, solo friends, así es como debe ser, ya bajé la guardia una vez, y tú siempre sales ganando. No sé por él, pero lo tengo bien en claro, aunque choquemo' el cuerpo, el corazón está blindado, guardado bajo llave, eso no lo negociamo' Woh-oh-oh, apagamo' el corazón y la razón no la usamo', si me llama, es para devorarno' Yeah-eh-eh, si me escribe, me dice: Bórralo Woh-oh, yo sé muy bien que no me tiene' agendado Woh, pero en mi libreta tengo todo anotado, un pecado cometimos, cuando en la cama nos comimo', encima no' encendimo', después nos prometimos que para ser prolijos, que no hayan testigos. Vivo anotando en mi libreta todo lo que me venía pasando, también las vece' que ni me saludaba' porque él estaba a tu lado. Debe ser, que la obsesión me ganó otra vez, yo estaba mal y tú estabas bien, jugando conmigo y también con él Y también con él, solo friends, así es como debe ser, ya bajé la guardia una vez, y tú siempre sales ganando. Fue genial, lo de comernos pero sin hablar, por miedo a definir, eso que no se puede explicar."
T1_TRAIN_0525,1175532,M,NM,0.7009345794392523,"
[Letra de ""Ven Devórame Otra Vez""]

[Intro]
He llenado tu tiempo vacío de aventuras más
Y mi mente ha parido nostalgia por no verte ya
Y haciendo el amor te he nombrado sin quererlo yo
Porque en todas busco lo salvaje de tu sexo amor

[Verso]
Hasta en sueños he creído tenerte devorándome
Y he mojado mis sabanas blancas recordándote
En mi cama nadie es como tu
No he podido encontrar la mujer
Que dibuje mi cuerpo en cada rincón
Sin que sobre un pedazo de piel

[Coro]
Ay ven devórame otra vez
Ven devórame otra vez
Ven castígame con tus deseos más
Que el vigor lo guardé para ti
Ay ven devórame otra vez
Ven devórame otra vez
Que la boca me sabe a tu cuerpo
Desesperan mis ganas por ti

[Verso]
Hasta en sueños he creído tenerte devorándome
Y he mojado mis sabanas blancas llorándote
En mi cama nadie es como tu
No he podido encontrar la mujer
Que dibuje mi cuerpo en cada rincón
Sin que sobre un pedazo de piel, ay ven

[Coro]
Devórame otra vez
Ven devórame otra vez
Ven castígame con tus deseos más
Que el vigor lo guardé para ti
Ay ven devórame otra vez
Ven devórame otra vez
Que la boca me sabe a tu cuerpo
Desesperan mis ganas por ti

Hasta en sueños he creído tenerte devorándome
Y he mojado mis sabanas blancas llorándote
En mi cama nadie es como tu
No he podido encontrar la mujer
Que dibuje mi cuerpo en cada rincón
Sin que sobre un pedazo de piel

[Coro]
Ven devórame otra vez, ven devórame otra vez
Ven castígame con tus deseos más
Que el vigor lo guarde para ti
Ay ven devórame otra vez
Ven devórame otra vez
Que la boca me sabe a tu cuerpo
Desesperan mis ganas por ti
Ven devórame otra vez, ven devórame otra vez

[Coro]
Ven devórame otra vez, devórame otra vez
Hace tiempo que mi cuerpo
Esta reclamando en silencio
Tus momentos de placer
Ven devórame otra vez, devórame otra vez
Son ansias de amarte
Deseos de mi carne
Que hacen que te llame ven devórame
Devórame otra vez, devórame otra vez
Devórame suavecito y con calma
Hasta el amanecer
Devórame otra vez, devórame otra vez
Ven castígame con tus deseos más
Que el vigor lo guarde para ti, ven","He llenado tu tiempo vacio, de aventuras mas, y mi mente ha parido nostalgias, por no verte ya, y haciendo el amor te he nombrado, sin quererlo yo, porquÇ¨ en todas busco lo salvaje, de tu sexo amor, hasta en sueño he creido tenerte devorandome, y he mojado mis sabanas blancas recordandote, en mi cama nadie es como tu, no he podido encontrar la mujer, que dibuje mi cuerpo en cada rincon, sin que sobre un pedazo de piel, ay ven devorame otra vez, ven devorame otra vez, ven castigame con tu deseos mas, que el vigor lo guardÇ¨ para ti, ay ven devorame otra vez, ven devoranme otra vez, que la boca me sabe a tu cuerpo, desesperan mis ganas por ti, hasta en sueño e creido tenerte devorandome, y he mojado mis sabanas blancas llorandote, en mi cama nadie es como tu, no he podio encontrar la mujer, que dibuje mi cuerpo en cada rincon, sin que sobre un pedalo de piel, ay ven devorame otra vez, ven devorame otra vez, ven castigame con tu deseos mas, que el vigor lo guardÇ¨ para ti, ay ven devorame otra vez, ven devoranme otra vez, que la boca me sabe a tu cuerpo, desesperan mis ganas por ti."
T1_TRAIN_0550,9061212,NM,M,0.9405940594059405,"
[Letra de ""Marquesina""]

[Intro]
I-I-ICON

[Refrán]
¿Qué pasó? ¿Por qué tan perdida, bebé?
¿Fue que consiguió novio? ¿Por qué anda tan creída?
Si cada vez que nos vemos en ese bar
No podemos aguantar y nos vamos a la vida

[Coro]
Porque qué hijueputas ganas tengo de volver a hacerlo
Como cuando los perreos eran de marquesina
Guillada tenerte en una esquina
Guayándote
Porque qué hijueputas ganas tengo de volver a hacerlo
Como cuando los perreos eran de marquesina
Guillada tenerte en una esquina
Guayándote

[Verso]
Estamo' en confianza, ya no hay respeto
En un VIP pa' darte al acecho
La vi llegar, me cogió de quieto
Se viró de espalda y aquí es que apreto
Vamo' a parcharno', que no es pa' serio
Te llevo unas gana' desde hace tiempo
Me tienes solo en inquieta
Esperando a ver cuándo te concreto
Te confieso que me tienes mal
Como la de Riko, provoca chingar
Con los bluntes esto empezamo' a activar

[Coro]
Porque qué hijueputas ganas tengo de volver a hacerlo
Como cuando los perreos eran de marquesina
Guillada tenerte en una esquina
Guayándote
Porque qué hijueputas ganas tengo de volver a hacerlo
Como cuando los perreos eran de marquesina
Guillada tenerte en una esquina
Guayándote

[Refrán]
¿Qué pasó? ¿Por qué tan perdida, bebé?
¿Fue que consiguió novio? ¿Por qué anda tan creída?
Si cada vez que nos vemos en ese bar
No podemos aguantar y nos vamos a la vida

[Outro]
Porque qué hijueputas ganas tengo
Como cuando los perreos eran de marquesina","I-I-ICON, ¿Qué pasó? ¿Por qué tan perdida, bebé?, ¿Fue que consiguió novio? ¿Por qué anda tan creída?, si cada vez que nos vemos en ese bar, no podemos aguantar y nos vamos a la vida, porque qué hijueputas ganas tengo de volver a hacerlo, como cuando los perreos eran de marquesina, guillada tenerte en una esquina, guayándote, porque qué hijueputas ganas tengo de volver a hacerlo, como cuando los perreos eran de marquesina, guillada tenerte en una esquina, guayándote, estamo' en confianza, ya no hay respeto, en un VIP pa' darte al acecho, la vi llegar, me cogió de quieto, se viró de espalda y aquí es que apreto, vamo' a parcharno', que no es pa' serio, te llevo unas gana' desde hace tiempo, me tienes solo en inquieta, esperando a ver cuándo te concreto, te confieso que me tienes mal, como la de Riko, provoca chingar, con los bluntes esto empezamo' a activar, porque qué hijueputas ganas tengo de volver a hacerlo, como cuando los perreos eran de marquesina, guillada tenerte en una esquina, guayándote, porque qué hijueputas ganas tengo de volver a hacerlo, como cuando los perreos eran de marquesina, guillada tenerte en una esquina, guayándote, ¿Qué pasó? ¿Por qué tan perdida, bebé?, ¿Fue que consiguió novio? ¿Por qué anda tan creída?, si cada vez que nos vemos en ese bar, no podemos aguantar y nos vamos a la vida, porque qué hijueputas ganas tengo, como cuando los perreos eran de marquesina."
T1_TRAIN_0552,6855805,NM,M,0.8857142857142857,"
[Letra de ""Si Tú Me Dices Ven""]

[Verso 1]
Si tú me dices ven, lo dejo todo
Si tú me dices ven, será todo para ti
Mis momentos más ocultos también te los daré
Mis secretos que son pocos serán tuyos también
Si tú me dices ven, todo cambiará
Si tú me dices ven, habrá felicidad
Si tú me dices ven, si tú me dices ven

[Pre-Coro]
No detengas el momento por las indecisiones
Para unir alma con alma, corazón con corazón
Reír contigo ante cualquier dolor
Llorar contigo, llorar contigo será mi salvación, ay

[Coro]
Si tú me dices ven, lo dejo todo
Que no sе te haga tarde y te еncuentres en la calle
Perdida, sin rumbo, y en el lodo
Si tú me dices ven, lo dejo todo
Oh-oh
Oh, no, no
Oh-oh

[Pre-Coro]
No detengas el momento por las indecisiones
Para unir alma con alma, corazón con corazón
Reír contigo ante cualquier dolor
Llorar contigo, llorar contigo será mi salvación, ay

[Coro]
Pero si tú me dices ven, lo dejo todo
Que no se te haga tarde y te encuentres en la calle
Perdida, sin rumbo, y en el lodo
Si tú me dices ven, lo dejo todo
Oh-oh
Oh, no
Oh-oh
Ay, lo dejo
Ay, todo","Si tú me dices ven, lo dejo todo, si tú me dices ven, será todo para ti, mis momentos más ocultos también te los daré, mis secretos que son pocos serán tuyos también, si tú me dices ven, todo cambiará, si tú me dices ven, habrá felicidad, si tú me dices ven, si tú me dices ven, no detengas el momento por las indecisiones, para unir alma con alma, corazón con corazón, reír contigo ante cualquier dolor, llorar contigo, llorar contigo será mi salvación, ay, si tú me dices ven, lo dejo todo, que no se te haga tarde y te encuentres en la calle, perdida, sin rumbo, y en el lodo, si tú me dices ven, lo dejo todo, oh-oh, oh, no, no, oh-oh, no detengas el momento por las indecisiones, para unir alma con alma, corazón con corazón, reír contigo ante cualquier dolor, llorar contigo, llorar contigo será mi salvación, ay, pero si tú me dices ven, lo dejo todo, que no se te haga tarde y te encuentres en la calle, perdida, sin rumbo, y en el lodo, si tú me dices ven, lo dejo todo, oh-oh, oh, no, oh-oh, ay, lo dejo, ay, todo."
T1_TRAIN_0589,1072041,M,NM,1.0,"
Se me olvido olvidarte why me muero en un camino de dolor
Que no conduce alguna parte se me olvido que te marchaste
Que la emocion que tu sentias de tu amor
Porque jamas latio por mi tu corazon

Se me olvido why sigo viva why tengo mil caricias llenas
De pasion para entregar a quien las pida
Si recordar es otra vez vivir al diablo tu recuerdo
Que se lo lleva el viento con tu adios

De hoy en adelante voy a vivir de nuevo
Sin miedo a enamorarme why desnudarme de tus besos
De hoy en adelante voy a dejar de amarte
Sere como era antes que estrenaras mi cuerpo

De hoy en adelante no te hechare de menos
Me entregare a otros brazos que me den amor sincero
De hoy en adelante ya no voy a extrañarte
Aprendere a olvidarte why a pensar en mi primero

Se me olvido olvidarte ya no quiero despertarme
Como ayer sabiendo que volvi a soñarte
Si recordar es otra vez vivir al diablo tu recuerdo
Que so le lleva el viento con tu adios

De hoy en adelante voy a vivir de nuevo
Sin miedo a enamorarme why desnudarme de tus besos
De hoy en adelante voy a dejar de amarte
Sere como era antes que estrenaras mi cuerpo

De hoy en adelante no te hechare de menos
Me entregare a otros brazos que me den amor sincero
De hoy en adelante ya no voy a extrañarte
Aprendere a olvidarte why a pensar en mi primero

Aprendere a olvidarte
Why a pensar en mi primero","Se me olvido olvidarte why me muero en un camino de dolor, que no conduce alguna parte se me olvido que te marchaste, que la emocion que tu sentias de tu amor, porque jamas latio por mi tu corazon, se me olvido why sigo viva why tengo mil caricias llenas, de pasion para entregar a quien las pida, si recordar es otra vez vivir al diablo tu recuerdo, que se lo lleva el viento con tu adios, de hoy en adelante voy a vivir de nuevo, sin miedo a enamorarme why desnudarme de tus besos, de hoy en adelante voy a dejar de amarte, sere como era antes que estrenaras mi cuerpo, de hoy en adelante no te hechare de menos, me entregare a otros brazos que me den amor sincero, de hoy en adelante ya no voy a extrañarte, aprendere a olvidarte why a pensar en mi primero, se me olvido olvidarte ya no quiero despertarme, como ayer sabiendo que volvi a soñarte, si recordar es otra vez vivir al diablo tu recuerdo, que so le lleva el viento con tu adios, de hoy en adelante voy a vivir de nuevo, sin miedo a enamorarme why desnudarme de tus besos, de hoy en adelante voy a dejar de amarte, sere como era antes que estrenaras mi cuerpo, de hoy en adelante no te hechare de menos, me entregare a otros brazos que me den amor sincero, de hoy en adelante ya no voy a extrañarte, aprendere a olvidarte why a pensar en mi primero, aprendere a olvidarte, why a pensar en mi primero."
T1_TRAIN_0606,1960230,NM,M,1.0,"
Estoy tocando a tu puerta
Porque vengo a reclamarte
Ya hay muchos que me dijeron
Que te paseas con tu amante
Pero que eres mala amiga
Mala amiga resultaste

Antes de achacarme algo
Mira quien es el culpable
Yo trate de confesarte
Y no quisiste aceptarlo
Tu marido es ojo alegre
Y pues no pude evitarlo

Y por ser un ojo alegre
Tu lista que te apuntaste
Seguro que te obligo
Y no pudiste negarte
Te le metiste a mi cama
Tu también me traicionaste

Deja de hacerte la ilusa
Vamos ajustando cuentas
Tu cometiste el error
De que lo tomara en cuenta
Bien que tu me platicabas
Lo que el te hacia en la cama

Hay que ponernos de acuerdo
Vamos ajustando cuentas
Hay que dejarnos las dos
Para que el cabrón lo sienta
No hay que pelearnos nosotras
Busquémonos, quien nos consienta

Vamos a jugarle un cuatro
Y a divertirnos tantito
Vamos a decirle a todas
Que lo tiene muy chiquito
Que no sirve pal arranque
Solo dura un momentito

Hay que apoyarnos mujeres
Y dejar ay que nos mientan
Hay que dejarlo sufrir
Que llore y se arrepienta
Y que sepa valorarnos
Que no nos crea sus sirvientas

Hay que ponernos de acuerdo
Vamos ajustando cuentas
Hay que dejarnos las dos
Para que el cabrón lo sienta
No hay que pelearnos nosotras
Busquémonos, quien nos consienta","Estoy tocando a tu puerta, porque vengo a reclamarte, ya hay muchos que me dijeron, que te paseas con tu amante, pero que eres mala amiga, mala amiga resultaste, antes de achacarme algo, mira quien es el culpable, yo trate de confesarte, y no quisiste aceptarlo, tu marido es ojo alegre, y pues no pude evitarlo, y por ser un ojo alegre, tu lista que te apuntaste, seguro que te obligo, y no pudiste negarte, te le metiste a mi cama, tu también me traicionaste, deja de hacerte la ilusa, vamos ajustando cuentas, tu cometiste el error, de que lo tomara en cuenta, bien que tu me platicabas, lo que el te hacia en la cama, hay que ponernos de acuerdo, vamos ajustando cuentas, hay que dejarnos las dos, para que el cabrón lo sienta, no hay que pelearnos nosotras, busquémonos, quien nos consienta, vamos a jugarle un cuatro, y a divertirnos tantito, vamos a decirle a todas, que lo tiene muy chiquito, que no sirve pal arranque, solo dura un momentito, hay que apoyarnos mujeres, y dejar ay que nos mientan, hay que dejarlo sufrir, que llore y se arrepienta, y que sepa valorarnos, que no nos crea sus sirvientas, hay que ponernos de acuerdo, vamos ajustando cuentas, hay que dejarnos las dos, para que el cabrón lo sienta, no hay que pelearnos nosotras, busquémonos, quien nos consienta."
T1_TRAIN_0622,224335,M,NM,0.9681274900398407,"
[Letra de ""Pedro Navaja""]

[Verso]
Por la esquina del viejo barrio lo vi pasar
Con el tumba'o que tienen los guapos al caminar
Las manos siempre en los bolsillos de su gabán
Pa' que no sepan en cuál de ellas lleva el puñal
Usa sombrero de ala ancha de medio la'o
Y zapatillas por si hay problemas, salir vola'o
Lentes oscuros pa' que no sepan qué está mirando
Y un diente de oro que cuando ríe se ve brillando
Como a tres cuadras de aquella esquina, una mujer
Va recorriendo la acera entera por quinta vez
Y en un zaguán entra y se da un trago para olvidar
Que el día está flojo y no hay clientes pa' trabajar
Un carro pasa muy despacito por la avenida
No tiene marcas, pero to' saben que e' policía, hmm
Pedro Navaja, las manos siempre dentro 'el gabán
Mira y sonríe y el diente de oro vuelve a brillar
Mientras camina pasa la vista de esquina a esquina
No se ve un alma, está desierta to'a la avenida
Cuando, de pronto, esa mujer sale del zaguán
Y Pedro Navaja aprieta un puño dentro 'el gabán
Mira pa' un lado, mira pa'l otro y no ve a nadie
Y a la carrera, pero sin ruido, cruza la calle
Y mientras tanto, en la otra acera va esa mujer
Refunfuñando, pues no hizo pesos con qué comer
Mientras camina del viejo abrigo saca un revolver, esa mujer
Y va a guardarlo en su cartera pa' que no estorbe
Un .38, Smith & Wesson del especial
Que carga encima pa' que la libre de todo mal
Y Pedro Navaja, puñal en mano, le fue pa' encima
El diente de oro iba alumbrando to'a la avenida (¡Guiso fácil!)
Mientras reía, el puñal le hundía sin compasión
Cuando, de pronto, sonó un disparo como un cañón
Y Pedro Navaja cayó en la acera mientras veía a esa mujer
Que, revolver en mano y de muerte herida, a él le decía:
""Yo que pensaba: hoy no es mi día, estoy salá'
Pero Pedro Navaja, tú estás peor, ¡no estás en na'!""
Y créanme, gente, que aunque hubo ruido nadie salió
No hubo curiosos, no hubo preguntas, nadie lloró
Sólo un borracho con los dos cuerpos se tropezó
Cogió el revolver, el puñal, los pesos y se marchó
Y tropezando se fue cantando desafina'o
El coro que aquí les traje, y da el mensaje de mi canción

[Coro]
La vida te da sorpresas, sorpresas te da la vida, ¡ay, Dios!
La vida te da sorpresas, sorpresas te da la vida, ¡ay, Dios!
Pedro Navaja, matón de esquina
Quien a hierro mata, a hierro termina
La vida te da sorpresas, sorpresas te da la vida, ¡ay, Dios!
Maleante pescador, el anzuelo que tiraste
En vez de una sardina, un tiburón enganchaste

[Puente]
La, la, la, la, la, la, la, la
I like to live in America

[Coro]
La vida te da sorpresas, sorpresas te da la vida, ¡ay, Dios!
Ocho millones de historias tiene la ciudad de Nueva York
La vida te da sorpresas, sorpresas te da la vida, ¡ay, Dios!
Como decía mi abuelita: ""El que de último ríe, se ríe mejor""

[Puente]
La, la, la, la, la, la, la, la
La, la, la, la, la, la, la, la
I like to live in America

[Coro]
La vida te da sorpresas, sorpresas te da la vida, ¡ay, Dios!
Cuando lo manda el destino no lo cambia ni el más bravo
Si naciste pa' martillo del cielo te caen los clavos
La vida te da sorpresas, sorpresas te da la vida, ¡ay, Dios!
En barrio de guapos cuida'o en la acera
Cuida'o camará', que el que no corre, vuela
La vida te da sorpresas, sorpresas te da la vida, ¡ay, Dios!
Como en una novela de Kafka, el borracho doblo por el callejón
La vida te da sorpresas, sorpresas te da la vida, ¡ay Dios!","Por la esquina del viejo barrio lo vi pasar, con el tumba'o que tienen los guapos al caminar, las manos siempre en los bolsillos de su gabán, pa' que no sepan en cuál de ellas lleva el puñal, usa sombrero de ala ancha de medio la'o, y zapatillas por si hay problemas, salir vola'o, lentes oscuros pa' que no sepan qué está mirando, y un diente de oro que cuando ríe se ve brillando, como a tres cuadras de aquella esquina, una mujer, va recorriendo la acera entera por quinta vez, y en un zaguán entra y se da un trago para olvidar, que el día está flojo y no hay clientes pa' trabajar, un carro pasa muy despacito por la avenida, no tiene marcas, pero to' saben que e' policía, hmm, pedro Navaja, las manos siempre dentro 'el gabán, mira y sonríe y el diente de oro vuelve a brillar, mientras camina pasa la vista de esquina a esquina, no se ve un alma, está desierta to'a la avenida, cuando, de pronto, esa mujer sale del zaguán, y Pedro Navaja aprieta un puño dentro 'el gabán, mira pa' un lado, mira pa'l otro y no ve a nadie, y a la carrera, pero sin ruido, cruza la calle, y mientras tanto, en la otra acera va esa mujer, refunfuñando, pues no hizo pesos con qué comer, mientras camina del viejo abrigo saca un revolver, esa mujer, y va a guardarlo en su cartera pa' que no estorbe, un .38, Smith & Wesson del especial, que carga encima pa' que la libre de todo mal, y Pedro Navaja, puñal en mano, le fue pa' encima, el diente de oro iba alumbrando to'a la avenida ĄGuiso fácil!, mientras reía, el puñal le hundía sin compasión, cuando, de pronto, sonó un disparo como un cañón, y Pedro Navaja cayó en la acera mientras veía a esa mujer, que, revolver en mano y de muerte herida, a él le decía:, yo que pensaba: hoy no es mi día, estoy salá', pero Pedro Navaja, tú estás peor, Ąno estás en na'!, y créanme, gente, que aunque hubo ruido nadie salió, no hubo curiosos, no hubo preguntas, nadie lloró, sólo un borracho con los dos cuerpos se tropezó, cogió el revolver, el puñal, los pesos y se marchó, y tropezando se fue cantando desafina'o, el coro que aquí les traje, y da el mensaje de mi canción, la vida te da sorpresas, sorpresas te da la vida, Ąay, Dios!, la vida te da sorpresas, sorpresas te da la vida, Ąay, Dios!, pedro Navaja, matón de esquina, quien a hierro mata, a hierro termina, la vida te da sorpresas, sorpresas te da la vida, Ąay, Dios!, maleante pescador, el anzuelo que tiraste, en vez de una sardina, un tiburón enganchaste, la, la, la, la, la, la, la, la, i like to live in America, la vida te da sorpresas, sorpresas te da la vida, Ąay, Dios!, ocho millones de historias tiene la ciudad de Nueva York, la vida te da sorpresas, sorpresas te da la vida, Ąay, Dios!, como decía mi abuelita: El que de último ríe, se ríe mejor, la, la, la, la, la, la, la, la, la, la, la, la, la, la, la, la, i like to live in America, la vida te da sorpresas, sorpresas te da la vida, Ąay, Dios!, cuando lo manda el destino no lo cambia ni el más bravo, si naciste pa' martillo del cielo te caen los clavos, la vida te da sorpresas, sorpresas te da la vida, Ąay, Dios!, en barrio de guapos cuida'o en la acera, cuida'o camará', que el que no corre, vuela, la vida te da sorpresas, sorpresas te da la vida, Ąay, Dios!, como en una novela de Kafka, el borracho doblo por el callejón, la vida te da sorpresas, sorpresas te da la vida, Ąay Dios!."
T1_TRAIN_0642,7671208,NM,M,0.926605504587156,"
[Letra de ""Niña de Mis Ojos""]

[Verso 1]
Desde aquella noche con el cielo estrellado
Yo me perdí en tus ojos y desde entonces no he regresado
No quiero que pienses que estoy obsesionado
Pero ¿cómo lo escondo si cada noche yo te he soñado?

[Coro]
La niña de mis ojos, nada te cambiaria
Si ya no me quisieras, te juro que yo me moriría
La niña de mis ojos, nada te cambiaria
Ay, si tú supieras lo que te haría, lo que te haría

[Verso 2]
Qué bonita es
Mira, mira qué bonita es
Qué bonita
Como me mira que hasta mi piel eriza
Su pelo suelto combina con la brisa, me solicita
Espérame afuera que yo le llego ahorita
Pa' que me cantes como antes
Pa' que me sientas al instante
Pa' que sonrías mientras yo sonrío
Tú sabes que sigues siendo

[Coro]
La niña de mis ojos, nada te cambiaria
Si ya no me quisieras, te juro que yo me moriría
La niña de mis ojos, nada te cambiaria
Ay, si tú supieras lo que te haría, lo que te haría

[Verso 3]
Eres como una serpiente venenosa
Me tienes atado sin esposas
Yo no vengo a regalarte rosas
Pero te entrego mi corazón
Eres como una serpiente venenosa
Me tienes atado sin esposas
Yo no vengo a regalarte rosas
Pero te entrego mi corazón

[Verso 4]
La niña de mis ojo'
La que viste de negro y si fuera poco
Ella tiene todo, baby, todo, todo
Ella tiene todo de mí, todo, todo

[Coro]
La niña de mis ojos, nada te cambiaria
Si ya no me quisieras, te juro que yo me moriría

[Outro]
México, RD en la casa","Desde aquella noche con el cielo estrellado, yo me perdí en tus ojos y desde entonces no he regresado, no quiero que pienses que estoy obsesionado, pero ¿cómo lo escondo si cada noche yo te he soñado?. La niña de mis ojos, nada te cambiaria, si ya no me quisieras, te juro que yo me moriría, la niña de mis ojos, nada te cambiaria, ay, si tú supieras lo que te haría, lo que te haría. Qué bonita es, mira, mira qué bonita es, qué bonita, como me mira que hasta mi piel eriza, su pelo suelto combina con la brisa, me solicita, espérame afuera que yo le llego ahorita, pa' que me cantes como antes, pa' que me sientas al instante, pa' que sonrías mientras yo sonrío, tú sabes que sigues siendo. La niña de mis ojos, nada te cambiaria, si ya no me quisieras, te juro que yo me moriría, la niña de mis ojos, nada te cambiaria, ay, si tú supieras lo que te haría, lo que te haría. Eres como una serpiente venenosa, me tienes atado sin esposas, yo no vengo a regalarte rosas, pero te entrego mi corazón, eres como una serpiente venenosa, me tienes atado sin esposas, yo no vengo a regalarte rosas, pero te entrego mi corazón. La niña de mis ojo', la que viste de negro y si fuera poco, ella tiene todo, baby, todo, todo, ella tiene todo de mí, todo, todo. La niña de mis ojos, nada te cambiaria, si ya no me quisieras, te juro que yo me moriría. México, RD en la casa."
T1_TRAIN_0643,1391449,M,NM,0.9215686274509803,"
[Letra de ""Te Va A Doler""]

[Verso 1]
Es una pena que tú seas así
Que no te guste ser llevada por la buena
No entiendo cómo tú pretendes ser feliz
Con ese idiota que te trata como a una cualquiera

[Pre-Coro]
Sé que algún día te hará falta mi amor
Y no lo digo por despecho aunque parezca
Te equivocaste al elegir entre él y yo
Pero te vas a arrepentir la vida entera

[Coro]
Te va a doler
Tarde o temprano ya verás lo que te toca
Cuando tu piel ya no le excite y te abandone
O al descubrir con amargura que tiene a otra
Te va a doler
Como me está doliendo ahora que me dejas
Pero este amor no ha de durarme para siempre
Y te lo advierto de una vez, mejor ni vuelvas

[Pre-Coro]
Sé que algún día te hará falta mi amor
Y no lo digo por despecho aunque parezca
Te equivocaste al elegir entre él y yo
Pero te vas a arrepentir la vida entera

[Coro]
Te va a doler
Tarde o temprano ya verás lo que te toca
Cuando tu piel ya no le excite y te abandone
O al descubrir con amargura que tiene a otra
Te va a doler
Como me está doliendo ahora que me dejas
Pero este amor no ha de durarme para siempre
Y te lo advierto de una vez, mejor ni vuelvas

[Refrán]
(Y yo sé que te va a doler)
Tarde o temprano ya verás lo que te toca
Cuando tu piel no le excite cuando te bese la boca
(Y yo sé que te va a doler)
Como me está doliendo ahora
Que me dejas, que me dejas
Y así que no te importa
(Y yo sé que te va a doler)
Sé que algún día te voy a hacer falta, mi amor

[Interludio]
Otra vez, Maelo Ruíz

[Instrumental]

[Refrán]
(Y yo sé que te va a doler)
Te equivocaste al elegir, tú te vas a arrepentir
Y así no podrás vivir sabiendo que la pena te ahoga
(Y yo sé que te va a doler)
Porque este amor ha de durarme para siempre","Es una pena que tú seas así, que no te guste ser llevada por la buena, no entiendo cómo tú pretendes ser feliz, con ese idiota que te trata como a una cualquiera. Sé que algún día te hará falta mi amor, y no lo digo por despecho aunque parezca, te equivocaste al elegir entre él y yo, pero te vas a arrepentir la vida entera. Te va a doler, tarde o temprano ya verás lo que te toca, cuando tu piel ya no le excite y te abandone, o al descubrir con amargura que tiene a otra, te va a doler, como me está doliendo ahora que me dejas, pero este amor no ha de durarme para siempre, y te lo advierto de una vez, mejor ni vuelvas. Sé que algún día te hará falta mi amor, y no lo digo por despecho aunque parezca, te equivocaste al elegir entre él y yo, pero te vas a arrepentir la vida entera. Te va a doler, tarde o temprano ya verás lo que te toca, cuando tu piel ya no le excite y te abandone, o al descubrir con amargura que tiene a otra, te va a doler, como me está doliendo ahora que me dejas, pero este amor no ha de durarme para siempre, y te lo advierto de una vez, mejor ni vuelvas. Y yo sé que te va a doler, tarde o temprano ya verás lo que te toca, cuando tu piel no le excite cuando te bese la boca, y yo sé que te va a doler, como me está doliendo ahora, que me dejas, que me dejas, y así que no te importa, y yo sé que te va a doler, sé que algún día te voy a hacer falta, mi amor. Otra vez, Maelo Ruíz. Y yo sé que te va a doler, te equivocaste al elegir, tú te vas a arrepentir, y así no podrás vivir sabiendo que la pena te ahoga, y yo sé que te va a doler, porque este amor ha de durarme para siempre."
T1_TRAIN_0649,1103575,NM,M,0.93,"
[Letra de ""Quiero Besarte""]

Ah
¡Auh!
He, he, he, he, he

Hey, no me digas nada
Lo veo todo en tu mirada
Estás intentando irte
Y yo deseo conseguirte, he

Quiero, quiero, quiero besarte
Quiero, quiero, quiero besarte
Quiero, quiero, quiero besarte
¡Guaha-ha! Ahaha

Hey, siéntate a mi lado
Hey, me gustas demasiado
Estoy nervioso y excitado
Nena, no me dejes colgado

Espera, no te vayas, quédate un momento
Déjame explicarte porque te estás confundiendo
Sólo quiero conocerte y pasármelo bien

Ven, dame la mano, nadie nos estorba
Hoy no hay nadie en casa y me encuentro muy en forma
Deja que te quite la ropa y no apagues la luz

Quiero, quiero, quiero besarte
Quiero, quiero, quiero besarte, nena
Quiero, quiero, quiero besarte
¡Guaha-ha! Ahaha

Uh, uh
Siqui-du, siqui-du, siqui-du, siqui-du
Siqui-du, siqui-du, siqui-du, siqui-du, siqui-du
Siqui-du, siqui-du, siqui-du, siqui-du, siqui-du

Me gusta cómo miras, me gusta cómo vas
Tu piel y tu sonrisa, tu manera de hablar
Querías irte y ahora estás aquí
Me alegro mucho de verte tan feliz
Te digo ah, ah ¡Ha! Ah ¡Guaha-ha!
Te digo ah, ah ¡Ha! Ah-ah-ah-ah-ah-ha-ha-ha

Por eso quiero, quiero, quiero besarte
Quiero, quiero, quiero besarte
Quiero, quiero, quiero besarte
¡Guaha-ha!
Por eso quiero, quiero, quiero besarte
Quiero, quiero, quiero besarte, nena
Quiero, quiero, quiero besarte
¡Guaha-ha!

Por eso quiero, quiero, ahaha
Quiero, quiero, uh-uh-uh
Quiero, quiero, uh-uh-uh-uh-uh
Quiero, quiero, uh-uh-uh
¡Aoh, ah, aoh! Ah, ah, ah, ah, ah, ah","ĄAuh!, he, he, he, he, he, hey, no me digas nada, lo veo todo en tu mirada, estás intentando irte, y yo deseo conseguirte, he, quiero, quiero, quiero besarte, quiero, quiero, quiero besarte, quiero, quiero, quiero besarte, ąGuaha-ha! Ahaha, hey, siéntate a mi lado, hey, me gustas demasiado, estoy nervioso y excitado, nena, no me dejes colgado, espera, no te vayas, quédate un momento, déjame explicarte porque te estás confundiendo, sólo quiero conocerte y pasármelo bien, ven, dame la mano, nadie nos estorba, hoy no hay nadie en casa y me encuentro muy en forma, deja que te quite la ropa y no apagues la luz, quiero, quiero, quiero besarte, quiero, quiero, quiero besarte, nena, quiero, quiero, quiero besarte, ąGuaha-ha! Ahaha, uh, uh, siqui-du, siqui-du, siqui-du, siqui-du, siqui-du, siqui-du, siqui-du, siqui-du, siqui-du, siqui-du, siqui-du, siqui-du, siqui-du, siqui-du, me gusta cómo miras, me gusta cómo vas, tu piel y tu sonrisa, tu manera de hablar, querías irte y ahora estás aquí, me alegro mucho de verte tan feliz, te digo ah, ah ĄHa! Ah ĄGuaha-ha!, te digo ah, ah ĄHa! Ah-ah-ah-ah-ah-ha-ha-ha, por eso quiero, quiero, quiero besarte, quiero, quiero, quiero besarte, quiero, quiero, quiero besarte, ąGuaha-ha!, por eso quiero, quiero, quiero besarte, quiero, quiero, quiero besarte, nena, quiero, quiero, quiero besarte, ąGuaha-ha!, por eso quiero, quiero, ahaha, quiero, quiero, uh-uh-uh, quiero, quiero, uh-uh-uh-uh-uh, quiero, quiero, uh-uh-uh, ąAoh, ah, aoh! Ah, ah, ah, ah, ah, ah."
T1_TRAIN_0658,8562529,M,NM,0.970873786407767,"
[Letra de ""El Manual""]

[Intro: Ill Pekeño]
Ey, jeh, yeh

[Verso 1: Ill Pekeño]
Jinchos y galgos, carreras Antonio Lobato
Ya me olía mal de lejos esto, malditos otakus
Ocupo el top 3, yo soy la K, la Q y la sota, Dano, broka
Quiero un beat que le haga revivir al Jota
Gambinos MG, el barrio es la UFC
Tienes la jaula, el pesaje es cada día diez
Me consideran feo, aunque sé que no soy feo
Sé que la actitud lo es todo y si no pregúntale al Selok
Dicen que rapeo guapo, solo sé decir ""qué va""
Quieres pillarle el truco, en el GTA soy el jet pack
¿Queréis que nos midamos las vergas?
Pasaríamos a ver to' lo pocho que albergas, jaja
Un consejo del Pekeño, corre pilla
Después de ver el oro todo lo que es cobre brilla
Yeh, no tengo límites, kna' mean?
Le discuto a Ibra y le tapono a Yao Ming (Yao Ming)

[Verso 2: Ergo Pro & Dano]
Muchos me odian pero está debuti
Sé que me escuchan a escondidas, como idas de tu padre al puti
0,6 de Do-Si-Dos, bros y yo en loops, no el Fruity
Los dedos pegados como CJ, ""Whoopty""
S/o para mi primo, estricto Ramadán
Me hablan de que tienen weed de Cali, pero rama dan
Hablar de trapos con sapos te sale rana, man
No me hace falta correr para ganar, soy Guti
Mi hermana está en muletas, nunca mete pata
Estoy fumando Royal de té mata, y juro que te mata
Les gano tan fast que no me ve ni el foto finish
No me hacéis ni puta gracia, pero you so funny niggas (Jaja)
MG es todo virtud y corazón
Y para los putos chivatos solo el dedo corazón
¿Que tú eres Kevin Gates? Por favor
Tienes dos teléfonos pero solo te llama el Vodafone (Wah)

[Verso 3: Dano]
No se trata de lo que facturo o que no tenga un duro
Si bajo al barrio, veo a los G's y les saludo
Para los que mueren mientras pintan o trepan muros
Estoy con el Peke y no estoy de canguro (Yeh)
Siempre con un fade elegante
Argentino como el L-Gante
O como Mase es de Harlem
No sé por qué queréis estresarme
Estoy con el Seven y el Parre bumpin' Crates en el parque, what? Uh
Todos buscan la quiada, bro, y nunca practican amor
Algo complicado como Tupac y Kidada Jones
Cuando piensa en ella siempre escucha la misma canción
Crecimos entre vacas flacas y juguetes rotos
Por eso movíamos placas como terremotos
Hemos vendio' de todo pero nunca vendemotos
Y si las barras son pochas, primo, deben ser de otros, what

[Estribillo: Ergo Pro & Dano]
El manual
La caja de cambios es manual
El cuero de diseño, alemán
Norma Duval
Facturar en el game actual
Mi hermano me pasó las claves pa' saber actuar
El manual
La caja de cambios es manual
El cuero de diseño, alemán
Norma Duval
Facturar en el game actual
Mi hermano me pasó las claves pa' saber actuar

[Outro: Ergo Pro]
Click, prr
Ah, ah, jaja, yeh
Es Bobby N, Ill Pekeño, mi hombre Dano, yo Manuel
Suena heavy cuando suelto ese
24/7, siempre estamos en el game
Ellos creen que parten pero suenan todo lame
Ziontifik, la conecta, MG, shh","Ey, jeh, yeh. Jinchos y galgos, carreras Antonio Lobato, ya me olía mal de lejos esto, malditos otakus, ocupo el top 3, yo soy la K, la Q y la sota, Dano, broka, quiero un beat que le haga revivir al Jota, gambinos MG, el barrio es la UFC, tienes la jaula, el pesaje es cada día diez, me consideran feo, aunque sé que no soy feo, sé que la actitud lo es todo y si no pregúntale al Selok, dicen que rapeo guapo, solo sé decir qué va, quieres pillarle el truco, en el GTA soy el jet pack, ¿Queréis que nos midamos las vergas?, pasaríamos a ver to' lo pocho que albergas, jaja, un consejo del Pekeño, corre pilla, después de ver el oro todo lo que es cobre brilla, yeh, no tengo límites, kna' mean?, le discuto a Ibra y le tapono a Yao Ming Yao Ming. Muchos me odian pero está debuti, sé que me escuchan a escondidas, como idas de tu padre al puti, 0,6 de Do-Si-Dos, bros y yo en loops, no el Fruity, los dedos pegados como CJ, Whoopty, s/o para mi primo, estricto Ramadán, me hablan de que tienen weed de Cali, pero rama dan, hablar de trapos con sapos te sale rana, man, no me hace falta correr para ganar, soy Guti, mi hermana está en muletas, nunca mete pata, estoy fumando Royal de té mata, y juro que te mata, les gano tan fast que no me ve ni el foto finish, no me hacéis ni puta gracia, pero you so funny niggas Jaja, mG es todo virtud y corazón, y para los putos chivatos solo el dedo corazón, ¿Que tú eres Kevin Gates? Por favor, tienes dos teléfonos pero solo te llama el Vodafone Wah. No se trata de lo que facturo o que no tenga un duro, si bajo al barrio, veo a los G's y les saludo, para los que mueren mientras pintan o trepan muros, estoy con el Peke y no estoy de canguro Yeh, siempre con un fade elegante, argentino como el L-Gante, o como Mase es de Harlem, no sé por qué queréis estresarme, estoy con el Seven y el Parre bumpin' Crates en el parque, what? Uh, todos buscan la quiada, bro, y nunca practican amor, algo complicado como Tupac y Kidada Jones, cuando piensa en ella siempre escucha la misma canción, crecimos entre vacas flacas y juguetes rotos, por eso movíamos placas como terremotos, hemos vendio' de todo pero nunca vendemotos, y si las barras son pochas, primo, deben ser de otros, what. El manual, la caja de cambios es manual, el cuero de diseño, alemán, norma Duval, facturar en el game actual, mi hermano me pasó las claves pa' saber actuar, el manual, la caja de cambios es manual, el cuero de diseño, alemán, norma Duval, facturar en el game actual, mi hermano me pasó las claves pa' saber actuar. Click, prr, ah, ah, jaja, yeh, es Bobby N, Ill Pekeño, mi hombre Dano, yo Manuel, suena heavy cuando suelto ese, 24/7, siempre estamos en el game, ellos creen que parten pero suenan todo lame, ziontifik, la conecta, MG, shh."
T1_TRAIN_0672,9697081,NM,M,0.8560606060606061,"s

[Outro Instrumental]
[Letra de ""Rompe La Dompe""]

[Verso 1: Óscar Maydon]
Rompe la Dom Pe
La paca nunca se acaba, farandulitas bailaban
Y yo no sé tu nombre
Pero tu aroma me atrapa, solo te faltan las alas, ángel

[Pre-Coro: Peso Pluma]
Rompe la Dom Pe
Ya va a llegar la María, tráete a todas tus amigas
Mía solo de noche
Yo no la miro en el día y la nota nunca termina

[Coro: Junior H, Óscar Maydon & Peso Pluma]
No me tientes
Eres una serpiente, sal de mi mente, vete
Con los dientes
Forrados de diamantes te juré quererte siempre
180
Rumbo pa'l after, todos cantando y bien cocos locos
Ojos rojos
Y acaricio tu pierna, me siento en las estrellas

[Interludio: Óscar Maydon & Peso Pluma]
Ahí le va, compa Junior
Y pura Doble P, viejo
Y su compa Óscar Maydon
Y que siga la mata dando, compa Junior
¡Chau!

[Verso 2: Óscar Maydon]
Cinco cigarros
Que se llene de humo el carro, si hay bronca, pues la pagamos
Ey, todo controlado
Tengo amigos de malandro, también los uniformados, ey

[Pre-Coro: Junior H]
Rompe la Dom Pe
Ya va a llegar la María, tráete a todas tus amigas
Mía solo de noche
Yo no la miro en el día, la nota nunca termina

[Coro: Peso Pluma & Óscar Maydon]
No me tientes
Si eres una serpiente, sal de mi mente, vete
Con los dientes
Forrados de diamantes te juré quererte siempre
Discotecas
Las babies quieren humo, quiere amanecer loqueando
Ojos rojos
Y acaricio tu pierna, me siento en las estrellas

[Outro Instrumental]","Rompe la Dom Pe, la paca nunca se acaba, farandulitas bailaban, y yo no sé tu nombre, pero tu aroma me atrapa, solo te faltan las alas, ángel. Rompe la Dom Pe, ya va a llegar la María, tráete a todas tus amigas, mía solo de noche, yo no la miro en el día y la nota nunca termina. No me tientes, eres una serpiente, sal de mi mente, vete, con los dientes, forrados de diamantes te juré quererte siempre, 180, rumbo pa'l after, todos cantando y bien cocos locos, ojos rojos, y acaricio tu pierna, me siento en las estrellas. Ahí le va, compa Junior, y pura Doble P, viejo, y su compa Çscar Maydon, y que siga la mata dando, compa Junior, ąChau!. Cinco cigarros, que se llene de humo el carro, si hay bronca, pues la pagamos, ey, todo controlado, tengo amigos de malandro, también los uniformados, ey. Rompe la Dom Pe, ya va a llegar la María, tráete a todas tus amigas, mía solo de noche, yo no la miro en el día, la nota nunca termina. No me tientes, si eres una serpiente, sal de mi mente, vete, con los dientes, forrados de diamantes te juré quererte siempre, discotecas, las babies quieren humo, quiere amanecer loqueando, ojos rojos, y acaricio tu pierna, me siento en las estrellas."
T1_TRAIN_0685,3834565,M,NM,0.9344262295081968,"
[Letra de ""Volando Bajo"" de Los Blenders]

[Verso 1]
Harto, ya estoy harto
De otra vez andar volando bajo
Cada día es igual, todo se me hace fatal
No me preguntes cuándo
Acompáñame solo en rato
Tú me puedes salvar de esta hueva brutal

[Verso 2]
¿Tanto? Solo un cuadro
Aguanta, creo que yo sí me lo armo
Te vas malviajar y qué oso con los demás
Como que ya ando algo
Hasta el huevo, no estoy bromeando
No te preocupes más, apenas te va explotar

[Coro]
Si no entiendes, cuenta hasta diez
Y no creas todo lo que ves
Ya lo siento, ¿lo sientes también?
Cierra los ojos y pásatela bien

[Verso 3]
Ajo, súper ajo
Y ahora si ya no entiendo un carajo
Así me gusta estar, qué bueno que estas acá
No me pesan los brazos
Ni las piernas, ¿qué le pasa al cuarto?
Ya no sé qué pensar, esto es sensacional

[Outro]
Aquí siempre quiero estar
Y nunca mas regresar
¿Esta es la realidad?
¿O es solo en mi cabeza?
¿Será el destino final?
Nena, ven conmigo y no te vayas jamás","Harto, ya estoy harto, de otra vez andar volando bajo, cada día es igual, todo se me hace fatal, no me preguntes cuándo, acompáñame solo en rato, tú me puedes salvar de esta hueva brutal. ¿Tanto? Solo un cuadro, aguanta, creo que yo sí me lo armo, te vas malviajar y qué oso con los demás, como que ya ando algo, hasta el huevo, no estoy bromeando, no te preocupes más, apenas te va explotar. Si no entiendes, cuenta hasta diez, y no creas todo lo que ves, ya lo siento, ¿lo sientes también?, cierra los ojos y pásatela bien. Ajo, súper ajo, y ahora si ya no entiendo un carajo, así me gusta estar, qué bueno que estas acá, no me pesan los brazos, ni las piernas, ¿qué le pasa al cuarto?, ya no sé qué pensar, esto es sensacional. Aquí siempre quiero estar, y nunca mas regresar, ¿Esta es la realidad?, ¿O es solo en mi cabeza?, ¿Será el destino final?, nena, ven conmigo y no te vayas jamás."
T1_TRAIN_0687,802483,M,NM,0.9411764705882353,"s
Cuanto te sientas muy sola, y en tu alma halla dolor
Cuanto te sientas muy sola, y en tu alma halla dolor
Te voy a dar un polvito... el polvito del amor...
Te voy adar un polvito.. el polvito del amor...
Es un polvito que te har felis que con su magia borrara el dolor
-bis
-bis
Cuando te sientas muy sola, y en tu alma halla dolor...
Cuando te sientas muy sola.. y en tu alma halla dolor...
Te voy a dar un polvito... el polvito del amor..
Te voy a dar un polvito... el polvito del amor..
Es un polvito que te har feliz, que con su magia borrar el dolor
-bis
-bis","Cuanto te sientas muy sola, y en tu alma halla dolor, cuanto te sientas muy sola, y en tu alma halla dolor, te voy a dar un polvito... el polvito del amor..., te voy adar un polvito.. el polvito del amor..., es un polvito que te har felis que con su magia borrara el dolor, bis, bis, cuando te sientas muy sola, y en tu alma halla dolor..., cuando te sientas muy sola.. y en tu alma halla dolor..., te voy a dar un polvito... el polvito del amor.., te voy a dar un polvito... el polvito del amor.., es un polvito que te hr feliz, que con su magia borrar el dolor, bis, bis."
T1_TRAIN_0701,1835203,NM,M,0.9013157894736842,"ly ""El Arma Secreta""
[Letra de ""Plakito"" ft. Gadiel]

[Refrán: Yandel]
Acompáñame (-páñame)
Deja que nuestros cuerpos se unan por primera vez (Eh-eh, eh, eh)
Para mí sería un placer
Tener tu cuerpo junto al mío (Junto al mío)
Acariciarno' pa' quitarno' el frío (¡Yandel!)

[Coro: Yandel]
Metiéndole al plakito, plakito
Un bailoteo salvaje
Métale coraje, no te raje' (Heh)
Plakito, plakito
Metiéndole al boom-boom
Dándole al boom-boom
¡Grítalo! (Eh-eh)
Plakito, plakito
Un bailoteo salvaje
Métale coraje, no te raje'
Plakito, plakito
Metiéndole al boom-boom
Dándole al boom-boom

[Verso 1: Gadiel]
Rompiendo expectativas, bebé
Aquí regresan los Veguilla
Haciendo que te pares de la silla
Un movimiento bien sólido
Lo que tú tienes, yo te me pego
Haciendo que se te rompan los hueso'
Dale Nely, suelta el ritmo
Que ella me dice que está ready
Y yo estoy ready pa' comer de su cherry
Y me le pego por el cuello
Y su splash huele a strawberry
Y bailando con mi música está very fine ready

[Pre-Coro: Gadiel, Gadiel & Yandel]
Rompiendo el boom-boom
De aquí pa' allá
De allá pa' acá
Con ella bien suelto
Rompiendo el boom-boom
Dale, mami, dame de eso (Rah, rah-rah)
Hasta romperno' los hueso'
Rompiendo el boom-boom
De aquí pa' allá
De allá pa' acá
Con ella bien suelto
Rompiendo el boom-boom
Dale, mami, dame de eso
Atrápame y hazme de tu cuerpo un preso

[Coro: Yandel]
Metiéndole al plakito, plakito
Un bailoteo salvaje
Métale coraje, no te raje' (Heh)
Plakito, plakito
Metiéndole al boom-boom (Eh-eh)
Dándole al boom-boom
¡Grítalo! (Heh-heh)
Plakito, plakito
Un bailoteo salvaje
Métale coraje, no te raje'
Plakito, plakito
Metiéndole al boom-boom
Dándole al boom-boom

[Verso 2: Gadiel]
Baby, desacatate
Déjame ver lo que tienes, ponte lista
Si tú sabes lo que te conviene
Que con una mirada llega al tacto
Y el tacto que impacto te causa
Causa que te quedes conmigo
Y vamo' a desquitarno' las ganas
Vo'a darte plakito hasta por la mañana
Descárgate, actívate y métele coraje
Bailando con esto que yo te traje

[Refrán: Yandel]
Acompáñame (-páñame)
Deja que nuestros cuerpos se unan por primera vez (Eh-eh, eh, eh)
Para mí sería un placer
Tener tu cuerpo junto al mío (Junto al mío)
Acariciarno' pa' quitarno' el frío

[Coro: Yandel]
Metiéndole al plakito, plakito
Un bailoteo salvaje
Métale coraje, no te raje' (Heh)
Plakito, plakito
Metiéndole al boom-boom
Dándole al boom-boom
¡Grítalo! (Heh)
Plakito, plakito
Un bailoteo salvaje
Métale coraje, no te raje'
Plakito, plakito
Metiéndole al boom-boom
Dándole al boom-boom

[Outro: Yandel & Gadiel]
Jajajajaja
Destinados a ser exitoso'
Los hermanos Veguilla
""El Cinco Estrellas"" Gadiel
Nely ""El Arma Secreta""","ly El Arma Secreta. Acompáñame -páñame, deja que nuestros cuerpos se unan por primera vez Eh-eh, eh, eh, para mí sería un placer, tener tu cuerpo junto al mío Junto al mío, acariciarno' pa' quitarno' el frío ĄYandel!. Metiéndole al plakito, plakito, un bailoteo salvaje, métale coraje, no te raje' Heh, plakito, plakito, metiéndole al boom-boom, dándole al boom-boom, ąGrítalo! Eh-eh, plakito, plakito, un bailoteo salvaje, métale coraje, no te raje', plakito, plakito, metiéndole al boom-boom, dándole al boom-boom. Rompiendo expectativas, bebé, aquí regresan los Veguilla, haciendo que te pares de la silla, un movimiento bien sólido, lo que tú tienes, yo te me pego, haciendo que se te rompan los hueso', dale Nely, suelta el ritmo, que ella me dice que está ready, y yo estoy ready pa' comer de su cherry, y me le pego por el cuello, y su splash huele a strawberry, y bailando con mi música está very fine ready. Rompiendo el boom-boom, de aquí pa' allá, de allá pa' acá, con ella bien suelto, rompiendo el boom-boom, dale, mami, dame de eso Rah, rah-rah, hasta romperno' los hueso', rompiendo el boom-boom, de aquí pa' allá, de allá pa' acá, con ella bien suelto, rompiendo el boom-boom, dale, mami, dame de eso, atrápame y hazme de tu cuerpo un preso. Metiéndole al plakito, plakito, un bailoteo salvaje, métale coraje, no te raje' Heh, plakito, plakito, metiéndole al boom-boom Eh-eh, dándole al boom-boom, ąGrítalo! Heh-heh, plakito, plakito, un bailoteo salvaje, métale coraje, no te raje', plakito, plakito, metiéndole al boom-boom, dándole al boom-boom. Baby, desacatate, déjame ver lo que tienes, ponte lista, si tú sabes lo que te conviene, que con una mirada llega al tacto, y el tacto que impacto te causa, causa que te quedes conmigo, y vamo' a desquitarno' las ganas, vo'a darte plakito hasta por la mañana, descárgate, actívate y métele coraje, bailando con esto que yo te traje. Acompáñame -páñame, deja que nuestros cuerpos se unan por primera vez Eh-eh, eh, eh, para mí sería un placer, tener tu cuerpo junto al mío Junto al mío, acariciarno' pa' quitarno' el frío. Metiéndole al plakito, plakito, un bailoteo salvaje, métale coraje, no te raje' Heh, plakito, plakito, metiéndole al boom-boom, dándole al boom-boom, ąGrítalo! Heh, plakito, plakito, un bailoteo salvaje, métale coraje, no te raje', plakito, plakito, metiéndole al boom-boom, dándole al boom-boom. jajaja, destinados a ser exitoso', los hermanos Veguilla, el Cinco Estrellas Gadiel, nely El Arma Secreta."
T1_TRAIN_0702,4659401,NM,M,0.9012345679012346,"
[Letra de ""Persiana Américana (En Vivo)""]

[Estrofa 1]
Yo te prefiero
Fuera de foco
Inalcanzable
Yo te prefiero
Irreversible
Casi intocable

[Pre-Estribillo]
Tus ropas caen lentamente
Soy un espía, un espectador
Y el ventilador desgarrandote
Sé que te excita pensar hasta donde llegaré

[Estribillo]
Es difícil de creer
Creo que nunca lo podré saber
Sólo así yo te veré
A través de mi persiana americana

[Estrofa 2]
Es una condena agradable
El instante previo
Es como un desgaste
Una necesidad
Más que un deseo

[Pre-Estribillo]
Estamos al borde de la cornisa
Casi a punto de caer
No sientes miedo
Sigues sonriendo
Sé que te excita pensar hasta donde llegaré

[Estribillo]
Es difícil de creer
Creo que nunca lo podré saber
Sólo así yo te veré
A través de mi persiana americana

[Pre-Estribillo]
Tus ropas caen lentamente
Soy un espía, un espectador
Y el ventilador desgarrandote
Sé que te excita pensar hasta donde llegaré

[Estribillo]
Es difícil de creer
Creo que nunca lo podré saber
Sólo así yo te veré
A través de mi persiana americana
Lo que pueda suceder
No gastes fuerzas para comprender
Sólo así yo te veré
A través de mi persiana americana
Difícil de creer
Creo que nunca lo podré saber
Sólo así yo te veré
A través de mi persiana americana
Difícil, difícil de creer
Creo que nunca lo podré saber
Sólo así yo te veré
A través de mi persiana americana
(Sólo así yo te veré
A través de mi persiana americana)","Yo te prefiero, fuera de foco, inalcanzable, yo te prefiero, irreversible, casi intocable, tus ropas caen lentamente, soy un espía, un espectador, y el ventilador desgarrandote, sé que te excita pensar hasta donde llegaré, es difícil de creer, creo que nunca lo podré saber, sólo así yo te veré, a través de mi persiana americana, es una condena agradable, el instante previo, es como un desgaste, una necesidad, más que un deseo, estamos al borde de la cornisa, casi a punto de caer, no sientes miedo, sigues sonriendo, sé que te excita pensar hasta donde llegaré, es difícil de creer, creo que nunca lo podré saber, sólo así yo te veré, a través de mi persiana americana, tus ropas caen lentamente, soy un espía, un espectador, y el ventilador desgarrandote, sé que te excita pensar hasta donde llegaré, es difícil de creer, creo que nunca lo podré saber, sólo así yo te veré, a través de mi persiana americana, lo que pueda suceder, no gastes fuerzas para comprender, sólo así yo te veré, a través de mi persiana americana, difícil de creer, creo que nunca lo podré saber, sólo así yo te veré, a través de mi persiana americana, difícil, difícil de creer, creo que nunca lo podré saber, sólo así yo te veré, a través de mi persiana americana, sólo así yo te veré, a través de mi persiana americana."
T1_TRAIN_0706,3524844,NM,M,0.9606299212598425,"o' pasé, yeh, yeh, yeh
[Letra de ""Amorfoda""]

[Estribillo]
No quiero que má' nadie me hable de amor
Ya me cansé, to' eso' truco' ya me lo' sé
Eso' dolore' lo' pasé, yeh, yeh, yeh
No quiero que má' nadie me hable de amor (No, no)
Ya me cansé, to' eso' truco' ya me lo' sé (Wuh)
Eso' dolore' lo' pasé (No, no)

[Verso]
Hoy te odio, no e' secreto, ante todo lo confieso (No)
Si pudiera, te pidiera que devuelva' to' los beso' que te di
La' palabra' y todo el tiempo que perdí
Me arrepiento una y mil vece' de haber confiao' en ti (¡Wuh!)
Quisiera que te sienta' como yo me siento (Siento)
Quisiera ser como tú, sin sentimiento' (-miento')
Quisiera sacarte de mi pensamiento (-miento)
Quisiera cambiarle el final al cuento
Toa' la' barra' y lo' trago' han sido testigo'
Del dolor que me causaste y to' lo que hiciste conmigo
Un infeliz en el amor que aún no te supera
Y que ahora camina solo, sin nadie, por toa' la' acera'
Preguntándole a Dios si en verdad el amor existe
Y por qué si yo era tan bueno toa' esta mierda tú me hiciste (-ciste)
Lo má' cabrón e' que tú ve' todo como un chiste
Siempre voy a maldecir el día en que naciste
Lo' chocolate' que te di y toda' la' flore' (-re')
Se convierten hoy en día en pesadilla' y dolore'
Ya yo perdí la fe de que tú mejore' (-jore')
Si despué' de la lluvia sale el arcoíri', pero sin colore', yeh

[Estribillo]
No quiero que más nadie me hable de amor
Ya me cansé, to' eso' truco' ya me lo' sé
Eso' dolore' lo' pasé, yeh, yeh, yeh
No quiero que más nadie me hable de amor
Ya me cansé, to' eso' truco' ya me lo' sé
Eso' dolore' lo' pasé, yeh, yeh, yeh","o' pasé, yeh, yeh, yeh. No quiero que má' nadie me hable de amor, ya me cansé, to' eso' truco' ya me lo' sé, eso' dolore' lo' pasé, yeh, yeh, yeh, no quiero que má' nadie me hable de amor No, no, ya me cansé, to' eso' truco' ya me lo' sé Wuh, eso' dolore' lo' pasé No, no. Hoy te odio, no e' secreto, ante todo lo confieso No, si pudiera, te pidiera que devuelva' to' los beso' que te di, la' palabra' y todo el tiempo que perdí, me arrepiento una y mil vece' de haber confiao' en ti ĄWuh!, quisiera que te sienta' como yo me siento Siento, quisiera ser como tú, sin sentimiento' -miento', quisiera sacarte de mi pensamiento -miento, quisiera cambiarle el final al cuento, toa' la' barra' y lo' trago' han sido testigo', del dolor que me causaste y to' lo que hiciste conmigo, un infeliz en el amor que aún no te supera, y que ahora camina solo, sin nadie, por toa' la' acera', preguntándole a Dios si en verdad el amor existe, y por qué si yo era tan bueno toa' esta mierda tú me hiciste -ciste, lo má' cabrón e' que tú ve' todo como un chiste, siempre voy a maldecir el día en que naciste, lo' chocolate' que te di y toda' la' flore' -re', se convierten hoy en día en pesadilla' y dolore', ya yo perdí la fe de que tú mejore' -jore', si despué' de la lluvia sale el arcoíri', pero sin colore', yeh. No quiero que más nadie me hable de amor, ya me cansé, to' eso' truco' ya me lo' sé, eso' dolore' lo' pasé, yeh, yeh, yeh, no quiero que más nadie me hable de amor, ya me cansé, to' eso' truco' ya me lo' sé, eso' dolore' lo' pasé, yeh, yeh, yeh."
T1_TRAIN_0735,1817217,NM,M,0.9883720930232558,"s
Por primera vez no meti ni las manos
Ni en defensa propia evite la caida
Yo que anduve huyendo de un mundo de enga?os
Vine a dar de lleno a lo peor de la vida
La primera vez que te tuve en mis brazos
Me decias llorando que no habias pecado
Pero ya tenias no se cuantos fracasos
Y querias borrar con mi amor tu pecado

Ya tenias el rostro cubierto de besos
Y en tu ser las huellas que dejan las penas
Si despues de amarte te hicieron desprecio
Yo no he de pagar por las deudas ajenas

Te podria jurar que te ame con locura
Y jamas pense que llegara a perderte
Pero en vez de amores me diste amarguras
Y asi como eres prefiero perderte

Ya tenias el rostro cubierto de besos
Y en tu ser la huella que dejan las penas
Si despues de amarte te hicieron desprecio
Yo no he de pagar por las deudas ajenas","Por primera vez no meti ni las manos, ni en defensa propia evite la caida, yo que anduve huyendo de un mundo de enga?os, vine a dar de lleno a lo peor de la vida, la primera vez que te tuve en mis brazos, me decias llorando que no habias pecado, pero ya tenias no se cuantos fracasos, y querias borrar con mi amor tu pecado, ya tenias el rostro cubierto de besos, y en tu ser las huellas que dejan las penas, si despues de amarte te hicieron desprecio, yo no he de pagar por las deudas ajenas, te podria jurar que te ame con locura, y jamas pense que llegara a perderte, pero en vez de amores me diste amarguras, y asi como eres prefiero perderte, ya tenias el rostro cubierto de besos, y en tu ser la huella que dejan las penas, si despues de amarte te hicieron desprecio, yo no he de pagar por las deudas ajenas."
T1_TRAIN_0758,5624441,NM,M,0.989247311827957,"
Bien sabias que tarde o temprano yo iba a dejarte
No me digas ahora que no te advertí hasta cansarme
Me canse de amanecer
Soportando ser mujer… a medias
Me mataste la ilusión… de veras

Siempre estuve dispuesta a ceder cuando tú lo quisiste
Me sentaba a tus pies esperando tu antojo y servirte
Siempre bajo tu control
Eras dueño y gran señor… de todo
Fue mi juego y lo perdí… ni modo

Hoy te dejo tu reino, señor con tu amor de mentiras
Ahora puedo cantar y reír sin que tú lo decidas
Y se bien que al librarme de ti he salvado mi vida

Para mi brillo de nuevo el sol, me siento como nueva
Mientras tu me suplicas amor y te mueres de pena
Yo te pago dolor por dolor, con tu propia moneda

Siempre estuve dispuesta a ceder cuando tú lo quisiste
Me sentaba a tus pies esperando tu antojo y servirte
Siempre bajo tu control
Eras dueño y gran señor… de todo
Fue mi juego y lo perdí… ni modo

Hoy te dejo tu reino, señor con tu amor de mentiras
Ahora puedo cantar y reír sin que tú lo decidas
Y se bien que al librarme de ti he salvado mi vida

Para mi brillo de nuevo el sol, me siento como nueva
Mientras tú me suplicas amor y te mueres de pena
Yo te pago dolor por dolor, con tu propia moneda

Hoy te dejo tu reino, señor con tu amor de mentiras
Ahora puedo cantar y reír sin que tú lo decidas…","Bien sabias que tarde o temprano yo iba a dejarte, no me digas ahora que no te advertí hasta cansarme, me canse de amanecer, soportando ser mujer–Ś a medias, me mataste la ilusión–Ś de veras, siempre estuve dispuesta a ceder cuando tú lo quisiste, me sentaba a tus pies esperando tu antojo y servirte, siempre bajo tu control, eras dueño y gran señor–Ś de todo, fue mi juego y lo perdí–Ś ni modo, hoy te dejo tu reino, señor con tu amor de mentiras, ahora puedo cantar y reír sin que tú lo decidas, y se bien que al librarme de ti he salvado mi vida, para mi brillo de nuevo el sol, me siento como nueva, mientras tu me suplicas amor y te mueres de pena, yo te pago dolor por dolor, con tu propia moneda, siempre estuve dispuesta a ceder cuando tú lo quisiste, me sentaba a tus pies esperando tu antojo y servirte, siempre bajo tu control, eras dueño y gran señor–Ś de todo, fue mi juego y lo perdí–Ś ni modo, hoy te dejo tu reino, señor con tu amor de mentiras, ahora puedo cantar y reír sin que tú lo decidas, y se bien que al librarme de ti he salvado mi vida, para mi brillo de nuevo el sol, me siento como nueva, mientras tú me suplicas amor y te mueres de pena, yo te pago dolor por dolor, con tu propia moneda, hoy te dejo tu reino, señor con tu amor de mentiras, ahora puedo cantar y reír sin que tú lo decidas–Ś."
T1_TRAIN_0808,3578486,NM,M,0.9669669669669669,"[Letra de ""Gangster"" ft. Juanka, Jon Z, Ñengo Flow, Myke Towers, Tempo, Yomo, Pacho & Kendo Kaponi]

[Intro: Amarion]
Sí, sí, sí
Blanco o negro, cero cebra, cabrones
Gangster, gangster, la Franco de oro
Sí, sí, sí
Este e' Amarion

[Estribillo: Amarion]
Gangster, gangster
La Franco de oro en el cuello forrá' de diamante'
El asiento pa' atrás los cristales pa' abajo y la corta chambea con los guante'
Gangster, las cosas cambiaron, no estamo' en los tiempos de ante'
Salen los rajieros de noche en el Honda a cazar elefante'

Gangster, gangster
La Franco de oro en el cuello forrá' de diamante'
El asiento pa' atrás los cristales pa' abajo y la corta chambea con los guante'
Gangster, las cosas cambiaron, no estamo' en los tiempos de ante'
Salen los rajieros de noche en el Honda a cazar elefante'

[Verso 1: Amarion]
Están escupiendo fuego los dragones
Nos vamos a meter pa' la selva y le vamos a quemar la melena al rey de la manada y a sus leones
Pillamos al kilero y le quitamos la azúcar de la Mallorca, la guagua y to' los polvorones
Les un mandamos un corrientazo y nos conectamos con to'as sus extensiones
La calle está más caliente que el Sáhara
Los míos no son talibanes, pero desde niños disparan (Prr)
No fueron al campo de tiro, pero Kendo dijo ""El pecho, el abdomen, la cara, la cara, la cara""
Aquí to' el mundo jala
Les metemos el miedo y ellos meten los perros dentro 'e la sala
Los matamos y vemos las noticias en el plasma
Los tacho y voy al rancho y les saco el polvo a la casa fantasma
Voy al cementerio, le tiro las flores al suelo
Las piso y me siento en la tumba a esperarlos por si se le' despierta el alma
Succionarlos como un vacuum cleaner pa' yo poder dormir en calma

[Verso 2: Jon-Z]
Mi cuello emprenda'o, en diamante' es el choker (Rra)
El palo a mi la'o, demente como el Joker
40 fulete, no tengo revolver
Descapota'o con mi puta en la Corvette
Huele mi hierba, es chocha en bolsa
Los míos la riegan, las libras chiclosas
Dale sin piedad, pla-pla pa' la chola
Gangster de verdad, siempre con mi pistola
Gangster, gangster
El dueño de la calle, P.R. y la O
Represento a Junco, Placita, El Mango
Las Hormigas, CN, El Barrio y el Callejón (Rra; yeh)
Gangster, gangster
La corta, los largos, el AK y la Glock
Brincan pa' arriba como Tony Hawk
Con los cocodrilos y no son los de las Crocs (Jon Z, men)

[Verso 3: Juanka]
(Juanka!)
Me levanto a la hora que quiero
Miro pa'l la'o y cojo el primer blunt que esté en el cenicero
No soy ambicioso, pero me gusta multiplicar el dinero
Cuadrame los recibo', to'as las cortas y los palos con el gatillo sensitivo
Me meto pa' dentro de tu aldea, le damos al cacique y no dejamos ni un indio vivo
No me aferro a la vida, ni a lo material
Por si mañana me toca en paz descansar
Dime quién me va a matar
Si antes que ustedes la saquen yo voy a disparar
Vas a ver mascaras desfilando portando armas largas y no es un carnaval
Yo les clavo las putas a ustedes, las grabo regamos el video y lo hacemos viral
Los ladrillos pasan por aduana, coronamos después que toquen tierra americana
Me estoy haciendo poderoso en el mercado
Conecta'o con los duros de la mafia italiana
Aumentan las cifras 'e los delitos, mi rifle por los santos está bendito
Se lo pongo en la cara, lo aprieto y sienten como un corto circuito

[Verso 4: Ñengo Flow]
Estoy loco de verte
Pa' dejar la chicharra prendía en tu frente
Un combo 'e demente y todos tienen fuletes
Cuidado con los míos que andan al garete
Si no puedes, vete, o si no te meten
Lo que hay son pistolas, putas y delincuentes
Una voz que me dice detente y yo sigo pa'l frente con balas hasta que se reviente
Está es la vida de gangster, 80 hijueputas haciendo disparates
Dicen que te revelaste, pues vamos al combate pa' darte, el hocico estrujarte
Vida de gangster haciendo millones
Llenando caleta' con las conexiones
Una G-23 pa' falsas emociones
Saludos a mis brother' en todas las prisione'

[Estribillo: Ñengo Flow]
Gangster, gangster
La Franco de oro en el cuello forrá' de diamante'
El asiento pa' atrás los cristales baja'o y la corta chambea' con los guante'
Gangster, las cosas cambiaron, no estamo' en los tiempos de ante'
Salen los rajieros de noche en el Honda a cazar elefante'

[Verso 5: Myke Towers]
No estamos en los tiempos de antes
Subieron otras generaciones
Trabajan oyendo mis canciones
No pueden poner ubicaciones
Sin cojones nos tiene nacer pobres, nos vamos a morir ricachones
Creo que es hora de cazar lechones
Hay muchos con guille de gangster y terminan siendo testigos
No estes preguntando tanto, cabrón, yo tú no investigo
No hablo con los payasos, sólo hablo con dueños de circo
Y no soy gangster, pero no te duermas
Si quiero los míos se quedan con tus cadenas
Yo tengo un par de locos que lo malo les corre por las venas
Que me dicen ""negro, sólo dinos""
Del que menos te esperes con la cara de niño te deja lampiño
Con un R recorta'o que patea mejor que Ronaldinho, ah
Te meten mientras a tu nena le guiño
De parte de Myke con mucho cariño

[Verso 6: Tempo]
(T-E-M-P-O)
Sacamos la caña y se muere un pez (Chorro de lambe bichos)
Le quemamos las patas a to' los mete pies
Si me ves puede ser que te infartes por lo que me busco en un mes
Yo no tengo ni quiero un [?], si esto yo me lo invente
Hijos de puta, yo estoy guerriando en la calle desde los tiempos de Alexis y West
El miedo me teme, aquí sólo estamos los gangsters recojan los nenes
Guerrear contra mí no conviene
Un botonazo y te come' el cristal cuando frene'
Imaginate a Leal Back dándote en la cara
Pronóstico mal tiempo para ti, lluvia de balas
Están mencionando gente de la calle
Mama bicho aquí to' el mundo jala

[Estribillo: Tempo]
Gangster gangster
Un fuletazo y de cara te hacen un transplante
Escucho a to' el mundo roncando, cabrones, no estamos en los tiempos de antes
Gangster gangster
Andamos los gatos cazando a los hamster
Fronteando con réplicas, cuando fui yo el que trajo los diamantes

[Verso 7: Yomo]
Tengo una 17, con un Drako fulete que se endemonio
Odio corre por mis venas desde que la muerte se me enamoró
Yo de rodillas le pedí a Dios, que antes que ellos, les llegara yo
Y es que la calle e' una selva de cemento y de tierra salvaje, decía Lavoe
Yo nací gangster, vo'a morirme gangster
A los Pablo, a lo Tony, Al Kapone y Brigantine, a Los Cantera
Gangster a lo Baya' desde los 20, a la cuatro hasta Playa
Gangster a lo Gotti, desde la 65 hasta la Baldo-riotti
Sin que los feos los noti
Manuel A., Medallo, Pacífico
Con los automáticos por las favelas
Corre a lo triny, los Trinitarios
Fue que la calle me hizo un sicario
Gangster a lo Tupac y Notorius
Meterte con nosotros es algo serio
Gangster gangster, nos hicimos gangster
Morimos gangster, la cárcel e' gangster
Gangster gangster, bien guilla'o de gangster
Desde los tiempos 'e Tonka nos hicimos gangster

[Verso 8 : Pacho]
Gangster, gangster
Aquí todos quieren ser gangster
Son muy pocos los que te dicen cuando hay guerra
Que estamos contigo y que vamos pa' alante
Como to' estos maliantes 'e cartón
Roncando en las redes que son los que son
Son duros por fuera y blanditos por dentro como el silicon
No creo en la suerte, el destino no elige pa' donde tú quieras moverte
Muchos celebran la vida, yo prefiero celebrar tu muerte
Ya tú eres historia, ahora que Dios te tenga en la gloria
Pero por puerco verás el infierno y que el Diablo te va a refrescar la memoria
Gangster, gangster, yo sí que soy verdadero
Yo ando con gente reales, cabrones, ningunos son peliculeros
Mírate bien al espejo, veras la muerte en tu reflejo
Si no coges consejo, yo mismo te meto y no llegas a viejo
Cabrones, yo quiero saber en cuál fue la película
Que ustedes hicieron el papel de gangster

[Verso 9: Kendo Kaponi]
Gangster con la trompa como elefante
Y como quiera le jalamos el mantel al restaurante
Derecho, no curvo, porque siento como que me turbo
La Range roja apple, las puertas y el enlaple adentro de la twin turbo
Ventile, yo conozco todos los perfiles
Así tengo oxiles a troyanos, soy el talón de aquiles
Mangote, no le quito aunque el camino se me angoste
Aunque el calor me difroste
No ha habido tormenta que me doble los postes
No ha habido bandido que jubile
O escuche mis temas y se le erizen los pelos
Mientras mis letras los depile
Pon atención, ¿yo tengo o no tengo la razón?
Me siento y escribo de mi vida una canción
Cuando terminen ya es tarde para la evación
Pierde la razón, el triangulo al revés, el amazón
Les abro el pecho y por un estrecho les mutilo el corazón
Que la calle me auspicie y paro de matarlos antes que el asma me asfixie

[Outro]
Jejeje
Sí, sí, sí
The Amarion
Blanco o negro, cero cebra, cabrones
Jeje
Mera Troya
Dile a esta gente
Que si quieren paz que se preparen pa' la guerra
Hi-D3f
Mera dime Peewee
Oby The1
Yaso
El que les está montando la presión
Blanco, que pasó, cabrón","Sí, sí, sí, blanco o negro, cero cebra, cabrones, gangster, gangster, la Franco de oro, sí, sí, sí, este e' Amarion. Gangster, gangster, la Franco de oro en el cuello forrá' de diamante', el asiento pa' atrás los cristales pa' abajo y la corta chambea con los guante', gangster, las cosas cambiaron, no estamo' en los tiempos de ante', salen los rajieros de noche en el Honda a cazar elefante'. Gangster, gangster, la Franco de oro en el cuello forrá' de diamante', el asiento pa' atrás los cristales pa' abajo y la corta chambea con los guante', gangster, las cosas cambiaron, no estamo' en los tiempos de ante', salen los rajieros de noche en el Honda a cazar elefante'. Están escupiendo fuego los dragones, nos vamos a meter pa' la selva y le vamos a quemar la melena al rey de la manada y a sus leones, pillamos al kilero y le quitamos la azúcar de la Mallorca, la guagua y to' los polvorones, les un mandamos un corrientazo y nos conectamos con to'as sus extensiones, la calle está más caliente que el Sáhara, los míos no son talibanes, pero desde niños disparan Prr, no fueron al campo de tiro, pero Kendo dijo El pecho, el abdomen, la cara, la cara, la cara, aquí to' el mundo jala, les metemos el miedo y ellos meten los perros dentro 'e la sala, los matamos y vemos las noticias en el plasma, los tacho y voy al rancho y les saco el polvo a la casa fantasma, voy al cementerio, le tiro las flores al suelo, las piso y me siento en la tumba a esperarlos por si se le' despierta el alma, succionarlos como un vacuum cleaner pa' yo poder dormir en calma. Mi cuello emprenda'o, en diamante' es el choker Rra, el palo a mi la'o, demente como el Joker, 40 fulete, no tengo revolver, descapota'o con mi puta en la Corvette, huele mi hierba, es chocha en bolsa, los míos la riegan, las libras chiclosas, dale sin piedad, pla-pla pa' la chola, gangster de verdad, siempre con mi pistola, gangster, gangster, el dueño de la calle, P.R. y la O, represento a Junco, Placita, El Mango, las Hormigas, CN, El Barrio y el Callejón Rra; yeh, gangster, gangster, la corta, los largos, el AK y la Glock, brincan pa' arriba como Tony Hawk, con los cocodrilos y no son los de las Crocs Jon Z, men. Juanka!, me levanto a la hora que quiero, miro pa'l la'o y cojo el primer blunt que esté en el cenicero, no soy ambicioso, pero me gusta multiplicar el dinero, cuadrame los recibo', to'as las cortas y los palos con el gatillo sensitivo, me meto pa' dentro de tu aldea, le damos al cacique y no dejamos ni un indio vivo, no me aferro a la vida, ni a lo material, por si mañana me toca en paz descansar, dime quién me va a matar, si antes que ustedes la saquen yo voy a disparar, vas a ver mascaras desfilando portando armas largas y no es un carnaval, yo les clavo las putas a ustedes, las grabo regamos el video y lo hacemos viral, los ladrillos pasan por aduana, coronamos después que toquen tierra americana, me estoy haciendo poderoso en el mercado, conecta'o con los duros de la mafia italiana, aumentan las cifras 'e los delitos, mi rifle por los santos está bendito, se lo pongo en la cara, lo aprieto y sienten como un corto circuito. Estoy loco de verte, pa' dejar la chicharra prendía en tu frente, un combo 'e demente y todos tienen fuletes, cuidado con los míos que andan al garete, si no puedes, vete, o si no te meten, lo que hay son pistolas, putas y delincuentes, una voz que me dice detente y yo sigo pa'l frente con balas hasta que se reviente, está es la vida de gangster, 80 hijueputas haciendo disparates, dicen que te revelaste, pues vamos al combate pa' darte, el hocico estrujarte, vida de gangster haciendo millones, llenando caleta' con las conexiones, una G-23 pa' falsas emociones, saludos a mis brother' en todas las prisione'. Gangster, gangster, la Franco de oro en el cuello forrá' de diamante', el asiento pa' atrás los cristales baja'o y la corta chambea' con los guante', gangster, las cosas cambiaron, no estamo' en los tiempos de ante', salen los rajieros de noche en el Honda a cazar elefante'. No estamos en los tiempos de antes, subieron otras generaciones, trabajan oyendo mis canciones, no pueden poner ubicaciones, sin cojones nos tiene nacer pobres, nos vamos a morir ricachones, creo que es hora de cazar lechones, hay muchos con guille de gangster y terminan siendo testigos, no estes preguntando tanto, cabrón, yo tú no investigo, no hablo con los payasos, sólo hablo con dueños de circo, y no soy gangster, pero no te duermas, si quiero los míos se quedan con tus cadenas, yo tengo un par de locos que lo malo les corre por las venas, que me dicen negro, sólo dinos, del que menos te esperes con la cara de niño te deja lampiño, con un R recorta'o que patea mejor que Ronaldinho, ah, te meten mientras a tu nena le guiño, de parte de Myke con mucho cariño. T-E-M-P-O, sacamos la caña y se muere un pez Chorro de lambe bichos, le quemamos las patas a to' los mete pies, si me ves puede ser que te infartes por lo que me busco en un mes, yo no tengo ni quiero un , si esto yo me lo invente, hijos de puta, yo estoy guerriando en la calle desde los tiempos de Alexis y West, el miedo me teme, aquí sólo estamos los gangsters recojan los nenes, guerrear contra mí no conviene, un botonazo y te come' el cristal cuando frene', imaginate a Leal Back dándote en la cara, pronóstico mal tiempo para ti, lluvia de balas, están mencionando gente de la calle, mama bicho aquí to' el mundo jala. Gangster gangster, un fuletazo y de cara te hacen un transplante, escucho a to' el mundo roncando, cabrones, no estamos en los tiempos de antes, gangster gangster, andamos los gatos cazando a los hamster, fronteando con réplicas, cuando fui yo el que trajo los diamantes. Tengo una 17, con un Drako fulete que se endemonio, odio corre por mis venas desde que la muerte se me enamoró, yo de rodillas le pedí a Dios, que antes que ellos, les llegara yo, y es que la calle e' una selva de cemento y de tierra salvaje, decía Lavoe, yo nací gangster, vo'a morirme gangster, a los Pablo, a lo Tony, Al Kapone y Brigantine, a Los Cantera, gangster a lo Baya' desde los 20, a la cuatro hasta Playa, gangster a lo Gotti, desde la 65 hasta la Baldo-riotti, sin que los feos los noti, manuel A., Medallo, Pacífico, con los automáticos por las favelas, corre a lo triny, los Trinitarios, fue que la calle me hizo un sicario, gangster a lo Tupac y Notorius, meterte con nosotros es algo serio, gangster gangster, nos hicimos gangster, morimos gangster, la cárcel e' gangster, gangster gangster, bien guilla'o de gangster, desde los tiempos 'e Tonka nos hicimos gangster. Gangster, gangster, aquí todos quieren ser gangster, son muy pocos los que te dicen cuando hay guerra, que estamos contigo y que vamos pa' alante, como to' estos maliantes 'e cartón, roncando en las redes que son los que son, son duros por fuera y blanditos por dentro como el silicon, no creo en la suerte, el destino no elige pa' donde tú quieras moverte, muchos celebran la vida, yo prefiero celebrar tu muerte, ya tú eres historia, ahora que Dios te tenga en la gloria, pero por puerco verás el infierno y que el Diablo te va a refrescar la memoria, gangster, gangster, yo sí que soy verdadero, yo ando con gente reales, cabrones, ningunos son peliculeros, mírate bien al espejo, veras la muerte en tu reflejo, si no coges consejo, yo mismo te meto y no llegas a viejo, cabrones, yo quiero saber en cuál fue la película, que ustedes hicieron el papel de gangster. Gangster con la trompa como elefante, y como quiera le jalamos el mantel al restaurante, derecho, no curvo, porque siento como que me turbo, la Range roja apple, las puertas y el enlaple adentro de la twin turbo, ventile, yo conozco todos los perfiles, así tengo oxiles a troyanos, soy el talón de aquiles, mangote, no le quito aunque el camino se me angoste, aunque el calor me difroste, no ha habido tormenta que me doble los postes, no ha habido bandido que jubile, o escuche mis temas y se le erizen los pelos, mientras mis letras los depile, pon atención, ¿yo tengo o no tengo la razón?, me siento y escribo de mi vida una canción, cuando terminen ya es tarde para la evación, pierde la razón, el triangulo al revés, el amazón, les abro el pecho y por un estrecho les mutilo el corazón, que la calle me auspicie y paro de matarlos antes que el asma me asfixie. Jejeje, sí, sí, sí, the Amarion, blanco o negro, cero cebra, cabrones, jeje, mera Troya, dile a esta gente, que si quieren paz que se preparen pa' la guerra, hi-D3f, mera dime Peewee, oby The1, yaso, el que les está montando la presión, blanco, que pasó, cabrón."
T1_TRAIN_0819,6184344,NM,M,0.84,"n
[Letra de Solo]

La letra completa no estara disponible pronto

[Intro: Lenny Tavárez]
(Que me queria)
Que me queria (Ja)
Que no aguntaba la soledad  que sin mi te morias
Que daba vueltas en la cama por que no me tenia
Y yo fui un tonto que crei en tus falsas caricias que me estremesian

[Coro: Lenny Tavárez]
Y tu te fuiste tu me dejaste solo, crei en un amor que me dejo Abandonado
Sigue tu camino ya no espero nada yo te olvidare mira que ganas no Me faltan

[Verso 1: Lenny Tavárez]
Pa que rayos decias que yo era el unico en tu vida y que nunca Dejarias, y yo tan tonto que cai en la trampa de tu juego
Y cada vez que me tenias solo te divertias y yo tanto que te queria

[Coro: Lenny Tavárez]
Y tu te fuiste tu me dejaste solo, crei en un amor que me dejo Abandonado
Sigue tu camino ya no espero nada yo te olvidare mira que ganas no Me faltan","Que me queria, que me queria Ja, que no aguntaba la soledad  que sin mi te morias, que daba vueltas en la cama por que no me tenia, y yo fui un tonto que crei en tus falsas caricias que me estremesian. Y tu te fuiste tu me dejaste solo, crei en un amor que me dejo Abandonado, sigue tu camino ya no espero nada yo te olvidare mira que ganas no Me faltan. Pa que rayos decias que yo era el unico en tu vida y que nunca Dejarias, y yo tan tonto que cai en la trampa de tu juego, y cada vez que me tenias solo te divertias y yo tanto que te queria. Y tu te fuiste tu me dejaste solo, crei en un amor que me dejo Abandonado, sigue tu camino ya no espero nada yo te olvidare mira que ganas no Me faltan."
T1_TRAIN_0825,3598113,NM,M,0.9343065693430657,"
Letra de ""Te Necesito""[Pre-Estribillo]
Mírame a los ojos ma’, no te tengo que mentir
Sabes que te necesito
Las noches son frías si no estás aquí
No te lo puedo ocultar, eres mi debilidad
Este desvelo del corazón me va a matar

[Estribillo]
Yo te necesito aquí, baby
Porque nada yo soy sin ti, mami
Sin ti yo no soy nada, no tengo alas
Para volar y llegar donde ti

Yo te necesito aquí, baby
Porque nada yo soy sin ti, mami
Sin ti yo no soy nada, no tengo alas
Para volar y llegar donde ti

[Verso 1]
Recuerda cuando yo te cogía la mano
Y te decía “No tengas miedo, mi amor”
Sabes que conmigo vas a la segura
De lo que sentimos nunca hubo duda

Beba ¿por qué te demoras?
Aquí están las llaves, ven, abre la puerta
Ya que eres única, esto no puede parar

(Uh-nou-nou)
Esto no puede parar
(Uh-nou-nou-nou)

[Estribillo]
Yo te necesito aquí, baby
Porque nada yo soy sin ti, mami
Sin ti yo no soy nada, no tengo alas
Para volar y llegar donde ti

[Verso 2]
Ella se fue y no me dijo nada
Entre la ropa me dejó una carta
Esa es señal de que va a volver
Y que en mis brazos la voy a tener

Vives en mis sueños, yo soy tu dueño
Ma’, no te mientas
Y ven, y ven, y ven

[Pre-Estribillo]
Mírame a los ojos ma’, no te tengo que mentir
Sabes que te necesito
Las noches son frías si no estás aquí
No te lo puedo ocultar, eres mi debilidad
Este desvelo del corazón me va a matar

[Estribillo]
Yo te necesito aquí, baby
Porque nada yo soy sin ti, mami
Sin ti yo no soy nada, no tengo alas
Para volar y llegar donde ti

Yo te necesito aquí, baby
Porque nada yo soy sin ti, mami
Sin ti yo no soy nada, no tengo alas
Para volar y llegar donde ti

[Cierre]
¡Hey yo!
Directamente desde el 305
Ando con el Yoyo
Eliot Feliciano ""El Mago de Oz""
La Fama Que Camina baby
On another level baby
Young Boss Entertainment
The Champion Sounds
Dímelo Jaime
We're ready baby","Mírame a los ojos ma', no te tengo que mentir, sabes que te necesito, las noches son frías si no estás aquí, no te lo puedo ocultar, eres mi debilidad, este desvelo del corazón me va a matar, yo te necesito aquí, baby, porque nada yo soy sin ti, mami, sin ti yo no soy nada, no tengo alas, para volar y llegar donde ti. Yo te necesito aquí, baby, porque nada yo soy sin ti, mami, sin ti yo no soy nada, no tengo alas, para volar y llegar donde ti, recuerda cuando yo te cogía la mano, y te decía No tengas miedo, mi amor, sabes que conmigo vas a la segura, de lo que sentimos nunca hubo duda. Beba ¿por qué te demoras?, aquí están las llaves, ven, abre la puerta, ya que eres única, esto no puede parar. Uh-nou-nou, esto no puede parar, uh-nou-nou-nou, yo te necesito aquí, baby, porque nada yo soy sin ti, mami, sin ti yo no soy nada, no tengo alas, para volar y llegar donde ti, ella se fue y no me dijo nada, entre la ropa me dejó una carta, esa es señal de que va a volver, y que en mis brazos la voy a tener. Vives en mis sueños, yo soy tu dueño, ma', no te mientas, y ven, y ven, y ven, mírame a los ojos ma', no te tengo que mentir, sabes que te necesito, las noches son frías si no estás aquí, no te lo puedo ocultar, eres mi debilidad, este desvelo del corazón me va a matar, yo te necesito aquí, baby, porque nada yo soy sin ti, mami, sin ti yo no soy nada, no tengo alas, para volar y llegar donde ti. Yo te necesito aquí, baby, porque nada yo soy sin ti, mami, sin ti yo no soy nada, no tengo alas, para volar y llegar donde ti, ąHey yo!, directamente desde el 305, ando con el Yoyo, eliot Feliciano El Mago de Oz, la Fama Que Camina baby, on another level baby, young Boss Entertainment, the Champion Sounds, dímelo Jaime, we're ready baby."
T1_TRAIN_0833,2078374,NM,M,0.9821428571428571,"
[Letra de ""Me Da Vergüenza""]

Conocen todos la dulzura de tus besos
En cuantas manos tu cabello se enredó
Muchas imágenes retrata tu mirada
Y yo adorándote con todo el corazón

Me da vergüenza que te miren de mi brazo
Pero me muero si a mi lado tú no estás
Me das la vida, me das la muerte
Me das la dicha, la mentira y la verdad

Me das la vida con tus caricias
Que aunque fingidas me hacen gozar
Me das la muerte porque en tu vida
Muchos recuerdos te hacen soñar

Me da vergüenza que te miren de mi brazo
Pero me muero si a mi lado tú no estás
Me das la vida, me das la muerte
Me das la dicha, la mentira y la verdad

Me das la vida con tus caricias
Que aunque fingidas me hacen gozar
Me das la muerte porque en tu vida
Muchos recuerdos te hacen soñar

Me da vergüenza que te miren de mi brazo
Pero me muero si a mi lado tú no estás
Me das la vida, me das la muerte
Me das la dicha, la mentira y la verdad
Me das la vida, me das la muerte
Me das la dicha, la mentira y la verdad","Conocen todos la dulzura de tus besos, en cuantas manos tu cabello se enredó, muchas imágenes retrata tu mirada, y yo adorándote con todo el corazón, me da vergüenza que te miren de mi brazo, pero me muero si a mi lado tú no estás, me das la vida, me das la muerte, me das la dicha, la mentira y la verdad, me das la vida con tus caricias, que aunque fingidas me hacen gozar, me das la muerte porque en tu vida, muchos recuerdos te hacen soñar, me da vergüenza que te miren de mi brazo, pero me muero si a mi lado tú no estás, me das la vida, me das la muerte, me das la dicha, la mentira y la verdad, me das la vida con tus caricias, que aunque fingidas me hacen gozar, me das la muerte porque en tu vida, muchos recuerdos te hacen soñar, me da vergüenza que te miren de mi brazo, pero me muero si a mi lado tú no estás, me das la vida, me das la muerte, me das la dicha, la mentira y la verdad, me das la vida, me das la muerte, me das la dicha, la mentira y la verdad."
T1_TRAIN_0856,8814244,NM,M,0.9392265193370166,"
[Letra de ""PERO TÚ""]

[Intro: Quevedo & KAROL G]
Ey, perdón la hora
Solo quería decirte que
Lo que me pasó contigo no me pasaba hace mucho
Me llamó a las dos que se había desvela'o
De intentar olvidarme se había olvida'o
Terminamo' en el carro haciéndolo
Y al terminar dibujamos corazone' en el vaho

[Coro: Quevedo & KAROL G]
Pero tú-tú-tú, con esa actitud-tud-tud
Me tiene' envuelto en el booty y ese tattoo (Yeah, yeah, yeah)
Cuando no puedo aguantar na' má', mami, siempre estás tú, yeah
Esperándome para apagar la lu'
¿Cómo olvidar lo que hicimos?
Entre blone' y botellas de vino
Soltándome el pelo, tú mirándome me desvisto
Y si te queda', lo que quiera' yo te cocino

[Puente: Quevedo & KAROL G]
Mami, tú me tiene' mal
Quiero tenerte de frente
Pa' que me diga' cómo se siente
Cuando estoy ausente
Aunque sé que te tiene mal
Que otros babie' me tienten
Pero pa' mí es indiferente
Tú ere' el único diferente

[Verso 1: Quevedo]
Me tiene' mal, pero me lo hace' tan bien
Que voy a hacer que ese culo se siente en una Cayenne
Aunque sea' una psycho, por ti exploto la Cartier
Disfrútate el presente y olvídate del ayer
Que ayer to's cometemo' errore'
Si no, mira mis anteriore'
Disfrutemo' del momento antes que todo se evapore
Y aunque no esté en romance, sí quiero que te enamore'
Y que mi cuarto de ropa interior decore'

[Verso 2: KAROL G]
Este cuerpito de jean
Papi, estas curvas no tienen fin
Y aunque no me llamo Ivy, hoy yo quiero ser tu queen, ey
Tan solo me llama', papi, solo envía el PIN
Nos peleamo' en la cama y la usamo' como un ring

[Coro: KAROL G & Quevedo]
Pero tú-tú-tú, con esa actitud-tud-tud
Te tengo envuelto con el booty y ese tattoo
Cuando no puedo aguantar na' má', papi, siempre está' tú, ey
Esperándome para apagar la lu'
¿Cómo olvidar lo que hicimo'?
Entre blone' y botellas de vino (Papi, yo te—, ah)
Soltándote el pelo, quitándote el panty Moschino
Y si te queda' a dormir, lo que quieras te cocino

[Puente: Quevedo & KAROL G, KAROL G]
Mami, tú me tienes mal
Quiero tenerte de frente
Pa' que me diga' cómo se siente
Cuando estoy ausente

[Outro]
O-O-Ovy On The Drums","Ey, perdón la hora, solo quería decirte que, lo que me pasó contigo no me pasaba hace mucho, me llamó a las dos que se había desvela'o, de intentar olvidarme se había olvida'o, terminamo' en el carro haciéndolo, y al terminar dibujamos corazone' en el vaho, pero tú-tú-tú, con esa actitud-tud-tud, me tiene' envuelto en el booty y ese tattoo Yeah, yeah, yeah, cuando no puedo aguantar na' má', mami, siempre estás tú, yeah, esperándome para apagar la lu', ¿Cómo olvidar lo que hicimos?, entre blone' y botellas de vino, soltándome el pelo, tú mirándome me desvisto, y si te queda', lo que quiera' yo te cocino, mami, tú me tiene' mal, quiero tenerte de frente, pa' que me diga' cómo se siente, cuando estoy ausente, aunque sé que te tiene mal, que otros babie' me tienten, pero pa' mí es indiferente, tú ere' el único diferente, me tiene' mal, pero me lo hace' tan bien, que voy a hacer que ese culo se siente en una Cayenne, aunque sea' una psycho, por ti exploto la Cartier, disfrútate el presente y olvídate del ayer, que ayer to's cometemo' errore', si no, mira mis anteriore', disfrutemo' del momento antes que todo se evapore, y aunque no esté en romance, sí quiero que te enamore', y que mi cuarto de ropa interior decore', este cuerpito de jean, papi, estas curvas no tienen fin, y aunque no me llamo Ivy, hoy yo quiero ser tu queen, ey, tan solo me llama', papi, solo envía el PIN, nos peleamo' en la cama y la usamo' como un ring, pero tú-tú-tú, con esa actitud-tud-tud, te tengo envuelto con el booty y ese tattoo, cuando no puedo aguantar na' má', papi, siempre está' tú, ey, esperándome para apagar la lu', ¿Cómo olvidar lo que hicimo'?, entre blone' y botellas de vino Papi, yo te–, ah, soltándote el pelo, quitándote el panty Moschino, y si te queda' a dormir, lo que quieras te cocino, mami, tú me tienes mal, quiero tenerte de frente, pa' que me diga' cómo se siente, cuando estoy ausente, o-O-Ovy On The Drums."
T1_TRAIN_0866,5847654,NM,M,0.9658119658119658,"
[Letra de  ""Ella No Es Tuya""]

[Coro]
Ella no e' tuya, te vendió sueño
(Suelte eso, compañero, llevese de mí)
Dice que no tiene dueño
Cuando está contigo, eso e' lo más bello
(Un ""Uy"", que un ""Uy, mamá"")
Lo mismo que hace con ello' (Una, una, una novela)
Ella no e' tuya, te vendió sueño, oh (¿Va' a seguir?)
Dice que no tiene dueño
Cuando está contigo, eso e' lo más bello
(Oye cómo e' que dice, wa wa wa)
Lo mismo que hace con ello' (Ah)

[Verso 1]
Compañero, no e' por na', pero ella e' mala de verdá' (Ah)
Anda duro y en el fondo, lo que te va e' a utilizá'
No e' por montarte veneno, ella tiene su sonido
Harta de rodá' en la calle y se quiere frizá' contigo (Real)
Eso no e' mujer pa' una relación
¿Qué van a decir de dónde quedó el torontontón?
Tú de romanticón, en sentimiento con esa bandida
Un costume que pega la cola en la avenida
Lo' tiguere' muerto' 'e risa (Ah) na' má' hacen lo' cuento'
Eso no e' na' que tú la mate', tú le quiere' hace' tiempo (Bárbaro)
¿Te va' a pone' a comprá' traste'? Pariguayo, te encharcaste
Ella te dio cotorra y tú, en tu mente, coronaste
Bloqueó a lo' tiguerone' de WhatsApp
Hasta un número puso, no vaya un gángster y le tire pa' atrá'
'Tá fingiendo, pa' mí lo sabe actuar
Yo conozco su expediente, yo lo que no digo na'

[Coro]
Ella no e' tuya, te vendió sueño
Dice que no tiene dueño
(Oye a uste' puede esta' haciéndole el amor y de to')
Cuando está contigo, eso e' lo más bello
(Pero suya no, compañero)
Lo mismo que hace con ello'
Ella no e' tuya, te vendió sueño, oh
(Y deme banda con eso, pa' que esté' claro)
Dice que no tiene dueño (Hablemo' de otra cosa mejor)
Cuando está contigo, eso e' lo más bello
(Que uste' e' que viene con el tema, hablamo' ahora)
Lo mismo que hace con ello' (Oye cómo dice)

[Verso 2]
A mí no me pregunte', pariguayo, reacciona
Que despué' te digo algo y tú lo que te encojona'
Deja esa falacia, un gangster bajo perfil
No pongas esa foto de ese diablo en tu perfil
¿Te tenemo' que excluir? 'Tá sonando palomo
Te está' dando fanfarria y te va' a empatá' lo' cromo'
Un cuchicheo; como la bachata, el murmullo
No son lo' chismoso', eso' son lo' pana' tuyo'
Te quedaste ciego, eso no es un orgullo
Te va a falta' soga pa' tú salir de ese hoyo
¿A la que te cogió lucha? ¿A esa le diste banda?
Como diría Pegote, tú lo que está' haciendo un toyo
Agradece que te 'toy dando la lu' aunque no te dé detalle'
No respondo la pregunta si me la choqué en la calle
'Toy hablando mucho, e' mejor que me calle
Nada má' no me llame' que la mataste cuando te falle

[Coro]
Ella no e' tuya, te vendió sueño (Sí, porque coño)
Dice que no tiene dueño
Cuando está contigo, eso e' lo más bello
(Tú sabiendo que e' una diabla, diabla)
Lo mismo que hace con ello' (Porque si tú no supiera')
Ella no e' tuya, te vendió sueño, oh
(Por eso e' que te lo digo pa' ve' si tú—)
Dice que no tiene dueño
Cuando está contigo, eso e' lo más bello
(Yo me 'taba volviendo loco con lo del accidente)
Lo mismo que hace con ello' (A cualquiera le puede pasa' eso)

[Outro]
Je, ¿me entiende? Cuando viene a ve' tú 'tá loco e'
Eh, ¡Rochy!
Gotti Gotti
Nata, tenía pila guarda'o esto, ¿verda'?
Hablamo' ahora, ñiño, despegué
El Movimiento Paralelo
Gotti Gotti
Lo' Gotti
Team Wa Wa Wa Pa'l Mundo Entero
¡Rochy!","Ella no e' tuya, te vendió sueño, suelte eso, compañero, llevese de mí, dice que no tiene dueño, cuando está contigo, eso e' lo más bello, un Uy, que un Uy, mamá, lo mismo que hace con ello' Una, una, una novela, ella no e' tuya, te vendió sueño, oh ¿Va' a seguir?, dice que no tiene dueño, cuando está contigo, eso e' lo más bello, oye cómo e' que dice, wa wa wa, lo mismo que hace con ello' Ah. Compañero, no e' por na', pero ella e' mala de verdá' Ah, anda duro y en el fondo, lo que te va e' a utilizá', no e' por montarte veneno, ella tiene su sonido, harta de rodá' en la calle y se quiere frizá' contigo Real, eso no e' mujer pa' una relación, ¿Qué van a decir de dónde quedó el torontontón?, tú de romanticón, en sentimiento con esa bandida, un costume que pega la cola en la avenida, lo' tiguere' muerto' 'e risa Ah na' má' hacen lo' cuento', eso no e' na' que tú la mate', tú le quiere' hace' tiempo Bárbaro, ¿Te va' a pone' a comprá' traste'? Pariguayo, te encharcaste, ella te dio cotorra y tú, en tu mente, coronaste, bloqueó a lo' tiguerone' de WhatsApp, hasta un número puso, no vaya un gángster y le tire pa' atrá', 'Tá fingiendo, pa' mí lo sabe actuar, yo conozco su expediente, yo lo que no digo na'. Ella no e' tuya, te vendió sueño, dice que no tiene dueño, oye a uste' puede esta' haciéndole el amor y de to', cuando está contigo, eso e' lo más bello, pero suya no, compañero, lo mismo que hace con ello', ella no e' tuya, te vendió sueño, oh, y deme banda con eso, pa' que esté' claro, dice que no tiene dueño Hablemo' de otra cosa mejor, cuando está contigo, eso e' lo más bello, que uste' e' que viene con el tema, hablamo' ahora, lo mismo que hace con ello' Oye cómo dice. A mí no me pregunte', pariguayo, reacciona, que despué' te digo algo y tú lo que te encojona', deja esa falacia, un gangster bajo perfil, no pongas esa foto de ese diablo en tu perfil, ¿Te tenemo' que excluir? 'Tá sonando palomo, te está' dando fanfarria y te va' a empatá' lo' cromo', un cuchicheo; como la bachata, el murmullo, no son lo' chismoso', eso' son lo' pana' tuyo', te quedaste ciego, eso no es un orgullo, te va a falta' soga pa' tú salir de ese hoyo, ¿A la que te cogió lucha? ¿A esa le diste banda?, como diría Pegote, tú lo que está' haciendo un toyo, agradece que te 'toy dando la lu' aunque no te dé detalle', no respondo la pregunta si me la choqué en la calle, 'Toy hablando mucho, e' mejor que me calle, nada má' no me llame' que la mataste cuando te falle. Ella no e' tuya, te vendió sueño Sí, porque coño, dice que no tiene dueño, cuando está contigo, eso e' lo más bello, tú sabiendo que e' una diabla, diabla, lo mismo que hace con ello' Porque si tú no supiera', ella no e' tuya, te vendió sueño, oh, por eso e' que te lo digo pa' ve' si tú–, dice que no tiene dueño, cuando está contigo, eso e' lo más bello, yo me 'taba volviendo loco con lo del accidente, lo mismo que hace con ello' A cualquiera le puede pasa' eso. Je, ¿me entiende? Cuando viene a ve' tú 'tá loco e', eh, ĄRochy!, gotti Gotti, nata, tenía pila guarda'o esto, ¿verda'?, hablamo' ahora, ñiño, despegué, el Movimiento Paralelo, gotti Gotti, lo' Gotti, team Wa Wa Wa Pa'l Mundo Entero, ąRochy!."
T1_TRAIN_0867,1545270,M,NM,0.9767441860465116,"i
Si tienes un hondo penar
Piensa en mí­;
Si tienes ganas de llorar
Piensa en mí­
Ya ves que venero
Tu imagen divina
Tu párvula boca
Que siendo tan niña
Me enseñó a besar

Piensa en mí­
Cuando beses
Cuando llores
También piensa en mí­

Cuando quieras
Quitarme la vida
No la quiero para nada
Para nada me sirve sin ti","Si tienes un hondo penar, piensa en mí­;, si tienes ganas de llorar, piensa en mí­, ya ves que venero, tu imagen divina, tu párvula boca, que siendo tan niña, me enseñó a besar, piensa en mí­, cuando beses, cuando llores, también piensa en mí­, cuando quieras, quitarme la vida, no la quiero para nada, para nada me sirve sin ti."
T1_TRAIN_0873,2010124,NM,M,0.9583333333333334,")
Intro:yo se que con el tiempo tu la pagaras
Engañadora,engañadora
Estas mintiendo,estas fingiendo
Que me quieres,que me amas
Todo es mentira,todo es engaño nada mas
Estas fingiendo,estas mintiendo
Que me quieres,que me amas
Todo es mentira,todo es engaño nada mas
Yo se que con el tiempo tu la pagaras
Engañadora,engañadora
Yo se que con el tiempo tu la pagaras
Engañadora,engañadora
Yo se.... (bis)
Yo se....(bis)
Estas mintiendo....(bis)
Yo se que...(bis)","Intro:yo se que con el tiempo tu la pagaras, engañadora,engañadora, estas mintiendo,estas fingiendo, que me quieres,que me amas, todo es mentira,todo es engaño nada mas, estas fingiendo,estas mintiendo, que me quieres,que me amas, todo es mentira,todo es engaño nada mas, yo se que con el tiempo tu la pagaras, engañadora,engañadora, yo se que con el tiempo tu la pagaras, engañadora,engañadora, yo se...., yo se...., estas mintiendo...., yo se que...."
T1_TRAIN_0890,8987486,NM,M,0.9042553191489362,"
[Letra de ""La Vaca Lechera""]

[Intro]
Tengo una vaca lechera
Que no es una vaca cualquiera
Me da leche condensada
Pero qué vaca tan salada
Tolón, tolón, tolón, tolón

[Verso]
Un cencerro le he comprado
Te digo que a mi vaquita le ha gustado
Que se pasea por el prado
Que mata moscas con el rabo
Tolón, tolón, tolón, tolón

Qué felices viviremos
Cuando vuelvas a mi lado
Los tres juntos, los tres juntos
Dulces besos ¡qué ilusión!

Y Tengo una vaca lechera
Pero te digo que no es una vaca cualquiera
Me da lechе condensada
Pero que vaca tan salada
Tolón, tolón, tolón, tolón

[Coro]
(Tolón, tolón)
Dicе mi vaquita
(Tolón, tolón)
Oye, con su campanita
(Tolón, tolón)
Les digo que es el cencerrito de mi vaquita
Le da su tonadita
(Tolón, tolón)
Gladys quiere que mi vaquita
(Tolón, tolón)
Nos de leche fresquecita
(Tolón, tolón)
Tendremos felicidad
(Tolón, tolón)
Con mi vaquita bajando pa’ acá
(Tolón, tolón)
Allá arriba en la lomita
(Tolón, tolón)
Pero comiendo allí en la sombrita
(Tolón, tolón)
(Tolón, tolón, tolón, tolón)
(Tolón, tolón)
Viene mi vaquita, que está bien gordita
¡Ecuajey!

Suena la campanita
(Tolón, tolón)
(Tolón, tolón)
Me da leche fresquecita
(Tolón, tolón)
Oye de las tres nenitas
(Tolón, tolón)
(Tolón, tolón, tolón, tolón)
Dice que se dijo de mi vaquita

(Tolón, tolón)
Dice mi vaquita
(Tolón, tolón)
Ven ven con su campanita
(Tolón, tolón)
Les digo que es el cencerrito de mi vaquita
(Tolón, tolón)
Pero me da su tonadita
(Tolón, tolón)
Gladys quiere que mi vaquita
(Tolón, tolón)
Toque su campanita
(Tolón, tolón)
(Tolón, tolón, tolón, tolón)
(Tolón, tolón)
Tendremos felicidad
Con mi vaquina bajando pa’ allá","Tengo una vaca lechera, que no es una vaca cualquiera, me da leche condensada, pero qué vaca tan salada, tolón, tolón, tolón, tolón. Un cencerro le he comprado, te digo que a mi vaquita le ha gustado, que se pasea por el prado, que mata moscas con el rabo, tolón, tolón, tolón, tolón, qué felices viviremos, cuando vuelvas a mi lado, los tres juntos, los tres juntos, dulces besos Ąqué ilusión!, y Tengo una vaca lechera, pero te digo que no es una vaca cualquiera, me da leche condensada, pero que vaca tan salada, tolón, tolón, tolón, tolón. Tolón, tolón, dice mi vaquita, tolón, tolón, oye, con su campanita, tolón, tolón, les digo que es el cencerrito de mi vaquita, le da su tonadita, tolón, tolón, gladys quiere que mi vaquita, tolón, tolón, nos de leche fresquecita, tolón, tolón, tendremos felicidad, tolón, tolón, con mi vaquita bajando pa' acá, tolón, tolón, allá arriba en la lomita, tolón, tolón, pero comiendo allí en la sombrita, tolón, tolón, tolón, tolón, tolón, tolón, tolón, tolón, viene mi vaquita, que está bien gordita, ąEcuajey!, suena la campanita, tolón, tolón, tolón, tolón, me da leche fresquecita, tolón, tolón, oye de las tres nenitas, tolón, tolón, tolón, tolón, tolón, tolón, dice que se dijo de mi vaquita, tolón, tolón, dice mi vaquita, tolón, tolón, ven ven con su campanita, tolón, tolón, les digo que es el cencerrito de mi vaquita, tolón, tolón, pero me da su tonadita, tolón, tolón, gladys quiere que mi vaquita, tolón, tolón, toque su campanita, tolón, tolón, tolón, tolón, tolón, tolón, tolón, tolón, tendremos felicidad, con mi vaquina bajando pa' allá."
T1_TRAIN_0921,1032584,M,NM,0.9537037037037037,"[Letra de ""Arrasando""]

[Intro]
A-rra-san-do
Oye, papi, dámelo todo
Arrasando

[Verso 1]
Que sube, que baja, que no sé qué pasa
Que la condición humana va acabando con la raza
Cuando triunfas en la vida va creciendo más la envidia
Vas sintiendo cuando subes que te dan de zancadillas
No sabes que lobos están a tu lado
Pues les va de maravilla, la apariencia más sencilla
Nunca faltan los gorrones para ir de reventones
Mas cuando los necesitas, no les ves ni los talones
Son tantos los celos que me hacen cosquillas
Que si engordo, que si enflaco, que si no tengo costillas
Hoy yo tengo respuesta a cualquier encuesta
Pues yo sigo caminando y también sigo arrasando
A-rra-san-do

[Coro]
Arrasando con la vida
Cosechando la alegría
No hay obstáculo que me impida
Disfrutar de un nuevo día
Arrasando con lo bueno
Desechando to' lo malo
No hay oscuridad que cubra
Esta luz que en mí deslumbra

[Post-Coro]
Oh, oh (Aha, aha), oh, oh (Aha)
Arrasando con la vida
Oh, oh (Aha), oh, oh (Aha, aha)
Oh, oh (Aha)
Arrasando con la vida

[Verso 2]
Parece que somos armas mortales
Pues sin miedo mutilamos sentimientos naturales
Destrozamos la alegría, acabamos con la vida
Sabotajes para el alma tropezones y apatía
Buscamos a todos los que encontramos
Destrozamos sus creencias y evadimos sus razones:
Que si es guapo, pues es gay
Que si es rico, es del cartel
Que si es joven y muy bella, la cuchilla estuvo en ella
Estamos entrando a un nuevo milenio
Pretendamos concentrarnos en lo que hace nuestro cuerpo
Somos jóvenes y fuertes y también inteligentes
En la vida ir concentrando lo que el día va arrasando
A-rra-san-do

[Coro]
Arrasando con la vida
Cosechando la alegría
No hay obstáculo que me impida
Disfrutar de un nuevo día
Arrasando con lo bueno
Desechando to' lo malo
No hay oscuridad que cubra
Esta luz que en mi deslumbra

[Post-Coro]
Oh, oh (Aha, aha), oh, oh (Aha)
Arrasando con la vida
Oh, oh (Aha), oh, oh (Aha, aha)
Oh, oh (Aha)
Arrasando con la vida

[Puente]
Bum, bum, bum, bum
Arrasando
Bum, bum, bum, bum

[Verso 3]
Mirando hacia atrás aprende el legado
De personas que han dejado una huella en el pasado:
Einstein, Da Vinci, Neruda y la Malinche;
Los aztecas y toltecas y también los zapotecas
Napoleón conocido como estratega
A Cleopatra no le importa en el amor la entrega
Gandhi, Lutero y Madre Teresa
Aunque pasen muchos años se hablará de su entereza
Lady Diana, princesa de corazones
Y una Eva que ha pecado y nos jaló con sus acciones
Luther King, Malcom X, personajes de la fe
Que la historia va dejando pa' que sigan arrasando
A-rra-san-do (Arrasando)

[Coro]
Arrasando con la vida
Cosechando la alegría
No hay obstáculo que me impida
Disfrutar de un nuevo día
Arrasando con lo bueno
Desechando to' lo malo
No hay oscuridad que cubra
Esta luz que en mi deslumbra

[Post-Coro]
Oh, oh (Aha, aha), oh, oh (Aha)
Arrasando con la vida
Oh, oh (Aha), oh, oh (Aha, aha)
Oh, oh (Aha)
Arrasando con la vida
(Arrasando, arrasando, arrasando, arrasando)

[Outro]
Oye, papi, dámelo todo","A-rra-san-do, oye, papi, dámelo todo, arrasando. Que sube, que baja, que no sé qué pasa, que la condición humana va acabando con la raza, cuando triunfas en la vida va creciendo más la envidia, vas sintiendo cuando subes que te dan de zancadillas, no sabes que lobos están a tu lado, pues les va de maravilla, la apariencia más sencilla, nunca faltan los gorrones para ir de reventones, mas cuando los necesitas, no les ves ni los talones, son tantos los celos que me hacen cosquillas, que si engordo, que si enflaco, que si no tengo costillas, hoy yo tengo respuesta a cualquier encuesta, pues yo sigo caminando y también sigo arrasando, a-rra-san-do. Arrasando con la vida, cosechando la alegría, no hay obstáculo que me impida, disfrutar de un nuevo día, arrasando con lo bueno, desechando to' lo malo, no hay oscuridad que cubra, esta luz que en mí deslumbra. Oh, oh Aha, aha, oh, oh Aha, arrasando con la vida, oh, oh Aha, oh, oh Aha, aha, oh, oh Aha, arrasando con la vida. Parece que somos armas mortales, pues sin miedo mutilamos sentimientos naturales, destrozamos la alegría, acabamos con la vida, sabotajes para el alma tropezones y apatía, buscamos a todos los que encontramos, destrozamos sus creencias y evadimos sus razones:, que si es guapo, pues es gay, que si es rico, es del cartel, que si es joven y muy bella, la cuchilla estuvo en ella, estamos entrando a un nuevo milenio, pretendamos concentrarnos en lo que hace nuestro cuerpo, somos jóvenes y fuertes y también inteligentes, en la vida ir concentrando lo que el día va arrasando, a-rra-san-do. Arrasando con la vida, cosechando la alegría, no hay obstáculo que me impida, disfrutar de un nuevo día, arrasando con lo bueno, desechando to' lo malo, no hay oscuridad que cubra, esta luz que en mi deslumbra. Oh, oh Aha, aha, oh, oh Aha, arrasando con la vida, oh, oh Aha, oh, oh Aha, aha, oh, oh Aha, arrasando con la vida. Bum, bum, bum, bum, arrasando, bum, bum, bum, bum. Mirando hacia atrás aprende el legado, de personas que han dejado una huella en el pasado:, einstein, Da Vinci, Neruda y la Malinche;, los aztecas y toltecas y también los zapotecas, napoleón conocido como estratega, a Cleopatra no le importa en el amor la entrega, gandhi, Lutero y Madre Teresa, aunque pasen muchos años se hablará de su entereza, lady Diana, princesa de corazones, y una Eva que ha pecado y nos jaló con sus acciones, luther King, Malcom X, personajes de la fe, que la historia va dejando pa' que sigan arrasando, a-rra-san-do Arrasando. Arrasando con la vida, cosechando la alegría, no hay obstáculo que me impida, disfrutar de un nuevo día, arrasando con lo bueno, desechando to' lo malo, no hay oscuridad que cubra, esta luz que en mi deslumbra. Oh, oh Aha, aha, oh, oh Aha, arrasando con la vida, oh, oh Aha, oh, oh Aha, aha, oh, oh Aha, arrasando con la vida, arrasando, arrasando, arrasando, arrasando. Oye, papi, dámelo todo."
T1_TRAIN_0943,2259176,NM,M,0.9876543209876543,"r
Eche, amigo, no más; écheme y llene
Hasta al borde la copa de champán
Que esta noche de farra de y alegría
El dolor que hay en mi alma quiero ahogar
Es la última farra de mi vida
De mi vida, muchachos, que se va...
Mejor dicho, se ha ido tras de aquella
Que no supo mi amor nunca apreciar

Yo la quise, muchachos, y la quiero
Y jamás yo la podré olvidar...
Yo me emborracho por ella
Y ella quién sabe qué hará...
Eche, mozo, más champán
Que todo mi dolor
Bebiendo lo he de ahogar...
Y si la ven
Muchachos, diganlé
Que ha sido por su amor
Que mi vida ya se fue

Y brindemos, no más, la última copa
Que, tal vez, también ella ahora estará
Ofreciendo en algún brindis su boca
Y otra boca feliz la besará
Eche, amigo, no más, écheme y llene
Hasta el borde la copa de champán
Que mi vida se ha ido tras de aquella
Que no supo mi amor nunca apreciar","Eche, amigo, no más; écheme y llene, hasta al borde la copa de champán, que esta noche de farra de y alegría, el dolor que hay en mi alma quiero ahogar, es la última farra de mi vida, de mi vida, muchachos, que se va..., mejor dicho, se ha ido tras de aquella, que no supo mi amor nunca apreciar, yo la quise, muchachos, y la quiero, y jamás yo la podré olvidar..., yo me emborracho por ella, y ella quién sabe qué hará..., eche, mozo, más champán, que todo mi dolor, bebiendo lo he de ahogar..., y si la ven, muchachos, diganlé, que ha sido por su amor, que mi vida ya se fue, y brindemos, no más, la última copa, que, tal vez, también ella ahora estará, ofreciendo en algún brindis su boca, y otra boca feliz la besará, eche, amigo, no más, écheme y llene, hasta el borde la copa de champán, que mi vida se ha ido tras de aquella, que no supo mi amor nunca apreciar."
T1_TRAIN_0944,766968,NM,M,0.9381443298969072,"raga LiveGet tickets as low as $44
Hoy me reclamaron por venir a verte
No quieren que vuelva por aquí jamas
Dicen que si vuelvo encontrare la muerte
Que por ti la vida me van a quitar
Piensan asustarme para que te deje
Pero nunca nadie lo podrá lograr
Mientras tu me quieras yo estaré presente
Cerca de tu casa para platicar

Ami no me asustan tipos lenguas largas
Que solo lo presumen para apantallar
Yo soy de los hombres que no temen nada
Y aunque este perdido no me se rajar
(no me rajo, no me rajo, y no me rajo)

Si tus pretendientes quieren que me muera
Yo te lo aseguro que los burlare
Yo seré tu dueño aunque no lo quieran
Y el que se atraviese te lo quitare
Mañana sin falta aquí estaré presente
Ya sabes la hora no me quedes mal
De lo que ti dije no tengas pendiente
Solo dios la vida me puede quitar

Ami no me asustan tipos lenguas largas
Eso lo presumen para apantallar
Yo soy de los hombres que no temen nada
Y aunque este perdido no me se rajar
(2 veces)","Hoy me reclamaron por venir a verte, no quieren que vuelva por aquí jamas, dicen que si vuelvo encontrare la muerte, que por ti la vida me van a quitar, piensan asustarme para que te deje, pero nunca nadie lo podrá lograr, mientras tu me quieras yo estaré presente, cerca de tu casa para platicar, ami no me asustan tipos lenguas largas, que solo lo presumen para apantallar, yo soy de los hombres que no temen nada, y aunque este perdido no me se rajar, no me rajo, no me rajo, y no me rajo, si tus pretendientes quieren que me muera, yo te lo aseguro que los burlare, yo seré tu dueño aunque no lo quieran, y el que se atraviese te lo quitare, mañana sin falta aquí estaré presente, ya sabes la hora no me quedes mal, de lo que ti dije no tengas pendiente, solo dios la vida me puede quitar, ami no me asustan tipos lenguas largas, eso lo presumen para apantallar, yo soy de los hombres que no temen nada, y aunque este perdido no me se rajar, 2 veces."
T1_TRAIN_0955,1341337,M,NM,0.9907407407407407,"
[Letra de ""Me Fallaste""]

No, no sé cómo pude contenerme en todo este tiempo
No, no creas que cuenta no me daba de tu proceder
Yo anduve más allá del deseo y el acto
Tú estabas embriagada de falso querer

Sí, ahora es tiempo que sigas andando sin mí a tu lado
Sí, abandono tus besos, tu cuerpo que tanto gocé
Renuncio al calor que saciaba mis ansias
Te dejo porque más ya no quiero perder

Me fallaste, me fallaste
Tú no sabes ser fiel, me fallaste
Tú no sabes querer, me fallaste
Ya tú no cambiarás, me fallaste

Ahora es tiempo que sigas andando sin mí a tu lado
Sí, abandono tus besos, tu cuerpo que tanto gocé
Renuncio al calor que saciaba mis ansias
Te dejo porque más ya no quiero perder

Me fallaste, me fallaste
Tú no sabes ser fiel, me fallaste
Tú no sabes querer, me fallaste
Ya tú no cambiarás, me fallaste

Me fallaste, tú no sabes querer
Chica, qué desilusión y que mal sabor has dejado en mi corazón
Me fallaste, tú no sabes querer
En verdad abusaste de mis sentimientos, fallaste a tu promesa

Me fallaste, tú no sabes querer
Es que tú no sabes querer
Ay mamacita, tú no sabes lo que es eso
Me fallaste, tú no sabes querer
No, no, vengas pidiendo disculpas, te digo
No quiero, no quiero, no quiero, no puedo

No puedo, lárgate, me molestan las mentiras y fallaste
Me fallaste, tú no sabes querer, renuncio al calor
Que saciaba mis ansias y que tú has destrozado
Me fallaste, tú no sabes querer aunque yo he fracasado contigo

Otro amor me dará lo que pido, ya lo verás
Me fallaste, muchacha, pero que mala decisión
Me fallaste al fallarle a mi cariño, me fallaste
A la larga perderás, me fallaste, eso yo te lo aseguro
Me fallaste y de qué manera","No, no sé cómo pude contenerme en todo este tiempo, no, no creas que cuenta no me daba de tu proceder, yo anduve más allá del deseo y el acto, tú estabas embriagada de falso querer, sí, ahora es tiempo que sigas andando sin mí a tu lado, sí, abandono tus besos, tu cuerpo que tanto gocé, renuncio al calor que saciaba mis ansias, te dejo porque más ya no quiero perder, me fallaste, me fallaste, tú no sabes ser fiel, me fallaste, tú no sabes querer, me fallaste, ya tú no cambiarás, me fallaste, ahora es tiempo que sigas andando sin mí a tu lado, sí, abandono tus besos, tu cuerpo que tanto gocé, renuncio al calor que saciaba mis ansias, te dejo porque más ya no quiero perder, me fallaste, me fallaste, tú no sabes ser fiel, me fallaste, tú no sabes querer, me fallaste, ya tú no cambiarás, me fallaste, me fallaste, tú no sabes querer, chica, qué desilusión y que mal sabor has dejado en mi corazón, me fallaste, tú no sabes querer, en verdad abusaste de mis sentimientos, fallaste a tu promesa, me fallaste, tú no sabes querer, es que tú no sabes querer, ay mamacita, tú no sabes lo que es eso, me fallaste, tú no sabes querer, no, no, vengas pidiendo disculpas, te digo, no quiero, no quiero, no quiero, no puedo, no puedo, lárgate, me molestan las mentiras y fallaste, me fallaste, tú no sabes querer, renuncio al calor, que saciaba mis ansias y que tú has destrozado, me fallaste, tú no sabes querer aunque yo he fracasado contigo, otro amor me dará lo que pido, ya lo verás, me fallaste, muchacha, pero que mala decisión, me fallaste al fallarle a mi cariño, me fallaste, a la larga perderás, me fallaste, eso yo te lo aseguro, me fallaste y de qué manera."
T1_TRAIN_0989,1855044,NM,M,1.0,"
Si no me querías porque me besabas
Y hasta me mordías
Porque ese te quiero si no lo sentías
Porque me decías que solo eras mía

Si no me querías
Porque le quitaste la llave a tu cuerpo
Y me regalaste tan bellos momentos
Porque me dejaste sentirme tu dueño

Para que tantos besos
Si al final de cuentas no hablabas en serio
Porque te esperaste hasta este momento
Me dices adiós cuando yo más te quiero

Para que tantos besos
Si de todas formas no estuve en tus planes
Porque reclamabas y hasta me celaste
Porque me atrapaste y después te alejaste

Porque preguntabas por mí
Cada vez que yo me alejaba de ti
Si no eras feliz entonces porque
Te entregabas a mí...

Para que tantos besos
Si al final de cuentas no hablabas en serio
Porque te esperaste hasta este momento
Me dices adiós cuando yo más te quiero

Para que tantos esos
Si de todas formas no estuve en tus planes
Porque reclamabas y hasta me celaste
Porque me atrapaste y después te alejaste

Porque preguntabas por mí
Cada vez que yo me alejaba de ti
Si no eras feliz entonces porque
Te entregabas a mí...","Si no me querías porque me besabas, y hasta me mordías, porque ese te quiero si no lo sentías, porque me decías que solo eras mía, si no me querías, porque le quitaste la llave a tu cuerpo, y me regalaste tan bellos momentos, porque me dejaste sentirme tu dueño, para que tantos besos, si al final de cuentas no hablabas en serio, porque te esperaste hasta este momento, me dices adiós cuando yo más te quiero, para que tantos besos, si de todas formas no estuve en tus planes, porque reclamabas y hasta me celaste, porque me atrapaste y después te alejaste, porque preguntabas por mí, cada vez que yo me alejaba de ti, si no eras feliz entonces porque, te entregabas a mí..., para que tantos besos, si al final de cuentas no hablabas en serio, porque te esperaste hasta este momento, me dices adiós cuando yo más te quiero, para que tantos esos, si de todas formas no estuve en tus planes, porque reclamabas y hasta me celaste, porque me atrapaste y después te alejaste, porque preguntabas por mí, cada vez que yo me alejaba de ti, si no eras feliz entonces porque, te entregabas a mí...."
T1_TRAIN_0995,11373644,M,NM,0.9272727272727272,"a
[Intro: Rangy & Tiago]
Güey andaba pensando...
¿Qué haremos en Semana Santa?
Mm güey, ¿Pa' que preguntas si ya sabes?
(Jaja, jajaja) Jaja
Nos fuimos pa' Altata fierro, hey
Ya viene semana santa y ya me estoy alivianando
Los plebes andan llegando y las morritas preparando
El bikini y el bronceadito y nosotros los botecitos
Los ojitos como chino y ya voy a agarrar camino

[Chorus: Rangy & Tiago]
Pa' Altata, de aquí me voy pa' Altata
De aquí me voy pa' Altata
Pegamo' fuga a Alta-ta-ta-ta
Pa' Altata, de aquí me voy pa' Altata
De aquí me voy pa' Altata
Pegamo' fuga a Altata","Güey andaba pensando..., ¿Qué haremos en Semana Santa?, mm güey, ¿Pa' que preguntas si ya sabes?, jaja, jajaja Jaja, nos fuimos pa' Altata fierro, hey, ya viene semana santa y ya me estoy alivianando, los plebes andan llegando y las morritas preparando, el bikini y el bronceadito y nosotros los botecitos, los ojitos como chino y ya voy a agarrar camino. Pa' Altata, de aquí me voy pa' Altata, de aquí me voy pa' Altata, pegamo' fuga a Alta-ta-ta-ta, pa' Altata, de aquí me voy pa' Altata, de aquí me voy pa' Altata, pegamo' fuga a Altata."
T1_TRAIN_1003,2245689,NM,M,0.9891304347826086,"n
Ya no llores, corazón no seas cobarde
Ay que no ves, lo que me haces padecer
Ya no llores, corazón que ya es muy tarde
Pues a los dos, nos toco la de perder

Yo me muero, tú me pierdes para siempre
Y te quedas en el mundo a padecer
Ten cuidado, pisa bien y no resbales
Más no seas tonta, no te dejes engañar

Ahora quieres con tú llanto regresarme
De aquel camino, que tú misma me enseñaste
En el vaso tú pusiste el veneno
Aquel veneno que para mi separaste

En mi niño, ay te dejo mi retrato
En el tienes el cariño que te di
Cuando crezca le platicas de su padre
Más no le digas, que me traicionaste a mí

En mi tumba pon la cruz que yo quería
Que sea negra, no la quiero de color
Porque negra, todo el tiempo fue mi suerte
Mujer traidora, hay te dejo mi perdón","Ya no llores, corazón no seas cobarde, ay que no ves, lo que me haces padecer, ya no llores, corazón que ya es muy tarde, pues a los dos, nos toco la de perder, yo me muero, tú me pierdes para siempre, y te quedas en el mundo a padecer, ten cuidado, pisa bien y no resbales, más no seas tonta, no te dejes engañar, ahora quieres con tú llanto regresarme, de aquel camino, que tú misma me enseñaste, en el vaso tú pusiste el veneno, aquel veneno que para mi separaste, en mi niño, ay te dejo mi retrato, en el tienes el cariño que te di, cuando crezca le platicas de su padre, más no le digas, que me traicionaste a mí, en mi tumba pon la cruz que yo quería, que sea negra, no la quiero de color, porque negra, todo el tiempo fue mi suerte, mujer traidora, hay te dejo mi perdón."
T1_TRAIN_1004,6024437,NM,M,0.981549815498155,"ne, ¿quiúboles qué?
[Letra de ""Quiúboles Que""]

[Verso 1: Dharius]
Esta no se la esperaban, el Dharius con el C-Kan
Esos perros que ladraban, seguro que llorarán
Pues saben que no podrán detenernos fácilmente
Seguro lo intentarán pa' cagarla como siempre
¿Qué se siente haber perdido ya el respeto de la gente?
El que es humilde, es humilde y el que no, pues es ojete
Unos lo hacen por billete y otros lo hacemos de cora
De la calle pa' la calle, desde siempre, a toda hora
Si ya saben bien qué rollo con El Perro de la C
Y con El Tirano D, pura rima de caché
Par de locos mexicanos de a de veras, ¿cómo ve?
Haciendo puro R-A-P, chingón como DVD
¿Y ahora qué? ¿Tú qué crees? El rap mexa va pa' arriba
Sonamos por todo el mundo y eso es lo que nos motiva
Viva México, cabrones, viva toda la pandilla
Larga vida a la Minerva desde el Cerro de la Silla

[Coro: C-Kan, C-Kan & Dharius]
Va para mis locos que me escuchan afuera en la calle, hey, ¿quiúboles qué?
Pa' las mamacitas que me escriben y dicen ""¿Qué hay que hacer? Ven"", ¿quiúboles qué?
Para los que abren el hocico y nada más tiran hate, pues, ¿quiúboles qué?
Pa' que muevan la cabeza con rap mexa, mira quién viene, ¿quiúboles qué?

[Verso 2: Dharius & C-Kan]
Mi flow brilla por sí solo y en equipo brilla más
Esto que estamos haciendo nadie lo hizo aquí jamás
Nacido en un mundo cholo donde no existe la paz
Donde todo el mundo es malo y nadie ve por lo demás
De repente, sas, les tumbamos el mandado
Haciendo que en el rap pasara lo que nunca había pasado
Ya está más que demostrado, marcamos la nueva era
Nadie va a pararlo, háganle como quieran
Aquí andamos levantando la bandera del país
Y la neta que no hay nada que a mí me haga más feliz
A fin de cuentas que todos somos hijos del maíz
Aunque parece que algunos ya olvidaron su raíz
La pipa tiene hachís, llevo todo el día fumando
Y ellos 'tán pidiendo: ""Please, sigue en lo que estás haciendo""
Nuestro rap está creciendo y México lo merecía
Ni tú ni yo ni nadie lo imaginó algún día, ah

[Coro: C-Kan, C-Kan & Dharius]
Va para mis locos que me escuchan afuera en la calle, hey, ¿quiúboles qué?
Pa' las mamacitas que me escriben y dicen ""¿Qué hay que hacer? Ven"", ¿quiúboles qué?
Para los que abren el hocico y nada más tiran hate, pues, ¿quiúboles qué?
Pa' que muevan la cabeza con rap mexa, mira quién viene, ¿quiúboles qué? (Oh, oh, C-Kan)

[Verso 3: C-Kan]
Me encanta la vida vaga (Cha) y todo el que me la hace, me la paga (Oh)
Para acá no llegan, ni prendidos nos apagan
Odiosos, hagan fila donde dice ""No me importa"" (Jajaja)
Y ¿'ón 'tán los vale verga que mi éxito no soportan?
Malagradecidos se le llama a los amigos (¿Qué?)
Que están hablando de ti después de que están contigo (Sí)
Porque en un pasado, haya sido como haya sido (No)
No fueran quienes son de no haberme conocido (Ja)
Hago más pesos que pesas, no que las perras esas (Jajaja)
Que si no hablan de mí a veces, a nadie les interesa
Van a enterrarme a mí y no morirán mis rimas (Amén)
Yo encima de la Tierra o ya con la tierra encima
Dejé huella en la tarima, broche de oro con Dha
Siguen pensando en el coro y ya llegó navidad
'Tonces, ¿quiúboles qué? ¿Qué pasó, dónde están?
Si preguntan quién fue, diles que sí, que fue C-Kan, ah

[Coro: C-Kan, C-Kan & Dharius]
Va para mis locos que me escuchan afuera en la calle, hey, ¿quiúboles qué?
Pa' las mamacitas que me escriben y dicen ""¿Qué hay que hacer? Ven"", ¿quiúboles qué?
Para los que abren el hocico y nada más tiran hate, pues, ¿quiúboles qué?
Pa' que muevan la cabeza con rap mexa, mira quién viene, ¿quiúboles qué?","ne, ¿quiúboles qué?. Esta no se la esperaban, el Dharius con el C-Kan, esos perros que ladraban, seguro que llorarán, pues saben que no podrán detenernos fácilmente, seguro lo intentarán pa' cagarla como siempre, ¿Qué se siente haber perdido ya el respeto de la gente?, el que es humilde, es humilde y el que no, pues es ojete, unos lo hacen por billete y otros lo hacemos de cora, de la calle pa' la calle, desde siempre, a toda hora, si ya saben bien qué rollo con El Perro de la C, y con El Tirano D, pura rima de caché, par de locos mexicanos de a de veras, ¿cómo ve?, haciendo puro R-A-P, chingón como DVD, ¿Y ahora qué? ¿Tú qué crees? El rap mexa va pa' arriba, sonamos por todo el mundo y eso es lo que nos motiva, viva México, cabrones, viva toda la pandilla, larga vida a la Minerva desde el Cerro de la Silla. Va para mis locos que me escuchan afuera en la calle, hey, ¿quiúboles qué?, pa' las mamacitas que me escriben y dicen ¿Qué hay que hacer? Ven, ¿quiúboles qué?, para los que abren el hocico y nada más tiran hate, pues, ¿quiúboles qué?, pa' que muevan la cabeza con rap mexa, mira quién viene, ¿quiúboles qué?. Mi flow brilla por sí solo y en equipo brilla más, esto que estamos haciendo nadie lo hizo aquí jamás, nacido en un mundo cholo donde no existe la paz, donde todo el mundo es malo y nadie ve por lo demás, de repente, sas, les tumbamos el mandado, haciendo que en el rap pasara lo que nunca había pasado, ya está más que demostrado, marcamos la nueva era, nadie va a pararlo, háganle como quieran, aquí andamos levantando la bandera del país, y la neta que no hay nada que a mí me haga más feliz, a fin de cuentas que todos somos hijos del maíz, aunque parece que algunos ya olvidaron su raíz, la pipa tiene hachís, llevo todo el día fumando, y ellos 'tán pidiendo: Please, sigue en lo que estás haciendo, nuestro rap está creciendo y México lo merecía, ni tú ni yo ni nadie lo imaginó algún día, ah. Va para mis locos que me escuchan afuera en la calle, hey, ¿quiúboles qué?, pa' las mamacitas que me escriben y dicen ¿Qué hay que hacer? Ven, ¿quiúboles qué?, para los que abren el hocico y nada más tiran hate, pues, ¿quiúboles qué?, pa' que muevan la cabeza con rap mexa, mira quién viene, ¿quiúboles qué? Oh, oh, C-Kan. Me encanta la vida vaga Cha y todo el que me la hace, me la paga Oh, para acá no llegan, ni prendidos nos apagan, odiosos, hagan fila donde dice No me importa jajaja, y ¿'ón 'tán los vale verga que mi éxito no soportan?, malagradecidos se le llama a los amigos ¿Qué?, que están hablando de ti después de que están contigo Sí, porque en un pasado, haya sido como haya sido No, no fueran quienes son de no haberme conocido Ja, hago más pesos que pesas, no que las perras esas jajaja, que si no hablan de mí a veces, a nadie les interesa, van a enterrarme a mí y no morirán mis rimas Amén, yo encima de la Tierra o ya con la tierra encima, dejé huella en la tarima, broche de oro con Dha, siguen pensando en el coro y ya llegó navidad, 'Tonces, ¿quiúboles qué? ¿Qué pasó, dónde están?, si preguntan quién fue, diles que sí, que fue C-Kan, ah. Va para mis locos que me escuchan afuera en la calle, hey, ¿quiúboles qué?, pa' las mamacitas que me escriben y dicen ¿Qué hay que hacer? Ven, ¿quiúboles qué?, para los que abren el hocico y nada más tiran hate, pues, ¿quiúboles qué?, pa' que muevan la cabeza con rap mexa, mira quién viene, ¿quiúboles qué?."
T1_TRAIN_1005,1717464,NM,M,0.9126984126984127,"
[Letra de ""La Fuerza del Destino""]

[Verso 1]
Nos vimos tres o cuatro veces
Por toda la ciudad
Una noche en el bar del Oro
Me decidí a atacar

Tú me dijiste diecinueve
No quise desconfiar
Pero es que ni mucho ni poco
No vi de dónde agarrar

Y nos metimos en el coche
Mi amigo, tu amiga, tú y yo
Te dije nena dame un beso
Tú contestaste que no

[Estribillo]
Empezamos mal y yo que creía
Que esto era un buen plan

[Verso 2]
Aquella noche fue un desastre
No me comí un colín
Éstas son sólo un par de estrechas
Nos fuimos a dormir

Pero la fuerza del destino
Nos hizo repetir
Dos cines y un par de conciertos
Empezamos a salir

No sé si esa cara tan rara
Un ojo aquí y un diente allá
O el cuerpecillo de gitana
Mujer a medio terminar

[Estribillo]
Tu corazón fue lo que me
Acabó de enamorar

[Verso 3]
Y nos metimos en el coche
Mi amigo, tu amiga, tú y yo
Te dije nena dame un beso
Tú contestaste que no

[Estribillo]
Empezamos mal y yo que creía
Que esto era un buen plan

[Verso 4]
Y desde entonces hasta ahora
El juego del amor
Nos tuvo tres años jugando
Luego nos separó

Pero la fuerza del destino
Nos hizo repetir
Que si el invierno viene frío
Quiero estar junto a ti

[Outro]
Oh, oh, oh, oh
Oh, oh, oh, oh
Quiero estar junto a ti
Oh, oh, oh, oh
Oh, oh, oh, oh
Quiero estar junto a ti
Oh, oh, oh, oh
Oh, oh, oh, oh
Quiero estar junto a ti
Oh, oh, oh, oh
Oh, oh, oh, oh
Quiero estar junto a ti","Nos vimos tres o cuatro veces, por toda la ciudad, una noche en el bar del Oro, me decidí a atacar. Tú me dijiste diecinueve, no quise desconfiar, pero es que ni mucho ni poco, no vi de dónde agarrar. Y nos metimos en el coche, mi amigo, tu amiga, tú y yo, te dije nena dame un beso, tú contestaste que no, empezamos mal y yo que creía, que esto era un buen plan, aquella noche fue un desastre, no me comí un colín, çstas son sólo un par de estrechas, nos fuimos a dormir. Pero la fuerza del destino, nos hizo repetir, dos cines y un par de conciertos, empezamos a salir. No sé si esa cara tan rara, un ojo aquí y un diente allá, o el cuerpecillo de gitana, mujer a medio terminar, tu corazón fue lo que me, acabó de enamorar, y nos metimos en el coche, mi amigo, tu amiga, tú y yo, te dije nena dame un beso, tú contestaste que no, empezamos mal y yo que creía, que esto era un buen plan, y desde entonces hasta ahora, el juego del amor, nos tuvo tres años jugando, luego nos separó. Pero la fuerza del destino, nos hizo repetir, que si el invierno viene frío, quiero estar junto a ti, oh, oh, oh, oh, oh, oh, oh, oh, quiero estar junto a ti, oh, oh, oh, oh, oh, oh, oh, oh, quiero estar junto a ti, oh, oh, oh, oh, oh, oh, oh, oh, quiero estar junto a ti, oh, oh, oh, oh, oh, oh, oh, oh, quiero estar junto a ti."
T1_TRAIN_1015,1525111,NM,M,0.9478260869565217,"[Letra de ""La Novela""]

[Coro]
Asi e' que me gusta a mí
Cuando tú te mueve' así
Tú me rompiste el corazón
Con tu mini y tacón
Asi e' que me gusta a mí
Cuando tú te mueve' así
Tú me rompiste el corazón
Con tu mini y tacón

[Verso 1]
Cuando la conocí, yo dije: ""Vaya, ella era para mí""
Me asfixié cuando yo vi eso, solo pensando en caerle a besos
Qué mujerota, más linda, mira, como se mueve me alegra la vida
Entré a la pista a ponerme cerca de ella
Parece como una estrella
Esto es película, esa mujer se puso a bailar
Tienes un cuerpo como Iris Chacón
Quiero está' al lado de tu corazón
Le dije ""Negra, mamita, brega conmigo
Te quiero como el aire que respiro
Tiene' un meneíto de bomba que no se compra""

[Coro]
Asi e' que me gusta a mí (Y eso e' verdad)
Cuando tú te mueve' así (Y eso e' lo que me gusta)
Tú me rompiste el corazón (Ay, qué mujer más linda)
Con tu mini y tacón (Me dejó encendío')
Asi e' que me gusta a mí (Ay, e' que tanta curva)
Cuando tú te mueve' así (Imagínate, y yo sin freno')
Tú me rompiste el corazón (Ay, qué tragedia)
Parece como Iris Chacón (Pero qué novela, Dio' mío)

[Verso 2]
Cada madrugada bailamo' junto'
Me dio la gana 'e adorarte mucho
Te dí teléfono para que me llames
Al otro día te entregué la llave de mi corazón y mi apartamento
Te hice reina de mi aposento
Nunca pensé que era' traicionera tratándome como tierra
Esto es película esa mujer se puso a robá'
Llevó la plancha y televisión
Mi ropa entera, el mejor sillón
Tomó mi disco de Nelson Ned
Asta el reloj de la pared
Se llevó todo por mi mala maña
Después arrancó la piraña

[Coro]
Asi e' que me gusta a mí (Y eso e' verdad)
Cuando tú te mueve' así (Eso no se le hace a nadie)
Tú me rompiste el corazón (Ay, qué mujer más bandida)
Con tu mini y tacón (Me dejó plantao')
Asi e' que me gusta a mí (Ay, qué mujer más falsa)
Cuando tú te mueve' así (Tú ere' una traicionera)
Tú me rompiste el corazón (Y yo te quería mucho)
Parece como Iris Chacón (Cantinero tráeme otra)
(Que estoy sufriendo aquí)

[Interludio 1]
Asesina, te llevaste lo mío
Pero eso no se queda asi
Tú me las va' a pagá', ¡jah!

Y ahora el hombre más famoso de la Tierra, Fulanito de tal

[Puente]
Pena, es lo que siento en mi alma
Porque esa mujer no entiende, me hace perder la calma
Ay, mamá
Quiera Dios que encuentre' un hombre en tu vida
Que te dé todo el cariño que quizas yo no te dí
Bótate, pavorote
Quiera Dios que encuentre' un hombre en tu vida
Que te dé todo el cariño que quizas yo no te dí

[Interludio 2]
Mátame, si te fuiste' con el otro es porque él te quiere más que yo
Ahora, ¿él te quiere más que yo? Bueno
Pues que te coma su ripiaita, recuerda que me enfermaste
Me enfermaste con tu traición, ¡pero Tom!
Cállate, no me digas ná' que yo te ví
Un aviona así como tú no vale la pena
Si te va', que te vaya bien
Yo espero conseguir una que cuando yo le diga
""Mami, ¿tú me quiere' mucho?"" ""Ráscame aquí que me pica""
¿Por qué? Porque yo no fui tan malo contigo
Yo, yo me rebuscaba como un animal
Pa' darte todo lo que tú quería', malagradecía'
Te vo' a desear una cosa bien buena
¡Que te lleve el diablo!

[Outro]
Ojalá que te vaya bien","Asi e' que me gusta a mí, cuando tú te mueve' así, tú me rompiste el corazón, con tu mini y tacón, asi e' que me gusta a mí, cuando tú te mueve' así, tú me rompiste el corazón, con tu mini y tacón. Cuando la conocí, yo dije: Vaya, ella era para mí, me asfixié cuando yo vi eso, solo pensando en caerle a besos, qué mujerota, más linda, mira, como se mueve me alegra la vida, entré a la pista a ponerme cerca de ella, parece como una estrella, esto es película, esa mujer se puso a bailar, tienes un cuerpo como Iris Chacón, quiero está' al lado de tu corazón, le dije Negra, mamita, brega conmigo, te quiero como el aire que respiro, tiene' un meneíto de bomba que no se compra. Asi e' que me gusta a mí Y eso e' verdad, cuando tú te mueve' así Y eso e' lo que me gusta, tú me rompiste el corazón Ay, qué mujer más linda, con tu mini y tacón Me dejó encendío', asi e' que me gusta a mí Ay, e' que tanta curva, cuando tú te mueve' así Imagínate, y yo sin freno', tú me rompiste el corazón Ay, qué tragedia, parece como Iris Chacón Pero qué novela, Dio' mío. Cada madrugada bailamo' junto', me dio la gana 'e adorarte mucho, te dí teléfono para que me llames, al otro día te entregué la llave de mi corazón y mi apartamento, te hice reina de mi aposento, nunca pensé que era' traicionera tratándome como tierra, esto es película esa mujer se puso a robá', llevó la plancha y televisión, mi ropa entera, el mejor sillón, tomó mi disco de Nelson Ned, asta el reloj de la pared, se llevó todo por mi mala maña, después arrancó la piraña. Asi e' que me gusta a mí Y eso e' verdad, cuando tú te mueve' así Eso no se le hace a nadie, tú me rompiste el corazón Ay, qué mujer más bandida, con tu mini y tacón Me dejó plantao', asi e' que me gusta a mí Ay, qué mujer más falsa, cuando tú te mueve' así Tú ere' una traicionera, tú me rompiste el corazón Y yo te quería mucho, parece como Iris Chacón Cantinero tráeme otra, que estoy sufriendo aquí. Asesina, te llevaste lo mío, pero eso no se queda asi, tú me las va' a pagá', Ąjah!. Y ahora el hombre más famoso de la Tierra, Fulanito de tal. Pena, es lo que siento en mi alma, porque esa mujer no entiende, me hace perder la calma, ay, mamá, quiera Dios que encuentre' un hombre en tu vida, que te dé todo el cariño que quizas yo no te dí, bótate, pavorote, quiera Dios que encuentre' un hombre en tu vida, que te dé todo el cariño que quizas yo no te dí. Mátame, si te fuiste' con el otro es porque él te quiere más que yo, ahora, ¿él te quiere más que yo? Bueno, pues que te coma su ripiaita, recuerda que me enfermaste, me enfermaste con tu traición, Ąpero Tom!, cállate, no me digas ná' que yo te ví, un aviona así como tú no vale la pena, si te va', que te vaya bien, yo espero conseguir una que cuando yo le diga, mami, ¿tú me quiere' mucho? Ráscame aquí que me pica, ¿Por qué? Porque yo no fui tan malo contigo, yo, yo me rebuscaba como un animal, pa' darte todo lo que tú quería', malagradecía', te vo' a desear una cosa bien buena, ąQue te lleve el diablo!. Ojalá que te vaya bien."
T1_TRAIN_1024,1847925,NM,M,0.9916666666666667,"o
Le hicieron una piñata
A un jefe de alto poder
Pa festejar su cumpleaños
De todo tenia que haber
Todos los gastos corrieron
Por un gran amigo de el
Hizo las invitaciones
Y abajo decia no niños
Las repartio mucha gente
De todo estados unidos
A pura gente de talla
Clientes muy distingidos
Se llego el dia de la fiesta
Todos llegaron temprano
Y antes de meterse el sol
La gran piñata quebraron
Adentro no tenia dulces
Pero tenia algo mas caro
Pura bolsitas surtidas
De los animales bravos
Cuando callo la piñata
Se hizo una bola de gente
Parecian niños de kinder
Peliando por su juguete
Sabian que las bolsitas
Venian repletas de ambiente
Pasenle a comer señores
Digo la esposa del jefe
Ya muchos estaban llenos
Habian senado filete
Otros no podian llenarse
Su apetito era muy fuerte
Fue la piñataa mas carac
En estos ultimos años
El pastel nno era de pan
Eraa un pastel Colombiano
Si lo servian en platos
Pero de a 5 y 6 gramos
Si quieren aser piñatas
Aqui las bolsitas traigo","Le hicieron una piñata, a un jefe de alto poder, pa festejar su cumpleaños, de todo tenia que haber, todos los gastos corrieron, por un gran amigo de el, hizo las invitaciones, y abajo decia no niños, las repartio mucha gente, de todo estados unidos, a pura gente de talla, clientes muy distingidos, se llego el dia de la fiesta, todos llegaron temprano, y antes de meterse el sol, la gran piñata quebraron, adentro no tenia dulces, pero tenia algo mas caro, pura bolsitas surtidas, de los animales bravos, cuando callo la piñata, se hizo una bola de gente, parecian niños de kinder, peliando por su juguete, sabian que las bolsitas, venian repletas de ambiente, pasenle a comer señores, digo la esposa del jefe, ya muchos estaban llenos, habian senado filete, otros no podian llenarse, su apetito era muy fuerte, fue la piñataa mas carac, en estos ultimos años, el pastel nno era de pan, eraa un pastel Colombiano, si lo servian en platos, pero de a 5 y 6 gramos, si quieren aser piñatas, aqui las bolsitas traigo."
T1_TRAIN_1050,2090251,NM,M,0.84,"o
[Letra de ""Algo Contigo""]

[Verso]
Y hace falta que te diga que me muero por tener algo contigo
Y es que no te has dado cuenta de lo mucho que me cuesta ser tu amiga
Ya no puedo acercarme a tu boca sin deseártela de una manera loca
Necesito controlar tu vida, saber quién te besa y quién te abriga
Y hace falta que te diga que me muero por tener algo contigo
Y es que no te has dado cuеnta de lo mucho que me cuеsta ser tu amiga

[Coro]
Ya me quedan muy pocos caminos y aunque pueda parecerte un desatino
No quisiera yo morirme sin tener algo contigo
Ya no puedo continuar espiando, día y noche y tú llegar adivinando
Ya no sé con qué inocente excusa pasar por tu casa
Y me quedan muy pocos caminos y aunque pueda parecerte un desatino
No quisiera yo morirme sin tener algo contigo
Ya no puedo continuar espiando, día y noche tú llegar adivinando
Ya no sé con qué inocente excusa pasar por tu casa
Y me quedan muy pocos caminos y aunque pueda parecerte un desatino
No quisiera yo morirme sin tener algo contigo

[Outro]
Algo contigo
Algo contigo","Hace falta que te diga, que me muero por tener algo contigo, es que no te has dado cuenta, de lo mucho que me cuesta ser tu amigo, ya no puedo acercarme a tu boca, sin deseártela de una manera loca, necesito controlar tu vida, saber–Ś quien te besa, quien te abriga, hace falta que te diga, que me muero por tener algo contigo, es que no te has dado cuenta, de lo mucho que me cuesta ser tu amigo, ya me quedan muy pocos caminos, aunque pueda parecerte un desatino, no quisiera yo morirme sin tener–Ś, algo contigo, ya no puedo continuar espiando, día y noche, tu llegada adivinando, ya no se con que inocente excusa, pasar por tu casa, me quedan muy pocos caminos, aunque pueda parecerte un desatino, no quisiera yo morirme sin tener–Ś, algo contigo."
T1_TRAIN_1056,5435212,NM,M,1.0,"
Yo soy el trovador
Que canta su dolor
Ese dolor del hombre
Que nace pobre y no tiene amor

Un día me enamoré
Con todo el corazón
Pero como soy pobre
Se fue la ingrata y me abandonó

Ella habrá de volver
Ha de venir a mí
Diciéndome: te quiero
Porque el dinero no hace feliz

Vale más un amor
De ésos que quieren bien
Que un amor que se tiene
Por interés

Yo soy el trovador
Que canta su dolor
Ese dolor del hombre
Que nace pobre y no tiene amor

Un día me enamoré
Con todo el corazón
Pero como soy pobre
Se fue la ingrata y me abandonó

Ella habrá de volver
Ha de venir a mí
Diciéndome: te quiero
Porque el dinero no hace feliz

Vale más un amor
De ésos que quieren bien
Que un amor que se tiene
Por interés","Yo soy el trovador, que canta su dolor, ese dolor del hombre, que nace pobre y no tiene amor, un día me enamoré, con todo el corazón, pero como soy pobre, se fue la ingrata y me abandonó, ella habrá de volver, ha de venir a mí, diciéndome: te quiero, porque el dinero no hace feliz, vale más un amor, de ésos que quieren bien, que un amor que se tiene, por interés, yo soy el trovador, que canta su dolor, ese dolor del hombre, que nace pobre y no tiene amor, un día me enamoré, con todo el corazón, pero como soy pobre, se fue la ingrata y me abandonó, ella habrá de volver, ha de venir a mí, diciéndome: te quiero, porque el dinero no hace feliz, vale más un amor, de ésos que quieren bien, que un amor que se tiene, por interés."
T1_TRAIN_1064,927732,NM,M,0.8928571428571429,"
[Estrofa 1: Charly García]
Ella es una actriz
Se seca y mira el mar
Se viste de plata
Nadie la viene a buscar
No espera que toquen timbre
Se monta en su convertible
Y se va, ya verán
¿Qué se puede hacer
Salvo ver películas?
Sueño con la actriz
Que se seca y mira el mar
Mi corazón es de ella
Mi mente está en las estrellas

[Interludio: Casa de Muñecas: Pedro Rigato, Delia Garces]
Tal vez mis palabras te han parecido egoístas
Pero piensa que era mi honor el que estaba en peligro
Los hombres no sabemos dar la honra por amor

Las mujeres sí
Ese es nuestro orgullo

[Estrofa 2: Charly García]
Sobre la TV se duermen mis dos gatos
Salgo a caminar para matar el rato
Y de pronto yo la veo entre los autos
Justo cuando la luz roja cierra el paso
Me acercaré al convertible
Le diré: ""Quiero ser libre
Llévame, por favor""

¿Qué se puede hacer salvo ver películas?","Ella es una actriz, se seca y mira el mar, se viste de plata, nadie la viene a buscar, no espera que toquen timbre, se monta en su convertible, y se va, ya verán, ¿Qué se puede hacer, salvo ver películas?, sueño con la actriz, que se seca y mira el mar, mi corazón es de ella, mi mente está en las estrellas, tal vez mis palabras te han parecido egoístas, pero piensa que era mi honor el que estaba en peligro, los hombres no sabemos dar la honra por amor. Las mujeres sí, ese es nuestro orgullo, sobre la TV se duermen mis dos gatos, salgo a caminar para matar el rato, y de pronto yo la veo entre los autos, justo cuando la luz roja cierra el paso, me acercaré al convertible, le diré: Quiero ser libre, llévame, por favor. ¿Qué se puede hacer salvo ver películas?."
T1_TRAIN_1066,1210770,M,NM,0.7954545454545454,"
[Letra de ""Carolina""]

[Intro]
¡Pibes Chorro'!

[Verso 1]
Dale Carolina entrega que no doy mas
Siempre decís que andas con andres
Ese que viene una vez por mes

[Verso 2]
Dale Carolina entrega que no doy mas
Hace dos años que me chamuyas
Ay carolina dale entrega

[Verso 3]
Ay Carolina no maduras
Seguís tomando la leche con pan
Ay Carolina no chamuyes
Ya no te creo que andas con andres

[Verso 1]
Dale Carolina entrega que no doy mas
Siempre decís que andas con andres
Ese que viene una vez por mes

[Verso 2]
Dale Carolina entrega que no doy mas
Hace dos años que me chamuyas
Ay carolina dale entrega

[Verso 3]
Ay Carolina no maduras
Seguís tomando la leche con pan
Ay Carolina no chamuyes
Ya no te creo que andas con andres","ĄPibes Chorro'!, dale Carolina entrega que no doy mas, siempre decís que andas con andres, ese que viene una vez por mes, dale Carolina entrega que no doy mas, hace dos años que me chamuyas, ay carolina dale entrega, ay Carolina no maduras, seguís tomando la leche con pan, ay Carolina no chamuyes, ya no te creo que andas con andres, dale Carolina entrega que no doy mas, siempre decís que andas con andres, ese que viene una vez por mes, dale Carolina entrega que no doy mas, hace dos años que me chamuyas, ay carolina dale entrega, ay Carolina no maduras, seguís tomando la leche con pan, ay Carolina no chamuyes, ya no te creo que andas con andres."
T1_TRAIN_1077,8236476,M,NM,0.9859154929577465,"[Rude Girl] + (Ledesma)
Ya no aguanto está situación
(Mami, tienes que comprender)
(Tienes que comprenderme mami)
Comprender, nada)
Oye lo que yo tengo

[Rude Girl] + (Ledesma)
Tengo ansías (De tener tu amor)
Y así (Late mucho mi corazón)
Ansías (De tener tu amor)
Y así (Late mucho mi corazón)

[Rude Girl] + (Ledesma)
Estas casado ya
(Sí pero ya no nos llevamos más)
Conozco a tu esposa
(Por favor olvídate de ella ya)
No es fácil olvidar
(Muy pronto nos vamos a sеparar)
Eso lo he oído ya
(Muy pronto te lo voy a demostrar)

[Rudе Girl] + (Ledesma)
Tengo ansías (De tener tu amor)
Y así (Late mucho mi corazón)
Ansías (De tener tu amor)
Y así (Late mucho mi corazón)

[Rude Girl]
Pero siempre tú me acusas de ser bien celosa
Cuando vienes en la noche estoy acostada
Vienes tu con esa ropa, oye bien ajada
Después tú me aseguras que no pasa nada
Cuando ya pasaste to'a la noche en otra cama
Pero porqué tu me tomas por tremenda tonta
En inglés, Rude Girl, spanish La Atrevida
Oye ven Ledesma y ponte a cantar

[Rude Girl] + (Ledesma)
Tengo ansías (De tener tu amor)
Y así (Late mucho mi corazón)
Ansías (De tener tu amor)
Y así (Late mucho mi corazón)

[Rude Girl] + (Ledesma)
No puedo esperar más
(Por favor aguanta un poco más)
Por quien tu me tomas
(Este amor no acabará jamás)
Ahora ya te vas
(Yo tengo que ir a casa ya)
Porque tu me dejas
(Si ahora no me voy, no me iré jamás)

[Rude Girl] + (Ledesma)
Tengo ansías (De tener tu amor)
Y así (Late mucho mi corazón)
Ansías (De tener tu amor)
Y así (Late mucho mi corazón)

[Ledesma]
No me dejes mami, necesito tu cariño
Sabes que con ella la vida ha sido un martirio
Desde que a mi vida llegaste tu, oye
Mi oscuridad se ha convertido en luz
La vida señores, esta llena de sorpresas
Todo el día en pleito pero en la noche ya hay fiesta
Esta es una situación con la que quiero acabar
Sólo te pido tiempo para después disfrutar

[Rude Girl] + (Ledesma)
Tengo ansías (De tener tu amor)
Y así (Late mucho mi corazón)
Ansías (De tener tu amor)
Y así (Late mucho mi corazón)

[Rude Girl] + (Ledesma)
Mi amor contigo está
(De eso yo no he dudado jamás)
Pero me puedo cansar
(Déjate de pensar, acaba ya)
Esto se debe acabar
(Quiero me de otra oportunidad)
Para hacer lo mismo, ajá
(Si nos queremos lo debemos intentar)

[Rude Girl] + (Ledesma)
Tengo ansías (De tener tu amor)
Y así (Late mucho mi corazón)
Ansías (De tener tu amor)
Y así (Late mucho mi corazón)

[Rude Girl]
Pero yo como mujer vengo determinada
A no quedarme en la casa a ponerme a llorar
Siempre vienes a la casa en la madrugada
Y yo me quedo solita oye preocupada
Se ve siempre en tu cara una gran sonrisa
Y yo sin decirte nada empiezas a explicar
Eso a mi me da el derecho de estar sospechosa

[Rude Girl] + (Ledesma)
Tengo ansías (De tener tu amor)
Y así (Late mucho mi corazón)
Ansías (De tener tu amor)
Y así (Late mucho mi corazón)

[Ledesma]
Entre todas las mujeres, eres tu la mas preciosa
Donde quiera que yo esté, siempre serás mas valiosa
Mi reina chulita, mi linda ñoñita
Aunque yo esté con ella tu serás mi consentida
Este Ledesma junto con La Atrevida
Con este nuevo reggae, pa' mover la cinturita

[Rude Girl] + (Ledesma)
Tengo ansías (De tener tu amor)
Y así (Late mucho mi corazón)
Ansías (De tener tu amor)
Y así (Late mucho mi corazón)

[Rude Girl] + (Ledesma)
Quiero tener tu amor
(Y sentir por siempre tu calor)
Ahogados en sudor
(Sumergido en nuestra pasión)
Nos amamos sin temor
(Después tomamos malta vigor)
Esto si es amor
(Escuchen mi gente nuestra canción)","+ Ledesma, ya no aguanto está situación, mami, tienes que comprender, tienes que comprenderme mami, comprender, nada, oye lo que yo tengo, + Ledesma, tengo ansías De tener tu amor, y así Late mucho mi corazón, ansías De tener tu amor, y así Late mucho mi corazón, + Ledesma, estas casado ya, sí pero ya no nos llevamos más, conozco a tu esposa, por favor olvídate de ella ya, no es fácil olvidar, muy pronto nos vamos a separar, eso lo he oído ya, muy pronto te lo voy a demostrar, + Ledesma, tengo ansías De tener tu amor, y así Late mucho mi corazón, ansías De tener tu amor, y así Late mucho mi corazón. Pero siempre tú me acusas de ser bien celosa, cuando vienes en la noche estoy acostada, vienes tu con esa ropa, oye bien ajada, después tú me aseguras que no pasa nada, cuando ya pasaste to'a la noche en otra cama, pero porqué tu me tomas por tremenda tonta, en inglés, Rude Girl, spanish La Atrevida, oye ven Ledesma y ponte a cantar, + Ledesma, tengo ansías De tener tu amor, y así Late mucho mi corazón, ansías De tener tu amor, y así Late mucho mi corazón, + Ledesma, no puedo esperar más, por favor aguanta un poco más, por quien tu me tomas, este amor no acabará jamás, ahora ya te vas, yo tengo que ir a casa ya, porque tu me dejas, si ahora no me voy, no me iré jamás, + Ledesma, tengo ansías De tener tu amor, y así Late mucho mi corazón, ansías De tener tu amor, y así Late mucho mi corazón. No me dejes mami, necesito tu cariño, sabes que con ella la vida ha sido un martirio, desde que a mi vida llegaste tu, oye, mi oscuridad se ha convertido en luz, la vida señores, esta llena de sorpresas, todo el día en pleito pero en la noche ya hay fiesta, esta es una situación con la que quiero acabar, sólo te pido tiempo para después disfrutar, + Ledesma, tengo ansías De tener tu amor, y así Late mucho mi corazón, ansías De tener tu amor, y así Late mucho mi corazón, + Ledesma, mi amor contigo está, de eso yo no he dudado jamás, pero me puedo cansar, déjate de pensar, acaba ya, esto se debe acabar, quiero me de otra oportunidad, para hacer lo mismo, ajá, si nos queremos lo debemos intentar, + Ledesma, tengo ansías De tener tu amor, y así Late mucho mi corazón, ansías De tener tu amor, y así Late mucho mi corazón. Pero yo como mujer vengo determinada, a no quedarme en la casa a ponerme a llorar, siempre vienes a la casa en la madrugada, y yo me quedo solita oye preocupada, se ve siempre en tu cara una gran sonrisa, y yo sin decirte nada empiezas a explicar, eso a mi me da el derecho de estar sospechosa, + Ledesma, tengo ansías De tener tu amor, y así Late mucho mi corazón, ansías De tener tu amor, y así Late mucho mi corazón. Entre todas las mujeres, eres tu la mas preciosa, donde quiera que yo esté, siempre serás mas valiosa, mi reina chulita, mi linda ñoñita, aunque yo esté con ella tu serás mi consentida, este Ledesma junto con La Atrevida, con este nuevo reggae, pa' mover la cinturita, + Ledesma, tengo ansías De tener tu amor, y así Late mucho mi corazón, ansías De tener tu amor, y así Late mucho mi corazón, + Ledesma, quiero tener tu amor, y sentir por siempre tu calor, ahogados en sudor, sumergido en nuestra pasión, nos amamos sin temor, después tomamos malta vigor, esto si es amor, escuchen mi gente nuestra canción."
T1_TRAIN_1081,5264838,NM,M,0.9928571428571429,"
[Letra de ""La Chancla""]

Quizás después de esto pueda perdonarme mama
Espero que ya no me pueda escuchar
Malas calificaciones me va a matar
No quería reprobar

Pues me saque cero
No sabia en lo que me estaba metiendo milagro es lo que yo quiero oh
Te prometo que esto es temporal
Las tiro al basurero escuche que ella viene a paso lento

La chancla me callo del cielo, no pude raccionar

Y me avento la chancla
De ella nadie se salva
Corro y siento que vuelo
Estaba acorralada

Y me avento la chancla ahah
De ella nadie se salva
Escapo como puedo
Pero cai golpeada

Ah ah ah eh

Profesor llama
Mientras tu solo jugabas
Su hija esta reprobada
Te furmino con una mirada ah

Piensas que soy malvada ah
Y te persigo corriendo
Buena puntería yo tengo
Corre ya por tu vida Bala

Mejor ponte a estudiar
Vas a acabar como un criminal
Puedes correr pero nunca escapar
Ya me la quite del pie

Y le avente la chancla
De mi nadie se salva
Buena puntería tengo
Vas a estar castigada

Y me aventó la chancla ah ah
De ella nadie se salva
Escapo como puedo
Pero cai golpeada

Ah ah ah eh
Ah ah ah eh
Ah ah ah eh
Ah ah ah eh
Ah ah ah eh
Ah ah ah eh
Ah ah ah eh
Ah ah ah eh

Despacio me levanto yo del suelo
Cuidado que mi coco es muy ligero
Permíteme explicarte ma'
Te prometo ya siempre estudiar

Pero porfis te pido no la avientes mas (tengo miedo ooohh)
Me saque cero no sabia en lo que me estaba metiendo
Milagro es lo que yo quiero oh
Te prometo que esto es temporal

Te sacaste cero yo siempre atino en el primer intento
No quería castigarte pero siempre te portas mal

Y le avente la chancla
De mi nadie se salva
Buena puntería tengo
Vas a estar castigada

Y me avento la chancla ah ah
De ella nadie se salva
Escapo como puedo
Pero cai golpeada

Ah ah ah eh
Ah ah ah eh
Ah ah ah eh
Ah ah ah eh
Ah ah ah eh
Ah ah ah eh
Ah ah ah eh
Ah ah ah eh","Quizás después de esto pueda perdonarme mama, espero que ya no me pueda escuchar, malas calificaciones me va a matar, no quería reprobar. Pues me saque cero, no sabia en lo que me estaba metiendo milagro es lo que yo quiero oh, te prometo que esto es temporal, las tiro al basurero escuche que ella viene a paso lento. La chancla me callo del cielo, no pude raccionar, y me avento la chancla, de ella nadie se salva, corro y siento que vuelo, estaba acorralada. Y me avento la chancla ahah, de ella nadie se salva, escapo como puedo, pero cai golpeada. Ah ah ah eh, profesor llama, mientras tu solo jugabas, su hija esta reprobada, te furmino con una mirada ah. Piensas que soy malvada ah, y te persigo corriendo, buena puntería yo tengo, corre ya por tu vida Bala. Mejor ponte a estudiar, vas a acabar como un criminal, puedes correr pero nunca escapar, ya me la quite del pie, y le avente la chancla, de mi nadie se salva, buena puntería tengo, vas a estar castigada. Y me aventó la chancla ah ah, de ella nadie se salva, escapo como puedo, pero cai golpeada. Ah ah ah eh, ah ah ah eh, ah ah ah eh, ah ah ah eh, ah ah ah eh, ah ah ah eh, ah ah ah eh, ah ah ah eh, despacio me levanto yo del suelo, cuidado que mi coco es muy ligero, permíteme explicarte ma', te prometo ya siempre estudiar. Pero porfis te pido no la avientes mas tengo miedo ooohh, me saque cero no sabia en lo que me estaba metiendo, milagro es lo que yo quiero oh, te prometo que esto es temporal. Te sacaste cero yo siempre atino en el primer intento, no quería castigarte pero siempre te portas mal, y le avente la chancla, de mi nadie se salva, buena puntería tengo, vas a estar castigada. Y me avento la chancla ah ah, de ella nadie se salva, escapo como puedo, pero cai golpeada. Ah ah ah eh, ah ah ah eh, ah ah ah eh, ah ah ah eh, ah ah ah eh, ah ah ah eh, ah ah ah eh, ah ah ah eh."
T1_TRAIN_1096,1619612,M,NM,1.0,"
Mira quien viene ahí
No lo puedo creer
Tremenda es la impresión
Que me ha causado a mi

Una gata montesa
Que ahora viene
Convertida en gatita
A que vendrá no lo puedo saber

Mi destino es quererte
Seguirte hasta la muerte
Pero querer, por querer no es amor
Eso se llama ilusión

Eres historia vieja
Un libro ya leído
Pero querer, por querer no es querer
Hay que poner el corazón

(Cuidao con Doña Teresa
Viene la gata montesa)
Esa gatita montesa
Siempre me gasta su viveza
Es que sabe que esta buena
Y es tremenda vampiresa
(Cuidao con Doña Teresa
Viene la gata montesa)
María Tere, María Teresa
María Teresa, María Teresa linda
María linda pero mira nona
No monten caleza
Que ya te dije que se te ensucia
La batita japonesa
(Cuidao con Doña Teresa
Viene la gata montesa)
El otro dia yo la vi que estaba
Pero correteando en la maleza
Le dió coraje conmigo
Ri-ki-ton, se me zumbo pa' la cabeza, ! ecua !

Pa' gozar. pa' gozar. pa' gozar, Belén
Vente sonero pa' bailar
Vamos a bailar la rumba buena
Monte adentro y del solar
Porque alla esta repicando ese rumbero
Patato,Patato
Vamos a gozar, vamos a bailar
Monte adentro vengo yo

(Cuidao con Doña Teresa
Viene la gata montesa)
María Teresa, María Teresa
María Teresa María Teresa es vampiresa
Patato el señor tambor
Teresa no me engalesa
Dice El Sonero Mayor
(Cuidao con Doña Teresa
Viene la gata montesa)
El otro dia la ví
Que estaba, vero
Correteando en la meleza
Le dió coraje conmigo
Que me tiró pa' la cabeza","Mira quien viene ahí, no lo puedo creer, tremenda es la impresión, que me ha causado a mi, una gata montesa, que ahora viene, convertida en gatita, a que vendrá no lo puedo saber, mi destino es quererte, seguirte hasta la muerte, pero querer, por querer no es amor, eso se llama ilusión, eres historia vieja, un libro ya leído, pero querer, por querer no es querer, hay que poner el corazón, cuidao con Doña Teresa, viene la gata montesa, esa gatita montesa, siempre me gasta su viveza, es que sabe que esta buena, y es tremenda vampiresa, cuidao con Doña Teresa, viene la gata montesa, maría Tere, María Teresa, maría Teresa, María Teresa linda, maría linda pero mira nona, no monten caleza, que ya te dije que se te ensucia, la batita japonesa, cuidao con Doña Teresa, viene la gata montesa, el otro dia yo la vi que estaba, pero correteando en la maleza, le dió coraje conmigo, ri-ki-ton, se me zumbo pa' la cabeza, ! ecua !, pa' gozar. pa' gozar. pa' gozar, Belén, vente sonero pa' bailar, vamos a bailar la rumba buena, monte adentro y del solar, porque alla esta repicando ese rumbero, patato,Patato, vamos a gozar, vamos a bailar, monte adentro vengo yo, cuidao con Doña Teresa, viene la gata montesa, maría Teresa, María Teresa, maría Teresa María Teresa es vampiresa, patato el señor tambor, teresa no me engalesa, dice El Sonero Mayor, cuidao con Doña Teresa, viene la gata montesa, el otro dia la ví, que estaba, vero, correteando en la meleza, le dió coraje conmigo, que me tiró pa' la cabeza."
T1_TRAIN_1097,7490090,NM,M,0.989247311827957,"s
Con cinco tiros de mauser mataron a Nicolaza
El primer tiro era bueno los otros cuatros de gracia
Por andarlos mancornando les pasa lo que les pasa

Maclovio estaba borracho tomando con un amigo
Mientras que la Nicolasa paseaba con el querido
Los dos en la media plaza creían que estaba dormido

Eran las diez de la noche no se me olvida la hora
Cuando en la puerta del templo cayo la mancornadora

Maclovio esta tras las rejas a cargo del comisario
Mientras que la Nicolasa le rezan su novenario
Se encuentra ya bajo tierra, bajo la cruz del calvario

Se encuentran tres huerfanitos en la casa de un compadre
Tres hijos de Nicolasa su padre solo dios sabe
Mujeres de la paseada que habitan la media calle

Ya con esta me despido les digo a las paseadora
Eso les viene pasando a las mujeres traidoras","Con cinco tiros de mauser mataron a Nicolaza, el primer tiro era bueno los otros cuatros de gracia, por andarlos mancornando les pasa lo que les pasa, maclovio estaba borracho tomando con un amigo, mientras que la Nicolasa paseaba con el querido, los dos en la media plaza creían que estaba dormido, eran las diez de la noche no se me olvida la hora, cuando en la puerta del templo cayo la mancornadora, maclovio esta tras las rejas a cargo del comisario, mientras que la Nicolasa le rezan su novenario, se encuentra ya bajo tierra, bajo la cruz del calvario, se encuentran tres huerfanitos en la casa de un compadre, tres hijos de Nicolasa su padre solo dios sabe, mujeres de la paseada que habitan la media calle, ya con esta me despido les digo a las paseadora, eso les viene pasando a las mujeres traidoras."
T1_TRAIN_1098,4857847,NM,M,0.8980891719745223,"[Letra de ""Trucho"" ft. Kiko El Crazy]

[Intro: Rochy RD & Kiko El Crazy]
¡Ahora es ""Trucho""! (Ah)
Yo lo que 'toy e' en alta, mi loco, como la otra noche
Lo' greti me tiraron de burla'o que 'taban trucho'
Vamo' pa' 'onde Chon, no 'toy en achoche
¿Que yo no soy de na'? Yo me desmonto y me encapucho

[Refrán: Rochy RD]
Trucho, trucho, trucho, trucho
Trucho, trucho, trucho, trucho
Trucho, trucho, trucho, trucho
Trucho, trucho, trucho, trucho

[Coro: Kiko El Crazy & Rochy RD]
Hoy salgo pa' la calle y me vo'a poner trucho
Mejor no opine', que yo lo que 'toy trucho
Si veo a tu chica, me la vo'a robar (La vo'a robar)
Trucho, trucho, trucho, trucho
Hoy salgo pa' la calle y me vo'a poner trucho
Mejor no opine', que yo lo que 'toy trucho
Si veo a tu chica, me la vo'a robar (La vo'a robar)
Trucho, trucho, trucho, trucho

[Refrán: Rochy RD]
Trucho, trucho, trucho, trucho (Me la vo'a robar)
Trucho, trucho, trucho, trucho
Trucho, trucho, trucho, trucho (Si veo a tu chica, me la vo'a robar)
Trucho, trucho, trucho, trucho

[Verso 1: Rochy RD]
¿Qué lo que tú dice tú que la tiene' más fina?
Tú sabe' que ando duro y que la calle me fascina
Amante al chukyteo, enfermo con la adrenalina
Menore' en cancaneo, les dejé pa' gasolina
Me gusta el bajo mundo, soy de un barrio calentón
Yo corro con los mío', ello' 'tán claro quiéne' son
Cuando no e' una Corona, e' veneno en el vaso foam
Y cuento con la mía que guinda en el pantalón
Yo lo que 'toy e' en alta, mi loco, como la otra noche
Lo' greti me tiraron de burla'o que 'taban trucho'
Vamo' pa' 'onde Chon, no 'toy en achoche
¿Que yo no soy de na'? Yo me desmonto y me encapucho

[Puente: Rochy RD]
En alta, mi loco (En alta, mi loco)
En alta, mi loco (En alta, mi loco)
En alta, mi loco (En alta, mi loco)
¿Que yo no soy de na'? Yo me desmonto y me encapucho

[Refrán: Rochy RD]
Trucho, trucho, trucho, trucho (Me la vo'a robar)
Trucho, trucho, trucho, trucho
Trucho, trucho, trucho, trucho (Si veo a tu chica, me la vo'a robar)
Trucho, trucho, trucho, trucho

[Verso 2: Kiko El Crazy]
Esta noche, me vo'a poner trucho
Suéltame con eso, a mí no me hable' de serrucho
Es que ello' 'tán claro que los buscamo' de a mucho'
Me voy pa' la calle con mis gretis que son trucho'
Lo' gogo' no lo' escucho, los tengo sofoca'os
Mocama' regular to' lo que prendo de aquel la'o
Yo 'toy desacata'o, los trucho' dicen ""¡Fiesta!""
No salgo a la avenida porque me voy en segueta (Jaja)

[Coro: Kiko El Crazy & Rochy RD]
Hoy salgo pa' la calle y me vo'a poner trucho
Mejor no opine', que yo lo que 'toy trucho
Si veo a tu chica, me la vo'a robar (La vo'a robar)
Trucho, trucho, trucho, trucho
Hoy salgo pa' la calle y me vo'a poner trucho
Mejor no opine', que yo lo que 'toy trucho
Si veo a tu chica, me la vo'a robar (La vo'a robar)
Trucho, trucho, trucho, trucho

[Refrán: Rochy RD]
Trucho, trucho, trucho, trucho (Me la vo'a robar)
Trucho, trucho, trucho, trucho
Trucho, trucho, trucho, trucho (Si veo a tu chica, me la vo'a robar)
Trucho, trucho, trucho, trucho

[Outro: Rochy RD & Kiko El Crazy]
Leo RD produciendo, el que sabe de los dembows dije yo
Hablamo' ahora, ñiño, hay que darme banda e'
¿Qué lo que, wa wa wa?
¡Rochy!
Kiko El Crazy
Jaja, Kiko El Crazy
Toka
El Mono Coblan
El Brailin
27
¿Tú no sabe', Dariel?
Hablamo' ahora, ñiño, despegué (Jajaja)
Waldo Calle
(E' trucho que andamo', normalito)","ĄAhora es Trucho! Ah, yo lo que 'toy e' en alta, mi loco, como la otra noche, lo' greti me tiraron de burla'o que 'taban trucho', vamo' pa' 'onde Chon, no 'toy en achoche, ¿Que yo no soy de na'? Yo me desmonto y me encapucho. Trucho, trucho, trucho, trucho, trucho, trucho, trucho, trucho, trucho, trucho, trucho, trucho, trucho, trucho, trucho, trucho. Hoy salgo pa' la calle y me vo'a poner trucho, mejor no opine', que yo lo que 'toy trucho, si veo a tu chica, me la vo'a robar La vo'a robar, trucho, trucho, trucho, trucho, hoy salgo pa' la calle y me vo'a poner trucho, mejor no opine', que yo lo que 'toy trucho, si veo a tu chica, me la vo'a robar La vo'a robar, trucho, trucho, trucho, trucho. Trucho, trucho, trucho, trucho Me la vo'a robar, trucho, trucho, trucho, trucho, trucho, trucho, trucho, trucho Si veo a tu chica, me la vo'a robar, trucho, trucho, trucho, trucho. ¿Qué lo que tú dice tú que la tiene' más fina?, tú sabe' que ando duro y que la calle me fascina, amante al chukyteo, enfermo con la adrenalina, menore' en cancaneo, les dejé pa' gasolina, me gusta el bajo mundo, soy de un barrio calentón, yo corro con los mío', ello' 'tán claro quiéne' son, cuando no e' una Corona, e' veneno en el vaso foam, y cuento con la mía que guinda en el pantalón, yo lo que 'toy e' en alta, mi loco, como la otra noche, lo' greti me tiraron de burla'o que 'taban trucho', vamo' pa' 'onde Chon, no 'toy en achoche, ¿Que yo no soy de na'? Yo me desmonto y me encapucho. En alta, mi loco En alta, mi loco, en alta, mi loco En alta, mi loco, en alta, mi loco En alta, mi loco, ¿Que yo no soy de na'? Yo me desmonto y me encapucho. Trucho, trucho, trucho, trucho Me la vo'a robar, trucho, trucho, trucho, trucho, trucho, trucho, trucho, trucho Si veo a tu chica, me la vo'a robar, trucho, trucho, trucho, trucho. Esta noche, me vo'a poner trucho, suéltame con eso, a mí no me hable' de serrucho, es que ello' 'tán claro que los buscamo' de a mucho', me voy pa' la calle con mis gretis que son trucho', lo' gogo' no lo' escucho, los tengo sofoca'os, mocama' regular to' lo que prendo de aquel la'o, yo 'toy desacata'o, los trucho' dicen ĄFiesta!, no salgo a la avenida porque me voy en segueta Jaja. Hoy salgo pa' la calle y me vo'a poner trucho, mejor no opine', que yo lo que 'toy trucho, si veo a tu chica, me la vo'a robar La vo'a robar, trucho, trucho, trucho, trucho, hoy salgo pa' la calle y me vo'a poner trucho, mejor no opine', que yo lo que 'toy trucho, si veo a tu chica, me la vo'a robar La vo'a robar, trucho, trucho, trucho, trucho. Trucho, trucho, trucho, trucho Me la vo'a robar, trucho, trucho, trucho, trucho, trucho, trucho, trucho, trucho Si veo a tu chica, me la vo'a robar, trucho, trucho, trucho, trucho. Leo RD produciendo, el que sabe de los dembows dije yo, hablamo' ahora, ñiño, hay que darme banda e', ¿Qué lo que, wa wa wa?, ąRochy!, kiko El Crazy, jaja, Kiko El Crazy, toka, el Mono Coblan, el Brailin, ¿Tú no sabe', Dariel?, hablamo' ahora, ñiño, despegué jajaja, waldo Calle, e' trucho que andamo', normalito."
T1_TRAIN_1107,7521552,NM,M,0.8882175226586103,"[Letra de ""Mi Ranchito / La Feria de las Flores / Los Pájaros / La Vaquilla / Mi Gusto Es / Árboles de la Barranca (En Vivo)""]

[Parte I]

[Intro]
Ahí, chaparrito

[Verso 1]
Allá atrás de la montaña
Donde temprano se oculta el Sol
Quedo mi ranchito triste
Y abandonada ya mi labor

[Verso 2]
Allí me pasé los años
Y allí encontré mi primer amor
Y fueron los desengaños
Los que mataron a mi ilusión

[Coro]
Ay, corazón que te vas
Para nunca volver
No me digas adiós
No te despidas de mí
Si no quieres saber
De la ausencia el dolor

[Interudio]
Ay, ay, ay, ay, ay
Échele

[Coro]
Ayyy, corazón que te vas
Para nunca volver
No me digas adiós
Y vuelve a alegrar con tu amor
Al ranchito que fue
De mi vida, ilusión

[Verso 3]
Malhaya los ojos negros
Que me еmbrujaron con su mirar
Si nunca me hubieran visto
No fueran causa dе mí penar

[Parte II]

[Intro]
Oiga

[Verso 1]
Mi ranchito quedó abandonado
Desde que te fuiste
Muy triste quedó, mujer
El jacal donde el amor nos dimos
Está tan solito
Desde que ya no te ve

[Pre-Coro]
Ya la sombra que daba el naranjo
Donde nos sentábamos
A platicar mi amor
Por no verte se fue marchitando
Y se fue secando
Igual que mi corazón

[Coro]
Ya no vendrá
Ya tu recuerdo me persigue a donde voy
Sufro al mirar
Y hasta los campos me preguntan cuando vuelve
Y yo no sé qué contestar porque no sé si volverá
Lo más seguro es que ya no regrese

[Interudio]
Carín
Y de aquí hasta que se acabe

[Pre-Coro]
Ya la sombra que daba el naranjo
Donde nos sentábamos
A platicar mi amor
Por no verte se fue marchitando
Y se fue secando
Igual que mi corazón

[Coro]
Ya no vendrá
Ya tu recuerdo me persigue a donde voy
Sufro al mirar
Y hasta los campos me preguntan cuando vuelve
Y yo no sé qué contestar porque no sé si volverá
Lo más seguro es que ya no regrese
Y yo no sé qué contestar porque no sé si volverá
Lo más seguro es que ya no regrese

[Parte III]

[Verso 1]
Me gusta cantarle al viento
Porque vuelan mis cantares
Y digo lo que yo siento
Por toditos los lugares

[Verso 2]
Aquí vine porque vine
A la feria de las flores
Aquí hay una rosa huraña
Que es la flor de mis amores

[Verso 3]
En mi caballo retinto
He venido de muy lejos
Y traigo pistola al cinto
Y con ella doy consejos

[Verso 4]
Atravesé la montaña
Pa' venir a ver las flores
No hay cerro que se me empine
Ni cuaco que se me atore

[Verso 5]
Aunque otra quiera cortarla
Yo la divisé primero
Y juro que he de cortarla
Aunque tenga jardinero

[Verso 6]
Yo la he de ver trasplantada
En el huerto de mi casa
Y si sale el jardinero
Pues a ver, a ver qué pasa

[Interludio]
Bueno
La que usted quiere

[Parte IV]

[Verso 1]
Estoy muy joven pa' encontrarme tan bebido
Yo tomo poco pero mucho muy seguido
A mi la vida de borracho me disgusta
Me esta matando eso si pero me gusta

[Coro]
Ya no cantan los pájaros, ya no están en los árboles
Lunes, martes y miércoles, yo me voy a emborrachar
Jueves, viernes y sábados, yo los uso pa' la cruda
Y el domingo me dedico, me dedico a descansar

[Interludio]
Échele mi viejo

[Verso 2]
Pa' mi la cosa del alcohol es muy honesta
Pues pa'que tomas pero si ya nomás está
Ay, cuánto saben mis cuatachos de la vida
Como los quiero nada más por la bebida

[Coro]
Ya no cantan los pájaros, ya no están en los árboles
Lunes, martes y miércoles, yo me voy a emborrachar
Jueves, viernes y sábados, yo los uso pa' la cruda
Y el domingo me dedico, me dedico a descansar

[Parte V]

[Interludio]
Acomódenses, cabrones
Vámonos, Carín

[Verso 1]
Le dirás a la vaquilla
Que se baje para el plan
Que ya se le muere de hambre
El becerro gavilán
Le dirás a la vaquilla
Que se baje para el plan
Que ya se le muere de hambre
El becerro gavilán
Le dirás a la vaquilla
Que se baje para el plan
Que ya se le muere de hambre
El becerro gavilán

[Puente 1]
Le dirás al caporal
Que se venga por la orilla
Que en la puerta del corral
Tenga lista la vaquilla

[Interludio]

[Verso 2]
Le dirás a la vaquilla
Que se baje pa'l mogote
Que ya se le muere de hambre
El becerro capirote
Le dirás a la vaquilla
Que se baje pa'l mogote
Que ya se le muere de hambre
El becerro capirote
Le dirás a la vaquilla
Que se baje pa'l mogote
Que ya se le muere de hambre
El becerro capirote

[Puente 2]
Allá viene la vaquilla
Y ya se viene ladeando
Un becerro trae a pie
Y a otro que se la anda echando

[Interludio]
Ahí le anda
Ay, pues su chingada madre
Ahí te va cachorro
Un, dos, un, dos

[Parte VI]

[Refrán]
Mi gusto es
¿Y quién me lo quitará?
Solamente Dios del cielo me lo quita
Mi gusto es
El amarte, jovencita
Toquen eso
Toquen eso que al cabo mi gusto es
Mi gusto es
¿Y quién me lo quitará?
Solamente Dios del cielo me lo quita
Mi gusto es
Y aunque me den de balazos
Toquen eso
Toquen eso que al cabo mi gusto es

[Coro]
Pero chaparrita
Yo te he de seguir amando
Mi gusto es
Pero chaparrita
Yo te he de seguir amando
A donde estés
Y aunque me den de balazos
Toquen eso
Toquen eso que al cabo mi gusto es

[Interludio]
Esto es un popurrí épico, épico

[Coro]
Pero chiquitita
Yo te he de seguir amando
Mi gusto es
Pero jovencita
Yo te he de seguir amando
Mi gusto es
Y aunque me den de balazos
Toquen eso
Toquen eso que al cabo mi gusto es

[Parte VII]

[Interludio]
Que suene la banda, viejo

[Parte VIII]

[Verso 1]
Árboles de la barranca
¿Por qué no han enverdecido?
Es que no los han regado
Con agua del río florido

[Refrán]
Me puse a amar a una mujer
Con la ilusión de amar

[Interludio]
¡Sinaloa!

[Verso 2]
Si porque me ves tomando
Paseandome en la pradera
Lo que sí yo te lo juro
Que te quiero de a deveras

[Refrán]
Me puse a amar a una mujer
Con la ilusión de amar

[Verso 2]
Si porque me ves tomando
Paseandome en la pradera
Lo que sí yo te aseguro
Que te quiero de a deveras

[Refrán]
Me puse a amar a una mujer
Con la ilusión de amar

[Verso 3]
Ya me voy a la barranca
A sembrar surcos de arroz
Yo te enseñaré chamaca
Como se mancuernan dos

[Refrán]
Me puse a amar a una mujer
Con la ilusión de amar

[Outro]
Chingada
Seguimos
Esto es un desmadre","Ahí, chaparrito. Allá atrás de la montaña, donde temprano se oculta el Sol, quedo mi ranchito triste, y abandonada ya mi labor. Allí me pasé los años, y allí encontré mi primer amor, y fueron los desengaños, los que mataron a mi ilusión. Ay, corazón que te vas, para nunca volver, no me digas adiós, no te despidas de mí, si no quieres saber, de la ausencia el dolor. Ay, ay, ay, ay, ay, çchele. Ayyy, corazón que te vas, para nunca volver, no me digas adiós, y vuelve a alegrar con tu amor, al ranchito que fue, de mi vida, ilusión. Malhaya los ojos negros, que me embrujaron con su mirar, si nunca me hubieran visto, no fueran causa de mí penar. Oiga. Mi ranchito quedó abandonado, desde que te fuiste, muy triste quedó, mujer, el jacal donde el amor nos dimos, está tan solito, desde que ya no te ve. Ya la sombra que daba el naranjo, donde nos sentábamos, a platicar mi amor, por no verte se fue marchitando, y se fue secando, igual que mi corazón. Ya no vendrá, ya tu recuerdo me persigue a donde voy, sufro al mirar, y hasta los campos me preguntan cuando vuelve, y yo no sé qué contestar porque no sé si volverá, lo más seguro es que ya no regrese. Carín, y de aquí hasta que se acabe. Ya la sombra que daba el naranjo, donde nos sentábamos, a platicar mi amor, por no verte se fue marchitando, y se fue secando, igual que mi corazón. Ya no vendrá, ya tu recuerdo me persigue a donde voy, sufro al mirar, y hasta los campos me preguntan cuando vuelve, y yo no sé qué contestar porque no sé si volverá, lo más seguro es que ya no regrese, y yo no sé qué contestar porque no sé si volverá, lo más seguro es que ya no regrese. Me gusta cantarle al viento, porque vuelan mis cantares, y digo lo que yo siento, por toditos los lugares. Aquí vine porque vine, a la feria de las flores, aquí hay una rosa huraña, que es la flor de mis amores. En mi caballo retinto, he venido de muy lejos, y traigo pistola al cinto, y con ella doy consejos. Atravesé la montaña, pa' venir a ver las flores, no hay cerro que se me empine, ni cuaco que se me atore. Aunque otra quiera cortarla, yo la divisé primero, y juro que he de cortarla, aunque tenga jardinero. Yo la he de ver trasplantada, en el huerto de mi casa, y si sale el jardinero, pues a ver, a ver qué pasa. Bueno, la que usted quiere. Estoy muy joven pa' encontrarme tan bebido, yo tomo poco pero mucho muy seguido, a mi la vida de borracho me disgusta, me esta matando eso si pero me gusta. Ya no cantan los pájaros, ya no están en los árboles, lunes, martes y miércoles, yo me voy a emborrachar, jueves, viernes y sábados, yo los uso pa' la cruda, y el domingo me dedico, me dedico a descansar. Çchele mi viejo. Pa' mi la cosa del alcohol es muy honesta, pues pa'que tomas pero si ya nomás está, ay, cuánto saben mis cuatachos de la vida, como los quiero nada más por la bebida. Ya no cantan los pájaros, ya no están en los árboles, lunes, martes y miércoles, yo me voy a emborrachar, jueves, viernes y sábados, yo los uso pa' la cruda, y el domingo me dedico, me dedico a descansar. Acomódense, cabrones, vámonos, Carín. Le dirás a la vaquilla, que se baje para el plan, que ya se le muere de hambre, el becerro gavilán, le dirás a la vaquilla, que se baje para el plan, que ya se le muere de hambre, el becerro gavilán, le dirás a la vaquilla, que se baje para el plan, que ya se le muere de hambre, el becerro gavilán. Le dirás al caporal, que se venga por la orilla, que en la puerta del corral, tenga lista la vaquilla. Le dirás a la vaquilla, que se baje pa'l mogote, que ya se le muere de hambre, el becerro capirote, le dirás a la vaquilla, que se baje pa'l mogote, que ya se le muere de hambre, el becerro capirote, le dirás a la vaquilla, que se baje pa'l mogote, que ya se le muere de hambre, el becerro capirote. Allá viene la vaquilla, y ya se viene ladeando, un becerro trae a pie, y a otro que se la anda echando. Ahí le anda, ay, pues su chingada madre, ahí te va cachorro, un, dos, un, dos. Mi gusto es, ¿Y quién me lo quitará?, solamente Dios del cielo me lo quita, mi gusto es, el amarte, jovencita, toquen eso, toquen eso que al cabo mi gusto es, mi gusto es, ¿Y quién me lo quitará?, solamente Dios del cielo me lo quita, mi gusto es, y aunque me den de balazos, toquen eso, toquen eso que al cabo mi gusto es. Pero chaparrita, yo te he de seguir amando, mi gusto es, pero chaparrita, yo te he de seguir amando, a donde estés, y aunque me den de balazos, toquen eso, toquen eso que al cabo mi gusto es. Esto es un popurrí épico, épico. Pero chiquitita, yo te he de seguir amando, mi gusto es, pero jovencita, yo te he de seguir amando, mi gusto es, y aunque me den de balazos, toquen eso, toquen eso que al cabo mi gusto es. Que suene la banda, viejo. Çrboles de la barranca, ¿Por qué no han enverdecido?, es que no los han regado, con agua del río florido. Me puse a amar a una mujer, con la ilusión de amar. ĄSinaloa!. Si porque me ves tomando, paseandome en la pradera, lo que sí yo te lo juro, que te quiero de a deveras. Me puse a amar a una mujer, con la ilusión de amar. Si porque me ves tomando, paseandome en la pradera, lo que sí yo te aseguro, que te quiero de a deveras. Me puse a amar a una mujer, con la ilusión de amar. Ya me voy a la barranca, a sembrar surcos de arroz, yo te enseñaré chamaca, como se mancuernan dos. Me puse a amar a una mujer, con la ilusión de amar. Chingada, seguimos, esto es un desmadre."
T1_TRAIN_1109,3212561,NM,M,0.9692982456140351,"
[Letra de ''Como si fuera importante'']

[Intro]
Te prefiero sin adornos
Te prefiero sin disfraz
Pues por dentro ya eres todo (Eres todo)
Aunque yo creo que más
Te prefiero sin prejuicios
Sin adornos ni colgantes (No)
Te preocupan demasiado
Como si fuera importante (Aah)

[Estribillo]
Te prefiero sin adornos
Te prefiero sin disfraz
Pues por dentro ya eres todo (Eres todo)
Aunque yo creo que más (Más)
Te prefiero sin prejuicios
Sin adornos ni colgantes (No)
Te preocupan demasiado (No)
Como si fuera importante

[Verso 1]
Voy a empezar una de mis canciones más sinceras
Analizando las vueltas de esta gran esfera
Un hombre y una mujer, ya no se quieren conocer
Porque es mucho más fácil ver lo que te ofrecen por fuera (Oh)
Dile al miedo y a la tristeza que vuelvan un poco más tarde
Que está en otra mi cabeza (Ah)
Y que no creo en cosas superficiales
En sus jacuzzis, en sus piezas de sushi, solo piezas musicales
Cuando salgo a caminar en tardes congeladas
Mi mente llena de todo y mis bolsillos de nada (Nada)
Veo que los sentimientos valen menos que las caras
Cuando pasan mujeres pintadas más que las murallas (Jaja)
Ahora son muy estéticos esos ""te quiero""
Los ojos toman una decisión fundamental (Fundamental)
Vamos mal si primero está tu cosmetiquero
Y lo segundo o tercero sea el amor real
¿Qué importa si eres morena, pelirroja o rubia? (¿Qué me importa?)
Por mi parte te prefiero limpia y sin trajes (Ah)
Pues como sabrás soy amante de la lluvia
Y cuando cae agua del cielo, al suelo cae el maquillaje (Ah)

[Estribillo]
Te prefiero sin adornos
Te prefiero sin disfraz
Pues por dentro ya eres todo (Eres todo)
Aunque yo creo que más (Más)
Te prefiero sin prejuicios
Sin adornos ni colgantes (No)
Te preocupan demasiado (No)
Como si fuera importante

[Verso 2]
¿De qué me sirven labios pintados color sandía?
Si no sabes qué hacer si pido que pintes mis días (Ooh)
De que me sirve un disfraz detrás de alguien fría
Tu vida es verte bien, vivir bien es la mía
No soy un muchacho acaudalado
De hecho con el amor llevo bastante endeudado
Tampoco presumo glamour ni cenas elegantes
Soy un chico interesante, pero nunca interesado
Llenas tu rostro con muchos polvos
Tranquila, nos convertiremos en eso muy pronto
Para resolver nuestras preguntas
No te eches más sombras, haz que las nuestras caminen juntas
No tengo un abdomen marcado
Pero estoy marcado de por vida con lo aprendido y enseñado
No tengo un par de brazos inflados pero si hay que luchar por lo que quiero, seré Hulk enfadado
Ellas vestidas de gala y él se cree un galán
Por fuera el mundo te regalan y por dentro, quizás
Aunque no todas son tan malas, solo quieren verse bien
Pero cuando eso importa más que querer, perdiste una vez más

[Estribillo]
Te prefiero sin adornos
Te prefiero sin disfraz
Pues por dentro ya eres todo (Eres todo)
Aunque yo creo que más (Más)
Te prefiero sin prejuicios
Sin adornos ni colgantes (No)
Te preocupan demasiado (No)
Como si fuera importante

[Outro]
Ahora sabes cómo te prefiero
Sin adornos, sin disfraz
Pues por dentro ya eres todo, todo
Aunque, yo creo que más","Te prefiero sin adornos, te prefiero sin disfraz, pues por dentro ya eres todo Eres todo, aunque yo creo que más, te prefiero sin prejuicios, sin adornos ni colgantes No, te preocupan demasiado, como si fuera importante Aah, te prefiero sin adornos, te prefiero sin disfraz, pues por dentro ya eres todo Eres todo, aunque yo creo que más Más, te prefiero sin prejuicios, sin adornos ni colgantes No, te preocupan demasiado No, como si fuera importante, voy a empezar una de mis canciones más sinceras, analizando las vueltas de esta gran esfera, un hombre y una mujer, ya no se quieren conocer, porque es mucho más fácil ver lo que te ofrecen por fuera Oh, dile al miedo y a la tristeza que vuelvan un poco más tarde, que está en otra mi cabeza Ah, y que no creo en cosas superficiales, en sus jacuzzis, en sus piezas de sushi, solo piezas musicales, cuando salgo a caminar en tardes congeladas, mi mente llena de todo y mis bolsillos de nada Nada, veo que los sentimientos valen menos que las caras, cuando pasan mujeres pintadas más que las murallas Jaja, ahora son muy estéticos esos te quiero, los ojos toman una decisión fundamental Fundamental, vamos mal si primero está tu cosmetiquero, y lo segundo o tercero sea el amor real, ¿Qué importa si eres morena, pelirroja o rubia? ¿Qué me importa?, por mi parte te prefiero limpia y sin trajes Ah, pues como sabrás soy amante de la lluvia, y cuando cae agua del cielo, al suelo cae el maquillaje Ah, te prefiero sin adornos, te prefiero sin disfraz, pues por dentro ya eres todo Eres todo, aunque yo creo que más Más, te prefiero sin prejuicios, sin adornos ni colgantes No, te preocupan demasiado No, como si fuera importante, ¿De qué me sirven labios pintados color sandía?, si no sabes qué hacer si pido que pintes mis días Ooh, de que me sirve un disfraz detrás de alguien fría, tu vida es verte bien, vivir bien es la mía, no soy un muchacho acaudalado, de hecho con el amor llevo bastante endeudado, tampoco presumo glamour ni cenas elegantes, soy un chico interesante, pero nunca interesado, llenas tu rostro con muchos polvos, tranquila, nos convertiremos en eso muy pronto, para resolver nuestras preguntas, no te eches más sombras, haz que las nuestras caminen juntas, no tengo un abdomen marcado, pero estoy marcado de por vida con lo aprendido y enseñado, no tengo un par de brazos inflados pero si hay que luchar por lo que quiero, seré Hulk enfadado, ellas vestidas de gala y él se cree un galán, por fuera el mundo te regalan y por dentro, quizás, aunque no todas son tan malas, solo quieren verse bien, pero cuando eso importa más que querer, perdiste una vez más, te prefiero sin adornos, te prefiero sin disfraz, pues por dentro ya eres todo Eres todo, aunque yo creo que más Más, te prefiero sin prejuicios, sin adornos ni colgantes No, te preocupan demasiado No, como si fuera importante, ahora sabes cómo te prefiero, sin adornos, sin disfraz, pues por dentro ya eres todo, todo, aunque, yo creo que más."
T1_TRAIN_1111,1050461,M,NM,0.8805970149253731,"
[Letra de ""Nada Personal""]

[Verso 1]
Comunicación sin emoción
Una voz en off con expresión deforme
Busco algo que me saque este mareo
Busco calor en esa imagen de video

[Coro]
Nada (Oh-oh-oh), nada personal (Oh-oh-oh)
Nada (Oh-oh-oh), nada personal

[Verso 2]
Ella no puede pensar, está aburrida
De tanto simular cayó dormida
Busco en TV algún mensaje entre líneas
Busco alguien que sacuda mi cabeza
Y no encuentro nada

[Coro]
Nada (Oh-oh-oh), nada personal (Oh-oh-oh)
Nada (Oh-oh-oh), nada personal
Nada especial

[Solo]

[Verso 3]
Sinceramente
Sería tan bueno tocarte
Pero es inútil
Tu cuerpo es de látex
No siento nada

[Coro]
Nada (Oh-oh-oh), nada personal (Oh-oh-oh)
Nada (Oh-oh-oh), nada personal
Nada (Oh-oh-oh), nada personal (Oh-oh-oh)
Nada (Oh-oh-oh), nada personal
Nada especial

[Outro]
Nada (Oh-oh-oh)
(Oh-oh-oh)
(Oh-oh-oh)
Nada personal
(Oh-oh-oh)
(Oh-oh-oh)
Nada (Oh-oh-oh)
Nada, nada
(Oh-oh-oh)
Nada personal (Oh-oh-oh)
(Oh-oh-oh)
Nada, nada
(Oh-oh-oh)
(Oh-oh-oh)
(Oh-oh-oh)
Nada personal, nada especial","Comunicación sin emoción, una voz en off con expresión deforme, busco algo que me saque este mareo, busco calor en esa imagen de video, nada Oh-oh-oh, nada personal Oh-oh-oh, nada Oh-oh-oh, nada personal, ella no puede pensar, está aburrida, de tanto simular cayó dormida, busco en TV algún mensaje entre líneas, busco alguien que sacuda mi cabeza, y no encuentro nada, nada Oh-oh-oh, nada personal Oh-oh-oh, nada Oh-oh-oh, nada personal, nada especial, sinceramente, sería tan bueno tocarte, pero es inútil, tu cuerpo es de látex, no siento nada, nada Oh-oh-oh, nada personal Oh-oh-oh, nada Oh-oh-oh, nada personal, nada Oh-oh-oh, nada personal Oh-oh-oh, nada Oh-oh-oh, nada personal, nada especial, nada Oh-oh-oh, oh-oh-oh, oh-oh-oh, nada personal, oh-oh-oh, oh-oh-oh, nada Oh-oh-oh, nada, nada, oh-oh-oh, nada personal Oh-oh-oh, oh-oh-oh, nada, nada, oh-oh-oh, oh-oh-oh, oh-oh-oh, nada personal, nada especial."
T1_TRAIN_1123,1355272,NM,M,0.92,"[Letra de ""Voy A Llenarte Toda""]

[Verso 1]
Aflójate el pañuelo
Que llevas en el pelo
Desliza ese vestido
Que va ceñido a ti

Descálzate y camina
Sin miedo hasta mis brazos
Que voy a amarte tanto
Que vas a ser feliz

[Verso 2]
Desprende con malicia
Tu pelo aprisionado
Despójate de prisa
De todo lo demás

Deja correr mis manos
Por donde te estremeces
Quiero por fin tenerte
Y hacerte mía ya

[Coro]
Voy a llenarte toda, toda
Lentamente y poco a poco
Con mis besos
Voy a llenarte toda, toda
Y a cubrirte con mi amor
Todo tu cuerpo

Voy a amarte sin fin
Sin razón ni medida
Que sólo para amarte
Necesito la vida

[Coro]
Voy a llenarte toda, toda
Lentamente y poco a poco
Con mis besos
Voy a llenarte toda, toda
Y a cubrirte con mi amor
Todo tu cuerpo

Voy a amarte sin fin
Sin razón ni medida
Que sólo para amarte
Necesito la vida

[Verso 1]
Aflójate el pañuelo
Que llevas en el pelo
Desliza ese vestido
Que va ceñido a ti

Descálzate y camina
Sin miedo hasta mis brazos
Que voy a amarte tanto
Que vas a ser feliz

[Verso 2]
Desprende con malicia
Tu pelo aprisionado
Despójate de prisa
De todo lo demás

Deja correr mis manos
Por donde te estremeces
Quiero por fin tenerte
Y hacerte mía ya

[Coro]
Voy a llenarte toda, toda
Lentamente y poco a poco
Con mis besos
Voy a llenarte toda, toda
Y a cubrirte con mi amor
Todo tu cuerpo

Voy a amarte sin fin
Sin razón ni medida
Que sólo para amarte
Necesito la vida

[Coro]
Voy a llenarte toda, toda
Lentamente y poco a poco
Con mis besos
Voy a llenarte toda, toda
Y a cubrirte con mi amor
Todo tu cuerpo

Voy a amarte sin fin
Sin razón ni medida
Que sólo para amarte
Necesito la vida

[Outro]
Voy a llenarte toda, toda
Lentamente y poco a poco
Con mis besos
Voy a llenarte toda, toda
Y a cubrirte con mi amor
Todo tu cuerpo","Aflójate el pañuelo, que llevas en el pelo, desliza ese vestido, que va ceñido a ti. Descálzate y camina, sin miedo hasta mis brazos, que voy a amarte tanto, que vas a ser feliz, desprende con malicia, tu pelo aprisionado, despójate de prisa, de todo lo demás. Deja correr mis manos, por donde te estremeces, quiero por fin tenerte, y hacerte mía ya, voy a llenarte toda, toda, lentamente y poco a poco, con mis besos, voy a llenarte toda, toda, y a cubrirte con mi amor, todo tu cuerpo. Voy a amarte sin fin, sin razón ni medida, que sólo para amarte, necesito la vida, voy a llenarte toda, toda, lentamente y poco a poco, con mis besos, voy a llenarte toda, toda, y a cubrirte con mi amor, todo tu cuerpo. Voy a amarte sin fin, sin razón ni medida, que sólo para amarte, necesito la vida, aflójate el pañuelo, que llevas en el pelo, desliza ese vestido, que va ceñido a ti. Descálzate y camina, sin miedo hasta mis brazos, que voy a amarte tanto, que vas a ser feliz, desprende con malicia, tu pelo aprisionado, despójate de prisa, de todo lo demás. Deja correr mis manos, por donde te estremeces, quiero por fin tenerte, y hacerte mía ya, voy a llenarte toda, toda, lentamente y poco a poco, con mis besos, voy a llenarte toda, toda, y a cubrirte con mi amor, todo tu cuerpo. Voy a amarte sin fin, sin razón ni medida, que sólo para amarte, necesito la vida, voy a llenarte toda, toda, lentamente y poco a poco, con mis besos, voy a llenarte toda, toda, y a cubrirte con mi amor, todo tu cuerpo. Voy a amarte sin fin, sin razón ni medida, que sólo para amarte, necesito la vida, voy a llenarte toda, toda, lentamente y poco a poco, con mis besos, voy a llenarte toda, toda, y a cubrirte con mi amor, todo tu cuerpo."
T1_TRAIN_1124,364088,NM,M,0.9668508287292817,"
[Scratches Zar1]

[El$$o Rodríguez]

[Parte 1]

Yo... Zar1 en la atmósfera...
El$$o Rodríguez con el vaho...(vaho, vaho, va)

Eh yo

Por todas las veces que lo intenté y me di de bruces
Por cuando rompí a llorar al apagarse las luces
Por cuando quise llorar y no pude, por mi nube
Por la cruz en la que vivo, por tus besos dulces
Por todas las veces que callé lo malo que estuve
Por cuando abandoné mi vida por cuidar de mi madre
Por cuando abandoné a mi madre, por mi hombres
Poniendo la comida en la mesa desde los catorce
Por todos los chavales que nacieron marcados, eh
Y ahora dan vueltas al patio del penal de Basauri
O de Villanubla, por una infancia tras la niebla
De las pompas de humo de la bofia, hijos de puta
Por aquella generación que se llevó el burro
Perdían los piños, como en cómics de Manurro
Por cada porro cabrón que necesito para vivir, mi correa
Por mi gente el parque sin curro


[Estribillo] [x2]

Por ti, por mí, por ellos, por ellas, por todos
Gente fea, caras sucias, apodos
Con la rodilla, con el codo
Házte hueco primo, házte hueco prima


[Parte 2]

Por todo el oro del mundo, por tu potorro abierto
Porque todo fue mentira, por cierto
Por los expertos en nada, por la falta de acierto
Porque nadie hablará de nosotros cuando hayamos muerto
Por cada vez que sostuve los clavos de Cristo
Con mis manos sucias, por el dolor de muelas
Porque yo antes era chapista, me llamaba Evaristo
Por la paz que siento cuando estoy con mi abuela, colega
Por mi amor, por tu falta de respeto
Por la química que ralla el carneto, por la música
Por mi espalda en dos mitades, por mi úlcera
Por el patrón hijo de puta contando la pasta
Por tu sonrisa, por el hambre del que busca en la basura
Por las pamplinas que suelto en cada entrevista
Por un futuro mejor, por la gracia de Dios
Por tu sombrero, por mi cháchara


[Estribillo] [x2]

Por ti, por mí, por ellos, por ellas, por todos
Gente fea, caras sucias, apodos
Con la rodilla, con el codo
Házte hueco primo, házte hueco prima","Yo... Zar1 en la atmósfera..., el$$o Rodríguez con el vaho...vaho, vaho, va. Eh yo, por todas las veces que lo intenté y me di de bruces, por cuando rompí a llorar al apagarse las luces, por cuando quise llorar y no pude, por mi nube, por la cruz en la que vivo, por tus besos dulces, por todas las veces que callé lo malo que estuve, por cuando abandoné mi vida por cuidar de mi madre, por cuando abandoné a mi madre, por mi hombres, poniendo la comida en la mesa desde los catorce, por todos los chavales que nacieron marcados, eh, y ahora dan vueltas al patio del penal de Basauri, o de Villanubla, por una infancia tras la niebla, de las pompas de humo de la bofia, hijos de puta, por aquella generación que se llevó el burro, perdían los piños, como en cómics de Manurro, por cada porro cabrón que necesito para vivir, mi correa, por mi gente el parque sin curro. Por ti, por mí, por ellos, por ellas, por todos, gente fea, caras sucias, apodos, con la rodilla, con el codo, házte hueco primo, házte hueco prima. Por todo el oro del mundo, por tu potorro abierto, porque todo fue mentira, por cierto, por los expertos en nada, por la falta de acierto, porque nadie hablará de nosotros cuando hayamos muerto, por cada vez que sostuve los clavos de Cristo, con mis manos sucias, por el dolor de muelas, porque yo antes era chapista, me llamaba Evaristo, por la paz que siento cuando estoy con mi abuela, colega, por mi amor, por tu falta de respeto, por la química que ralla el carneto, por la música, por mi espalda en dos mitades, por mi úlcera, por el patrón hijo de puta contando la pasta, por tu sonrisa, por el hambre del que busca en la basura, por las pamplinas que suelto en cada entrevista, por un futuro mejor, por la gracia de Dios, por tu sombrero, por mi cháchara. Por ti, por mí, por ellos, por ellas, por todos, gente fea, caras sucias, apodos, con la rodilla, con el codo, házte hueco primo, házte hueco prima."
T1_TRAIN_1134,7895520,M,NM,0.9610194902548725,"[Letra de ""Descansa en Paz Yeruza""]

Money Wayy

[Coro: Jonna Torres]
(Huh, I'm the realest trap nigga out here)
Tantos planes sin cumplirse (Hydro, what' up)
Te fuiste sin despedirte (Money Wayy, No lo puedo creer)
De rodillas le ruego a Dios (Prrrra)
Que por mí vaya a recibirte (27 hijo 'e puta)
Tantos planes sin cumplirse (Money Wayy)
Te fuiste sin despedirte (Siempre me vas a ver con Jhadi)
De rodillas le ruego a Dios
Que por mí vaya a recibirte

[Verso 1: Jonna Torres & Yeruza]
Espero tu respuesta
Aquí en el estudio, loco por terminar esta vuelta (Lealtad canto e' cabrón)
La fe ya era tanta que me repetía': ""Tenemo' la vida resuelta"" (Ey, ey)
No pusimo' nombres pero me decía que esa era la carta 'ebajo 'e la mesa (Hey man listen up)
Cuidao' que los satélites están alerta
Y tú dándole luz, son las doce 'e la noche y no me contesta' (¿Qué te puedo decir?)
Me cago en la madre del tiempo, lo siento
Pa' mí tú eres la cara del drill, no Jon Z ni Tempo (Money Wayy)
Which way you gon' take?
The broke way or the Money Wayy? (Ja ja)
This is Money Wayy men (Ey, Money Wayy)
Mera dime Jonna (Money Wayy)
Money Wayy no va a morir (Jamás)

[Verso 2: Sahir]
Esta me dolió con cojone' (Como va a ser?)
Le dije a Woody que prendiera los blone' (Nah)
No hay tiempo que ya no valore
Pasaron los días y no hay forma de que yo razone
Ni cura que sane dolore'
No falla que por lo que queda de vida al Yeruza yo no lo mencione (Grrr Grrr Pam)
Si caigo, por ti vuelvo y me levanto (Así mi'mo e')
De todas las rutas me encargo
Mientra' yo esté vivo va a estar bien el Dieguito y también el Mauro (Amen)
Hydro me dice si caigo (Hydro, what's up)
Money Wayy to's en el banco
Por ti estamos joseando
Y no pienso parar hasta que tu nombre salga en el tope
La' cuenta' de banco ya esté' a galope
Que los carros ya no quepan en el lote (¿Cómo?)
Tu sueño se va a cumplir eso yo lo sé (Huh?)
Sigo firme por ti
Los ritmos todos los voy a partir
Desde el cielo me va' a sonreír (E'te es Sahir ma')

[Verso 3: Jota Rivers]
El brother me dijo que cuando se muera
Prendamo' phillies no vela'
Yeruza por siempre vuela
Me cago mil veces en la envidia ajena (Fuck; Ey ey)
Money Wayy siempre fuiste real (Así mi'mo e')
Esto me enseña a menos confiar
Hiciste una marca, tu nombre vamos a marcar (Bang bang bang bang; Bang)
Esto no pasaba si estaba la gang
La vida es injusta, tú mismo dijiste pero te no' fuiste joseando por pan (Wow)
Y como escribo esto
Mirando tu' vídeo' y lo' texto' (Ah, ah, ah)
Tú sabes como me siento
Cumpliste tu parte, no' toca cumplir con el resto (Amén)

[Coro: Jonna Torres]
Tantos planes sin cumplirse
Te fuiste sin despedirte (No lo puedo creer)
De rodillas le ruego a Dios
Que por mí vaya a recibirte

[Verso 4: Palerrmo & Dei V]
Vaya, otro talento que se troncha
Ya no' basta de luto
El destino es injusto (Así mi'mo e')
Vi tu noticia y me quedé bruto (Está cabrón)
Un sentimiento amargo
Que no sé ni como expresarlo
Pero teníamos un tema rompiendo
Y nunca pudimos cantarlo
Arriba el pulgar y pañuelos rojo'
Que Dios te reciba el imploro (Amén)
Arriba el pulgar y pañuelos rojo'
Que Dios te reciba el imploro (Amén)
Se nos fue un compañero
Quería verte en tarima y no en ese suelo
Ahí arriba te esperan Pop Smoke y Canserbero
Money Wayy y 'La Ruta del Dinero' (Money wayy)
Arriba el pulgar y pañuelos rojo'
Que Dios te reciba el imploro (Amén)
Arriba el pulgar y pañuelos rojo'
Que Dios te reciba el imploro (Amén)
Se nos fue un compañero (Yeh, Dei V)
Quería verte en tarima y no en ese suelo (Money Wayy)
Ahí arriba te esperan Pop Smoke y Canserbero
Money Wayy y 'La Ruta del Dinero'

[Verso 5: Dei V]
Quiero darle pa' atrás al reloj
Por Dios, ojalá ese hubiese sido yo (Ye)
Miles de decepciones que pensé: ""Una más no me iba a hacer na' "", pero esta si que me jodió
Del pecho me salió
El que jaló ese gatillo, me le cago en la madre que lo parió
El no pensó, que un niño sin padre dejó
Siempre vivo nunca muerto (Uh)
Como tu la glock no suelto
Para cuidarme de los puerco' (Bang Bang)

[Verso 6: Clue]
Te fuiste y no avisaste
Pastilla' para calmarme
Al saber que ya tú volaste
Te llamé y no contestaste
Dime como contactarte
No paro ya de llorarte
Ser tu amigo era un arte
Dime como no extrañarte (Gang, gang)
Money Wayy is the only way (Gang, gang)
Money Wayy is the only way (Gang, gang)
Money Wayy is the only way (No vamo' a parar; The only way; Money Wayy)

[Verso 7: Espano]
Con-ten-to (Já)
Así te vamo' a recordar
Como tú hubiera' querido
El movimiento no se cae (Jamás)
Lo in-ten-to
Pero no me pida' má'
Si llevo dos temas despidiéndome
Y no entiendo porque te va'
Te puedo hacer mil
Mencionar tu nombre si se habla de drill (Yeruza)
El eslogan no falta en la pista que toquen mis voces se van a teñir
El blanquito que tenía la calle prendía'
El que siempre hablaba del dinero y de la vida (Money Wayy)
Adelantao' a mi santo
Porque no para el llanto (Jamás)
El amor de un montón
La envidia de uno' cuanto'
Una pesadilla y no me levanto
Te vamos a seguir extrañando
Descansa Yeruza en el nombre del Padre, del Hijo y del Espíritu Santo (Ah, Amén)

[Coro: Jonna Torres & Rvsell]
Tantos planes sin cumplirse
Te fuiste sin despedirte (No lo puedo creer)
De rodillas le ruego a Dios
Que por mí vaya a recibirte (Rvsell, que fácil)

[Verso 8: Rvsell]
Que en Paz Descanse mi brother, en la ruta del dinero no dejo caer (Jamás)
Tu nombre acá abajo no vamo' a olvidar y eso te lo vo'a prometer
El código es la lealtad (Gang, gang), Yeruza my g you a real trap
Por ti la vuelta se va a dar
Money Wayy no van a tumbar
Cuando recibí la noticia te juro mi bro que no pude dormir (¿Cómo va a ser?)
Leyenda joven, Dios hizo un llamado y te tocó partir
Lo que venía era grande (Ja ja) y eso no lo tengo ni que decir
Esto es Money Wayy, Que en Paz Descanse la cara del drill (Bang, bang, bang)
No entiendo la' cosa' de la vida
Una generación llorando tu partida
La ruta la vamo' a hacer mundial (Así mi'mo e')
Y cuando se nos dé vamo' a gritar: ""Misión Cumplida""

[Verso 9: YOVNGCHIMI]
[?]
I don't even think this shit real (Me entiende'?)
Baby quién diría (Diría)
El único en la línea mía (Ah, ah)
Y todavía no creo la noticia ni el día
Palabreo certified (Certified) sin necesidad de la RIAA (You feel me?)
(Ey, ey) Esto es por siempre Money Wayy
En dos semanas íbamos pa' New York y después pa' L.A (L.A)
Pa' apretar los botone'
A quedarnos con el género
Nos apoyaba la calle (Grrr)
Baby teníamo' el veneno (Bang, bang, bang)
Ya ni escucho Bloody (Bloody), me dan gana' 'e llorar (Así mi'mo e')
Pero confía el vídeo como quiera, lo vamo' a sacar
Y vamo' a coronar (A coronar)
Acá abajo te vo'a recordar (Excuse me)
Vas a ser mundial
Y con tu music te lo van a mamar (Mamar)
Del money tenemo' la ruta
El bro nos dejó la batuta
Yo sé que la calle es injusta
Pero a veces nos gusta (Nos gusta; qué puedo decir)
Que en Paz Descanse la cara del drill (Yeru')
Tu nombre nunca va a morir (Ah)
Cuando saques tu álbum cabrón de seguro que vas a partir (Ye)

[Verso 10: JonLee]
Pa' quemar un par de blone'
Diablo Yeru' que cojone' (Ah, Ah, Ah)
Escuchando tus cancione'
Te vas por encima de muchos cabrone'
Money Wayy, ese es el lema
Aunque a veces el dinero tampoco llena (No)
Y me choca cada ve' que escucho tu voice en mi tema
Que se enteren (Gang, gang)
Porque never (Gang, gang)
Aunque te fuiste tu nombre jamás se muere (Porque duele; porque nos duele)
'Tamos claros que tu nombre nunca muere (No)
Ya Dio' tomó las rienda'
Me acuerdo del día que tú me dijiste que tú y yo, lo' do' íbamo' a ser leyenda'
Aunque al principio sonó como chiste
Desde cero siempre me la diste (Waoh)
Y de cora' tu siempre partiste
Lo que tú no sabía' es que Yeru', tú fuiste leyenda desde que naciste

[Verso 11: Mathew]
Te vo'a dedicar un par de barras con el fuckin' corazón hecho pedazo'
Quisiera volverte a ver para por lo menos darte un último abrazo
Un hermano caído e' igual, un ángel cuidándome del cielo pero no quiero ni puedo aceptarlo
Cabrón fue demasiado duro el cantazo
La vida es injusta (Ah, ah)
Que dolor hiju 'e puta (Ah, ah)
Cabrón vas a ser leyenda como Tupac
Y Money Wayy siempre va a ser la ruta (Ey)
Me visto de rojo para sentir que todavía estamo' kikiando
Escuchando toa' tu' cancione' enrolo otro phillie y termino llorando (Huh, El FNM, La Familia Nunca Muere)

[Verso 12: KK]
Los palos pa' arriba
Pañuelo' rojo' que hoy estamo' de luto (Money Wayy)
Un call a los diablos de rojo
Y esos cabrone' van a quedarse bruto'
De momento he estao' eufórico
Pa' ellos los chipete' son satánico
Cuando suena el ""Bang Bang Bang, Crrr"" se van quedar lo' cabrone' en pánico
Yeru' cuidano' de arriba
Que vivo' no' cuidan con bala'
Al Money Wayy nadie derriba (Nunca, Nunca)
Aunque esto nos señala
Y cada canción que yo escriba
Gracias a ti por la pala
Bendecido nada no' iguala
Pa' esto' lápiz, tú eres la para
Cuida a Maurito, Dieguito
Y a tu familia desde el cielito
Está cabrón haberte perdio'
Y más por un par de chelito' (Ja)
Estas palabras yo las he escrito
Con  amor de la ruta, anticipo
Que Dios no se queda con nada de nadie, en La Biblia eso está escrito (Amén)

[Outro: KayKay]
Dios te pido que cuides de los míos
Me los guíes por el camino del bien
Tu nombre es el MoneyWay
Tu legado voy a contener o'ite' Yeruza
Que Dios te tenga en la gloria baby (Huh)
Atentamente, un hermano que te dió la vida, KayKay

[Outro: Yeruza]
Yeah, I told y'all I was gonna be someone nigga (Yeah, Yeah)
MoneyWay, gang, gang, gang, gang (Huh, yeah, yeah, yeah, huh)

[Outro: ?]
Papi tu sabes quien te habla (Je, je)
Aqui no hay libreto papi; asi como tu viviste tu vida
Sin libreto haciendo lo que tu quisiste
To' el tiempo, asi mismo te voy a recordar brother
Y ya tu sabes que siempre te vamos a llevar en el corazón
Y MoneyWay esto no se va a caer
MoneyWay, La Ruta Del Dinero

[Outro: Hydro]
Que Dios te tenga en la gloria hermanito
Cuídanos desde allá arriba (MoneyWay)
Te amo bro, MoneyWay

[Outro: Chinito]
Hoy yo le canto al que vive porque muerto no me va a escuchar
Por un error ellos pagaron y tu no quieres morir igual
Ya te lo dije pero Bobby Jacka
Payaso, payaso
¿Que pasa contigo que eres dos caras?
Y si volteo a ver tienes la espada afilada
Payaso, payaso
¿Que pasa contigo que eres dos caras?
Y si volteo a ver tienes la espada afilada

[Outro: Chinito]
Papi Yeruza, te amo cabrón
Como tu siempre me decias, mamate un bicho
Te amo hijo e' puta o'ite'

Chinito el de Bobby Jack
MoneyWay (Ese es Yeruza y Bobby Jacko)
Que en paz descanses cabrón te amo o'ite' (Ese es Yeruza y Bobby Jacko)

[Outro: Yeruza]
Mañana me avisas a que hora hay que ir pa allá o'ite' mai
Te amo bye","Money Wayy. Huh, I'm the realest trap nigga out here, tantos planes sin cumplirse Hydro, what' up, te fuiste sin despedirte Money Wayy, No lo puedo creer, de rodillas le ruego a Dios Prrrra, que por mí vaya a recibirte 27 hijo 'e puta, tantos planes sin cumplirse Money Wayy, te fuiste sin despedirte Siempre me vas a ver con Jhadi, de rodillas le ruego a Dios, que por mí vaya a recibirte. Espero tu respuesta, aquí en el estudio, loco por terminar esta vuelta Lealtad canto e' cabrón, la fe ya era tanta que me repetía': Tenemo' la vida resuelta Ey, ey, no pusimo' nombres pero me decía que esa era la carta 'ebajo 'e la mesa Hey man listen up, cuidao' que los satélites están alerta, y tú dándole luz, son las doce 'e la noche y no me contesta' ¿Qué te puedo decir?, me cago en la madre del tiempo, lo siento, pa' mí tú eres la cara del drill, no Jon Z ni Tempo Money Wayy, which way you gon' take?, the broke way or the Money Wayy? Ja ja, this is Money Wayy men Ey, Money Wayy, mera dime Jonna Money Wayy, money Wayy no va a morir Jamás. Esta me dolió con cojone' Como va a ser?, le dije a Woody que prendiera los blone' Nah, no hay tiempo que ya no valore, pasaron los días y no hay forma de que yo razone, ni cura que sane dolore', no falla que por lo que queda de vida al Yeruza yo no lo mencione Grrr Grrr Pam, si caigo, por ti vuelvo y me levanto Así mi'mo e', de todas las rutas me encargo, mientra' yo esté vivo va a estar bien el Dieguito y también el Mauro Amen, hydro me dice si caigo Hydro, what's up, money Wayy to's en el banco, por ti estamos joseando, y no pienso parar hasta que tu nombre salga en el tope, la' cuenta' de banco ya esté' a galope, que los carros ya no quepan en el lote ¿Cómo?, tu sueño se va a cumplir eso yo lo sé Huh?, sigo firme por ti, los ritmos todos los voy a partir, desde el cielo me va' a sonreír E'te es Sahir ma'. El brother me dijo que cuando se muera, prendamo' phillies no vela', yeruza por siempre vuela, me cago mil veces en la envidia ajena Fuck; Ey ey, money Wayy siempre fuiste real Así mi'mo e', esto me enseña a menos confiar, hiciste una marca, tu nombre vamos a marcar Bang bang bang bang; Bang, esto no pasaba si estaba la gang, la vida es injusta, tú mismo dijiste pero te no' fuiste joseando por pan Wow, y como escribo esto, mirando tu' vídeo' y lo' texto' Ah, ah, ah, tú sabes como me siento, cumpliste tu parte, no' toca cumplir con el resto Amén. Tantos planes sin cumplirse, te fuiste sin despedirte No lo puedo creer, de rodillas le ruego a Dios, que por mí vaya a recibirte. Vaya, otro talento que se troncha, ya no' basta de luto, el destino es injusto Así mi'mo e', vi tu noticia y me quedé bruto Está cabrón, un sentimiento amargo, que no sé ni como expresarlo, pero teníamos un tema rompiendo, y nunca pudimos cantarlo, arriba el pulgar y pañuelos rojo', que Dios te reciba el imploro Amén, arriba el pulgar y pañuelos rojo', que Dios te reciba el imploro Amén, se nos fue un compañero, quería verte en tarima y no en ese suelo, ahí arriba te esperan Pop Smoke y Canserbero, money Wayy y 'La Ruta del Dinero' Money wayy, arriba el pulgar y pañuelos rojo', que Dios te reciba el imploro Amén, arriba el pulgar y pañuelos rojo', que Dios te reciba el imploro Amén, se nos fue un compañero Yeh, Dei V, quería verte en tarima y no en ese suelo Money Wayy, ahí arriba te esperan Pop Smoke y Canserbero, money Wayy y 'La Ruta del Dinero'. Quiero darle pa' atrás al reloj, por Dios, ojalá ese hubiese sido yo Ye, miles de decepciones que pensé: Una más no me iba a hacer na' , pero esta si que me jodió, del pecho me salió, el que jaló ese gatillo, me le cago en la madre que lo parió, el no pensó, que un niño sin padre dejó, siempre vivo nunca muerto Uh, como tu la glock no suelto, para cuidarme de los puerco' Bang Bang. Te fuiste y no avisaste, pastilla' para calmarme, al saber que ya tú volaste, te llamé y no contestaste, dime como contactarte, no paro ya de llorarte, ser tu amigo era un arte, dime como no extrañarte Gang, gang, money Wayy is the only way Gang, gang, money Wayy is the only way Gang, gang, money Wayy is the only way No vamo' a parar; The only way; Money Wayy. Con-ten-to Já, así te vamo' a recordar, como tú hubiera' querido, el movimiento no se cae Jamás, lo in-ten-to, pero no me pida' má', si llevo dos temas despidiéndome, y no entiendo porque te va', te puedo hacer mil, mencionar tu nombre si se habla de drill Yeruza, el eslogan no falta en la pista que toquen mis voces se van a teñir, el blanquito que tenía la calle prendía', el que siempre hablaba del dinero y de la vida Money Wayy, adelantao' a mi santo, porque no para el llanto Jamás, el amor de un montón, la envidia de uno' cuanto', una pesadilla y no me levanto, te vamos a seguir extrañando, descansa Yeruza en el nombre del Padre, del Hijo y del Espíritu Santo Ah, Amén. Tantos planes sin cumplirse, te fuiste sin despedirte No lo puedo creer, de rodillas le ruego a Dios, que por mí vaya a recibirte Rvsell, que fácil. Que en Paz Descanse mi brother, en la ruta del dinero no dejo caer Jamás, tu nombre acá abajo no vamo' a olvidar y eso te lo vo'a prometer, el código es la lealtad Gang, gang, Yeruza my g you a real trap, por ti la vuelta se va a dar, money Wayy no van a tumbar, cuando recibí la noticia te juro mi bro que no pude dormir ¿Cómo va a ser?, leyenda joven, Dios hizo un llamado y te tocó partir, lo que venía era grande Ja ja y eso no lo tengo ni que decir, esto es Money Wayy, Que en Paz Descanse la cara del drill Bang, bang, bang, no entiendo la' cosa' de la vida, una generación llorando tu partida, la ruta la vamo' a hacer mundial Así mi'mo e', y cuando se nos dé vamo' a gritar: Misión Cumplida. I don't even think this shit real Me entiende'?, baby quién diría Diría, el único en la línea mía Ah, ah, y todavía no creo la noticia ni el día, palabreo certified Certified sin necesidad de la RIAA You feel me?, ey, ey Esto es por siempre Money Wayy, en dos semanas íbamos pa' New York y después pa' L.A L.A, pa' apretar los botone', a quedarnos con el género, nos apoyaba la calle Grrr, baby teníamo' el veneno Bang, bang, bang, ya ni escucho Bloody Bloody, me dan gana' 'e llorar Así mi'mo e', pero confía el vídeo como quiera, lo vamo' a sacar, y vamo' a coronar A coronar, acá abajo te vo'a recordar Excuse me, vas a ser mundial, y con tu music te lo van a mamar Mamar, del money tenemo' la ruta, el bro nos dejó la batuta, yo sé que la calle es injusta, pero a veces nos gusta Nos gusta; qué puedo decir, que en Paz Descanse la cara del drill Yeru', tu nombre nunca va a morir Ah, cuando saques tu álbum cabrón de seguro que vas a partir Ye. Pa' quemar un par de blone', diablo Yeru' que cojone' Ah, Ah, Ah, escuchando tus cancione', te vas por encima de muchos cabrone', money Wayy, ese es el lema, aunque a veces el dinero tampoco llena No, y me choca cada ve' que escucho tu voice en mi tema, que se enteren Gang, gang, porque never Gang, gang, aunque te fuiste tu nombre jamás se muere Porque duele; porque nos duele, 'Tamos claros que tu nombre nunca muere No, ya Dio' tomó las rienda', me acuerdo del día que tú me dijiste que tú y yo, lo' do' íbamo' a ser leyenda', aunque al principio sonó como chiste, desde cero siempre me la diste Waoh, y de cora' tu siempre partiste, lo que tú no sabía' es que Yeru', tú fuiste leyenda desde que naciste. Te vo'a dedicar un par de barras con el fuckin' corazón hecho pedazo', quisiera volverte a ver para por lo menos darte un último abrazo, un hermano caído e' igual, un ángel cuidándome del cielo pero no quiero ni puedo aceptarlo, cabrón fue demasiado duro el cantazo, la vida es injusta Ah, ah, que dolor hiju 'e puta Ah, ah, cabrón vas a ser leyenda como Tupac, y Money Wayy siempre va a ser la ruta Ey, me visto de rojo para sentir que todavía estamo' kikiando, escuchando toa' tu' cancione' enrolo otro phillie y termino llorando Huh, El FNM, La Familia Nunca Muere. Los palos pa' arriba, pañuelo' rojo' que hoy estamo' de luto Money Wayy, un call a los diablos de rojo, y esos cabrone' van a quedarse bruto', de momento he estao' eufórico, pa' ellos los chipete' son satánico, cuando suena el Bang Bang Bang, Crrr se van quedar lo' cabrone' en pánico, yeru' cuidano' de arriba, que vivo' no' cuidan con bala', al Money Wayy nadie derriba Nunca, Nunca, aunque esto nos señala, y cada canción que yo escriba, gracias a ti por la pala, bendecido nada no' iguala, pa' esto' lápiz, tú eres la para, cuida a Maurito, Dieguito, y a tu familia desde el cielito, está cabrón haberte perdio', y más por un par de chelito' Ja, estas palabras yo las he escrito, con  amor de la ruta, anticipo, que Dios no se queda con nada de nadie, en La Biblia eso está escrito Amén. Dios te pido que cuides de los míos, me los guíes por el camino del bien, tu nombre es el MoneyWay, tu legado voy a contener o'ite' Yeruza, que Dios te tenga en la gloria baby Huh, atentamente, un hermano que te dió la vida, KayKay. Yeah, I told y'all I was gonna be someone nigga Yeah, Yeah, moneyWay, gang, gang, gang, gang Huh, yeah, yeah, yeah, huh. Papi tu sabes quien te habla Je, je, aqui no hay libreto papi; asi como tu viviste tu vida, sin libreto haciendo lo que tu quisiste, to' el tiempo, asi mismo te voy a recordar brother, y ya tu sabes que siempre te vamos a llevar en el corazón, y MoneyWay esto no se va a caer, moneyWay, La Ruta Del Dinero. Que Dios te tenga en la gloria hermanito, cuídanos desde allá arriba MoneyWay, te amo bro, MoneyWay. Hoy yo le canto al que vive porque muerto no me va a escuchar, por un error ellos pagaron y tu no quieres morir igual, ya te lo dije pero Bobby Jacka, payaso, payaso, ¿Que pasa contigo que eres dos caras?, y si volteo a ver tienes la espada afilada, payaso, payaso, ¿Que pasa contigo que eres dos caras?, y si volteo a ver tienes la espada afilada. Papi Yeruza, te amo cabrón, como tu siempre me decias, mamate un bicho, te amo hijo e' puta o'ite'. Chinito el de Bobby Jack, moneyWay Ese es Yeruza y Bobby Jacko, que en paz descanses cabrón te amo o'ite' Ese es Yeruza y Bobby Jacko. Mañana me avisas a que hora hay que ir pa allá o'ite' mai, te amo bye."
T1_TRAIN_1153,6529701,NM,M,0.9571428571428572,"
Si Dios me quita la vida antes que a ti
Le voy a pedir que concentre mi alma en la tuya
Para evitar que pueda entrar
Otro querer a saborear lo que es tan mío

Si Dios me quita la vida antes que a ti
Le voy a pedir ser el ángel que cuide tus pasos
Pues si otros brazos te dan
Aquel calor que te di
Sería tan grande mi celo
Que en el mismo cielo
Me vuelvo a morir

Eso еs sólo un pensamiento
Pues еn su momento de locura me confiesas
Que cuando me besas
Eres tan mía como la playa del mar

Si Dios me quita la vida antes que a ti
Le voy a pedir ser el ángel que cuide tus pasos
Pues si otros brazos te dan
Aquel calor que te di
Sería tan grande mi celo
Que en el mismo cielo
Me vuelvo a morir

Eso es sólo un pensamiento
Pues en su momento de locura me confiesas
Que cuando me besas
Eres tan mía como la playa del mar

Si Dios me quita la vida antes que a ti
Le voy a pedir ser el ángel que cuide tus pasos
Pues si otros brazos te dan
Aquel calor que te di
Sería tan grande mi celo
Que en el mismo cielo
Me vuelvo a morir

Si Dios me quita la vida antes que a ti…","Si Dios me quita la vida antes que a ti, le voy a pedir que concentre mi alma en la tuya, para evitar que pueda entrar, otro querer a saborear lo que es tan mío, si Dios me quita la vida antes que a ti, le voy a pedir ser el ángel que cuide tus pasos, pues si otros brazos te dan, aquel calor que te di, sería tan grande mi celo, que en el mismo cielo, me vuelvo a morir, eso es sólo un pensamiento, pues en su momento de locura me confiesas, que cuando me besas, eres tan mía como la playa del mar, si Dios me quita la vida antes que a ti, le voy a pedir ser el ángel que cuide tus pasos, pues si otros brazos te dan, aquel calor que te di, sería tan grande mi celo, que en el mismo cielo, me vuelvo a morir, eso es sólo un pensamiento, pues en su momento de locura me confiesas, que cuando me besas, eres tan mía como la playa del mar, si Dios me quita la vida antes que a ti, le voy a pedir ser el ángel que cuide tus pasos, pues si otros brazos te dan, aquel calor que te di, sería tan grande mi celo, que en el mismo cielo, me vuelvo a morir, si Dios me quita la vida antes que a ti–Ś."
T1_TRAIN_1160,3077906,NM,M,0.9245283018867925,"[Letra de ""La Traicionera""]

[Verso 1]
¡Ay señore' que problema el que se me ha presentado!
La mujer que yo quería ahora mismo me ha traicionado
La mujer que yo quería ahora mismo me ha traicionado
Fue con mi mejor amigo que ella me traicionó
Pero él ya no es mi amigo y a ella no la quiero yo
Pero él ya no es mi amigo y a ella no la quiero yo
Y a ese hombre yo le digo una cosa y nada más
Que con la moneda algún día le pagarás
Que con la moneda algún día le pagarás

[Puente]
Pagarás tu condena por el mundo de la venganza
Te arrastrara al abismo y no habrá sacerdote que pueda perdonarte
Pagarás tu condena por tu amarga traición
Traicionera sin palabra

[Coro]
Y a ese hombre yo le digo una cosa y nada más
Que con la moneda algún día le pagarás
Que con la moneda algún día le pagarás

[Verso 2]
¡Ay sí, caramba! (Algún día le pagarás)
Tú me la tienes que pagar (Algún día le pagarás)
Yo me la voy a cobrar (Algún día le pagarás)
Porque tú eres muy mala (Algún día le pagarás)
Tú eres una desgracia' (Algún día le pagarás)
Tú te burlaste de mi (Algún día le pagarás)
Tú a mí me hiciste sufrir (Algún día le pagarás)

¡Ay, ay mamá!
Yo vivía trabajando para darte la vida y tú me engañabas
Tú se lo estabas dando a otro, mi cuarto y mi sudor
Mami y cuando yo llegaba del trabajo
Yo te encontraba como un molondrón (Así)

[Coro]
Baboso, baboso, baboso, baboso
Échenle limón pa' que se le corte la baba
Échenle limón pa' que se le corte la baba
Échenle limón pa' que se le corte baboso, baboso

[Verso 3]
Mami yo sé que yo era malo contigo
Porque yo me acuerdo aquel día que tú me dijiste
""Papi dame dinero para yo comprarme unos zapatos""
Y yo te dije que no teniendo dinero y la conciencia me remordía
Y yo salí y cuando llegué al otro día te encontré con unos zapatos nuevecitos
Mami y yo te dije ""¿Quién te los dio?""
Y tú me dijiste ""Ah no, yo no sé no.""
Por eso mami es que te canto de esta manera, así

[Coro]
Y yo la deje descalza y la encontré calza'
Y yo la deje descalza y la encontré calza'
Y yo la deje descalza y la encontré calza'
Y yo la deje descalza y la encontré calza'
Y yo la deje descalza y la encontré calza'
Y yo la deje descalza y la encontré…

[Verso 5]
Mami, pero yo sé que tú eras buena conmigo
Porque tú me atendías bien
Tú todos los días de desayuno tú me dabas yuca con espagueti
Y tú comprabas un aguacate, mami, y me dabas dos tajaditas
Y yo te decía de esta manera, chichí

[Coro 2]
Dame mi taja', dame mi taja'
Por la mañanita por la madruga'
Dame mi taja', dame mi taja'
Por la mañanita por la madruga'

Una taja' de aguacate (Quiero que me la des)
Una taja' de limón (Quiero que me la des)
Una taja' de naranja (Quiero que me la des)
Una taja' de aguacate (Quiero que me la des)

[Verso 6]
Mami, y después que tú me dabas ese desayuno
Tú donde quiera que fuera tú buscabas una botella de leche de vaca
Y tú me la dabas to'a esa leche a mi solito, mami, con café
Y yo te decía de esta manera

[Coro 3]
Dame mi leche, dame mi leche
Dame mi leche, mami
Dame mi leche, mami
Dame mi leche, mami
Dame mi leche, mami
Dame mi leche, mami
Dame mi leche, mami
Dame mi leche, mami
Dame mi leche…

[Verso 7]
Mami, pero también me acuerdo aquel día
El día de mi desgracia fue aquel día que yo llegué a las tres de la mañana
Y te toqué la puerta
Y volví y te la toqué
Y tú me dijiste: ""¿Quién es?""
Y yo te dije ""Soy yo, tu papi, que te llama. Ven ábreme la puerta.""
Y tú me dijiste: ""Papi, no puedo.""
Y yo te pregunté: ""¿Por qué?""
Y tú me dijiste: ""Ah dio', porque un cable de la corporación que se cayó, y lo tengo aquí meti'o, adentro de la casa.""
Y yo te dije de esta manera: ""Mami, ahí va tu papi a sacártelo.""
Y tú me dijiste así

[Coro 4]
¡Ay, sácame el cable!
¡Ay, sácame el cable!
¡Ay, sácame el cable que me está quemando!
¡Ay, sácame el cable!
¡Ay, sácame el cable!
¡Ay, sácame el cable que me está matando!

¡Ay mamá!
¡Ay mamá!
¡Ay mamá!
¡Ay mamá! (Soy yo)
¡Ay mamá!
¡Ay mamá!
¡Ay mamá!
¡Ay mamá!","ĄAy señore' que problema el que se me ha presentado!, la mujer que yo quería ahora mismo me ha traicionado, la mujer que yo quería ahora mismo me ha traicionado, fue con mi mejor amigo que ella me traicionó, pero él ya no es mi amigo y a ella no la quiero yo, pero él ya no es mi amigo y a ella no la quiero yo, y a ese hombre yo le digo una cosa y nada más, que con la moneda algún día le pagarás, que con la moneda algún día le pagarás. Pagarás tu condena por el mundo de la venganza, te arrastrara al abismo y no habrá sacerdote que pueda perdonarte, pagarás tu condena por tu amarga traición, traicionera sin palabra. Y a ese hombre yo le digo una cosa y nada más, que con la moneda algún día le pagarás, que con la moneda algún día le pagarás. ĄAy sí, caramba! Algún día le pagarás, tú me la tienes que pagar Algún día le pagarás, yo me la voy a cobrar Algún día le pagarás, porque tú eres muy mala Algún día le pagarás, tú eres una desgracia' Algún día le pagarás, tú te burlaste de mi Algún día le pagarás, tú a mí me hiciste sufrir Algún día le pagarás. ĄAy, ay mamá!, yo vivía trabajando para darte la vida y tú me engañabas, tú se lo estabas dando a otro, mi cuarto y mi sudor, mami y cuando yo llegaba del trabajo, yo te encontraba como un molondrón Así. Baboso, baboso, baboso, baboso, çchenle limón pa' que se le corte la baba, çchenle limón pa' que se le corte la baba, çchenle limón pa' que se le corte baboso, baboso. Mami yo sé que yo era malo contigo, porque yo me acuerdo aquel día que tú me dijiste, papi dame dinero para yo comprarme unos zapatos, y yo te dije que no teniendo dinero y la conciencia me remordía, y yo salí y cuando llegué al otro día te encontré con unos zapatos nuevecitos, mami y yo te dije ¿Quién te los dio?, y tú me dijiste Ah no, yo no sé no., por eso mami es que te canto de esta manera, así. Y yo la deje descalza y la encontré calza', y yo la deje descalza y la encontré calza', y yo la deje descalza y la encontré calza', y yo la deje descalza y la encontré calza', y yo la deje descalza y la encontré calza', y yo la deje descalza y la encontré–Ś. Mami, pero yo sé que tú eras buena conmigo, porque tú me atendías bien, tú todos los días de desayuno tú me dabas yuca con espagueti, y tú comprabas un aguacate, mami, y me dabas dos tajaditas, y yo te decía de esta manera, chichí. Dame mi taja', dame mi taja', por la mañanita por la madruga', dame mi taja', dame mi taja', por la mañanita por la madruga'. Una taja' de aguacate Quiero que me la des, una taja' de limón Quiero que me la des, una taja' de naranja Quiero que me la des, una taja' de aguacate Quiero que me la des. Mami, y después que tú me dabas ese desayuno, tú donde quiera que fuera tú buscabas una botella de leche de vaca, y tú me la dabas to'a esa leche a mi solito, mami, con café, y yo te decía de esta manera. Dame mi leche, dame mi leche, dame mi leche, mami, dame mi leche, mami, dame mi leche, mami, dame mi leche, mami, dame mi leche, mami, dame mi leche, mami, dame mi leche, mami, dame mi leche–Ś. Mami, pero también me acuerdo aquel día, el día de mi desgracia fue aquel día que yo llegué a las tres de la mañana, y te toqué la puerta, y volví y te la toqué, y tú me dijiste: ¿Quién es?, y yo te dije Soy yo, tu papi, que te llama. Ven ábreme la puerta., y tú me dijiste: Papi, no puedo., y yo te pregunté: ¿Por qué?, y tú me dijiste: Ah dio', porque un cable de la corporación que se cayó, y lo tengo aquí meti'o, adentro de la casa., y yo te dije de esta manera: Mami, ahí va tu papi a sacártelo., y tú me dijiste así. ĄAy, sácame el cable!, ąAy, sácame el cable!, ąAy, sácame el cable que me está quemando!, ąAy, sácame el cable!, ąAy, sácame el cable!, ąAy, sácame el cable que me está matando!. ĄAy mamá!, ąAy mamá!, ąAy mamá!, ąAy mamá! Soy yo, ąAy mamá!, ąAy mamá!, ąAy mamá!, ąAy mamá!."
T1_TRAIN_1165,5537836,M,NM,0.968,"
[Letra de ""Mi Cabeza Está Mal""]

[Intro]
(Eh-eh-eh-eh)
(Mi cabeza está mal)
(Ey, no, no, no)
Que ella me hace mal, mal (Que ella me hace mal)

[Estribillo]
Mi cabeza está mal (Mi cabeza está mal)
No lo puedo creer, que antes me hacías bien, ahora verte me hace mal, mal (Me hace mal, mal, mal, mal)
Que ya no estoy igual, —gual (Que ya no estoy igual, —gual)
Mi cabeza está mal (Mi cabeza está mal)
No lo puedo creer (No lo puedo creer), que antes me hacías bien, ahora verte me hace mal, mal (Me hace mal, mal, mal, mal)
Que ya no estoy igual, —gual (Que ya no estoy igual)
Mi cabeza está mal (Mi cabeza no anda bien)
No lo puedo creer, que antes me hacías bien, ahora verte me hace mal, mal (Que no puedo creer)
Que ya no estoy igual, —gual (Que ya no estoy igual)

[Verso]
Ay, mama (Ay, mama, mama)
Nunca supe que me hiciste, cuales fueron tus podere', pero eso no more drama (No more drama)
Se notaba cada vez que me miraba’ (Wuh)
Placebo (Uh-uh-uh)
Cuando creía que sí y, mami, te lo di, me lo diste de nuevo (Mami, te lo di)
Sin vo' no puedo, no
No me vuelvo a parar
Aunque llamen, dos millone' (Eh), rompa el Luna Park
Si no va’ a estar, mami, ¿quién la va a contar?
Tengo veinte puta' explotándome el celular
No aguanté más, lo rompí con la pared (Eh-eh)
Ningún mensaje era tuyo, entonces, ¿para qué? (Eh-eh)
Vení, ma', volvé
Que si no ya no sé
Que es amor (Que es)
Ya no sé que me quieran, que e' calor (Yeah)
Estoy todo el día en mi habitación (Adentro)
Escribiendo ca' tres día' una canción (Yeah, yeah, yeah)
Pa' vo', amor
Ya no encuentro quien me rompa el corazón (Quien me rompa el corazón)
No tengo nadie pa’ tirarle Chandon
Que me mueva el piso y me lo haga cabrón (Que me frene)

[Estribillo]
Mi cabeza está mal (Mi cabeza está mal)
No lo puedo creer, que antes me hacías bien, ahora verte me hace mal, mal (Me hace mal, mal, mal, mal)
Que ya no estoy igual, —gual (Que ya no estoy igual, —gual)
Mi cabeza está mal (Mi cabeza está mal)
No lo puedo creer, que antes me hacías bien, ahora verte me hace mal, mal (Que antes me hacías bien)
Que ya no estoy igual, —gual (Que ya no estoy igual, —gual)
Mi cabeza está mal (Mi cabeza está mal)
No lo puedo creer, que antes me hacías bien, ahora verte me hace mal, mal (Me hace mal, mal, mal, mal)
Que ya no estoy igual, —gual (Que ya no estoy igual, —gual)
Mi cabeza está mal (Mi cabeza no anda bien)
No lo puedo creer, que antes me hacías bien, ahora verte me hace mal, mal (Me hace mal, mal, mal, mal)
Que ya no estoy igual, —gual (Que ya no estoy igual, —gual)
Mi cabeza está mal (Mi cabeza está mal)
No lo puedo creer, que antes me hacías bien, ahora verte me hace mal, mal (No sé si yo estoy bien)
Que ya no estoy igual, —gual (Ah-ah-ah)","Eh-eh-eh-eh, mi cabeza está mal, ey, no, no, no, que ella me hace mal, mal Que ella me hace mal, mi cabeza está mal Mi cabeza está mal, no lo puedo creer, que antes me hacías bien, ahora verte me hace mal, mal Me hace mal, mal, mal, mal, que ya no estoy igual, –gual Que ya no estoy igual, –gual, mi cabeza está mal Mi cabeza está mal, no lo puedo creer No lo puedo creer, que antes me hacías bien, ahora verte me hace mal, mal Me hace mal, mal, mal, mal, que ya no estoy igual, –gual Que ya no estoy igual, mi cabeza está mal Mi cabeza no anda bien, no lo puedo creer, que antes me hacías bien, ahora verte me hace mal, mal Que no puedo creer, que ya no estoy igual, –gual Que ya no estoy igual, ay, mama Ay, mama, mama, nunca supe que me hiciste, cuales fueron tus podere', pero eso no more drama No more drama, se notaba cada vez que me miraba' Wuh, placebo Uh-uh-uh, cuando creía que sí y, mami, te lo di, me lo diste de nuevo Mami, te lo di, sin vo' no puedo, no, no me vuelvo a parar, aunque llamen, dos millone' Eh, rompa el Luna Park, si no va' a estar, mami, ¿quién la va a contar?, tengo veinte puta' explotándome el celular, no aguanté más, lo rompí con la pared Eh-eh, ningún mensaje era tuyo, entonces, ¿para qué? Eh-eh, vení, ma', volvé, que si no ya no sé, que es amor Que es, ya no sé que me quieran, que e' calor Yeah, estoy todo el día en mi habitación Adentro, escribiendo ca' tres día' una canción Yeah, yeah, yeah, pa' vo', amor, ya no encuentro quien me rompa el corazón Quien me rompa el corazón, no tengo nadie pa' tirarle Chandon, que me mueva el piso y me lo haga cabrón Que me frene, mi cabeza está mal Mi cabeza está mal, no lo puedo creer, que antes me hacías bien, ahora verte me hace mal, mal Me hace mal, mal, mal, mal, que ya no estoy igual, –gual Que ya no estoy igual, –gual, mi cabeza está mal Mi cabeza está mal, no lo puedo creer, que antes me hacías bien, ahora verte me hace mal, mal Que antes me hacías bien, que ya no estoy igual, –gual Que ya no estoy igual, –gual, mi cabeza está mal Mi cabeza está mal, no lo puedo creer, que antes me hacías bien, ahora verte me hace mal, mal Me hace mal, mal, mal, mal, que ya no estoy igual, –gual Que ya no estoy igual, –gual, mi cabeza está mal Mi cabeza no anda bien, no lo puedo creer, que antes me hacías bien, ahora verte me hace mal, mal Me hace mal, mal, mal, mal, que ya no estoy igual, –gual Que ya no estoy igual, –gual, mi cabeza está mal Mi cabeza está mal, no lo puedo creer, que antes me hacías bien, ahora verte me hace mal, mal No sé si yo estoy bien, que ya no estoy igual, –gual Ah-ah-ah."
T1_TRAIN_1188,5976573,NM,M,0.8692307692307693,"lamo'-Bailamo'-Ba—, wuh
[Letra de ""DELITO""]

[Intro]
Todo lo que dije, eh-eh-eh-eh

[Verso 1]
Todo lo que dije, no me importa
Cuando me mira con esa maldad
¿No ve' que a mí no me asusta? Puedo ser injusta
Si vo' me venís a buscar, sabe' que no
Me someteré a la tentación
Nadie más hace que yo
Sienta esta química, tensión sexual

[Pre-Coro]
En la disco quiero tu mordisco, oh yes
Gateando la disco, oh yes, sir
Dame en la disco, oh yes
Dame en la disco, oh yes, sir

[Coro]
To the floor tan nasty que eres fanático
Bailando en la pista, sudando alcohol
Me 'tá perreando el corazón
Bailamo', que parece un delito
Junto' no' podríamo' condenar
Cometamo' una tragedia
Y si nos atrapan, para escapar
Tenemo' la excusa perfecta

[Verso 2]
A esta vida de crímen yo me someto
E' un tatuaje en mí, te lo prometo
Si esto e' condena, hagámoslo en secreto
Raspemo' las rodilla' en el cemento

[Pre-Coro]
En la disco quiero tu mordisco, oh yes
Gateando la disco, oh yes, sir
Dame en la disco, oh yes
Dame en la disco, oh yes, sir

[Coro]
To the floor tan nasty que eres fanático
Bailando en la pista, sudando alcohol
Me 'tá perreando el corazón
Bailamo', que parece un delito
Junto' no' podríamo' condenar (Oh-oh-oh, oh-oh)
Cometamo' una tragedia (Oh-oh-oh, oh-oh)
Y si nos atrapan, para escapar (Oh-oh-oh, oh-oh)
Tenemo' la excusa perfecta

[Puente]
Sí, soy presa de esta mala decisión
Con la navaja al corazón
No puedo ya más curarlo ahora
Somos un asesinato a la razón (Oh-oh)
Yo me quedaré hasta que vos no
Puedas ya más soltarme, yeah-eh-eh, oh (Oh-oh)

[Pre-Coro]
En la disco quiero tu mordisco, oh yes
Gateando la disco, oh yes, sir
Dame en la disco, oh yes
Dame en la disco, oh yes, sir

[Coro]
To the floor tan nasty que eres fanático
Bailando en la pista, sudando alcohol
Me 'tá perreando el corazón
Bailamo', que parece un delito

[Outro]
Todo lo que dije, todo lo que dije
To-Todo lo que dije, todo lo—todo lo—
Todo lo que dije, todo lo que dije
To-Todo lo que dije, todo lo—todo lo—
Bailamo', que parece un delito
Bailamo', que parece un delito
Bailamo', que parece un delito
Bailamo', que—bailamo', que—
Bailamo', que parece un delito
Bailamo'-Bailamo'-Bailamo'-Bai—
Bailamo', que parece un delito
Bailamo'-Bailamo'-Bailamo'-Ba—, wuh","Todo lo que dije, eh-eh-eh-eh, todo lo que dije, no me importa cuando, me mira' con esa maldad, ¿No ve' que a mí no me asusta?, puedo ser injusta, si vo' me venís a buscar, sabe' que no, me somete a la tentación, nadie más hace que yo, sienta esta química, tensión sexual, en la disco, quiero tu mordisco, oh yes, gateando en la disco, oh yes, sir, dame en la disco, oh yes, dame en la disco, oh yes, sir, to the floor, tan nasty que eres fanático, bajando en la pista, sudando alcohol, me está' perreando el corazón, bailamo', que parece un delito, junto' no' podríamo' condenar, cometamo' una tragedia, y si nos atrapan, para escapar, tenemo' la excusa perfecta, a esta vida de crimen yo me someto, ere' un tatuaje en mí, te lo prometo, si esto e' condena, hagámoslo en secreto, raspemo' las rodilla' en el cemento, en la disco, quiero tu mordisco, oh yes, gateando en la disco, oh yes, sir, dame en la disco, oh yes, dame en la disco, oh yes, sir, to the floor, tan nasty que eres fanático, bajando en la pista, sudando alcohol, me está' perreando el corazón, bailamo', que parece un delito, junto' no' podríamo' condenar Oh-oh-oh, oh-oh, cometamo' una tragedia Oh-oh-oh, oh-oh, y si nos atrapan, para escapar Oh-oh-oh, oh-oh, tenemo' la excusa perfecta, sí, soy presa de esta mala decisión, con la navaja al corazón, no puedo ya más curarlo, oh, somos un asesinato a la razón Oh-oh, yo me quedaré hasta que vos no, puedas ya más soltarme, yeah-eh-eh, oh Oh-oh, en la disco, quiero tu mordisco, oh yes, gateando en la disco, oh yes, sir, dame en la disco, oh yes, dame en la disco, oh yes, sir, to the floor, tan nasty que eres fanático, bajando en la pista, sudando alcohol, me está' perreando el corazón, bailamo', que parece un delito, todo lo que dije, todo lo que dije, to-Todo lo que dije, todo lo–todo lo–, todo lo que dije, todo lo que dije, to-Todo lo que dije, todo lo–todo lo–, bailamo', que parece un delito, bailamo', que parece un delito, bailamo', que parece un delito, bailamo', que–bailamo', que–, bailamo', que parece un delito, bailamo'-Bailamo'-Bailamo'-Bai–, bailamo', que parece un delito, bailamo'-Bailamo'-Bailamo'-Ba–, wuh."
T1_TRAIN_1202,2195055,NM,M,1.0,"
La lealtad
De un pistolero
Se le aplaude
Y se le admira

Porke son hombres
Completos nunca
Andan con la mentira
Y tren en su intimidario
A los que traen en la mira

Cuando cumple años
El jefe
Siempre salen
Los regalos

Unos le tren sementales
Otros traen carros del año
Otros arriesgan su vida
Y el regalo sale caro

Se dio cuenta barbarino
Y un acerrimo enemigo
En el que mas se estorbaba
Y el emprendio su camino

Iba a rifarse
Su suerte
Al buscar
A aquel bandido

Tu le estorbas a mi jefe
Y matarte lo he planiado
Toda la jente del chaca
Por dequiera te ha buscado

Esta vez io veno por ti
Tu eres mi regalo caro

Se agarraron a balazos
Barbarino tubo suerte

En el rostro del bandido
Se le dibujo la muerte
Y lo subi a su marquiz
Para llebarselo al jefe

No tengo mucho dinero
Para regalarle un carro

Disculpeme usted señor
Ese presente su carro
Abra la cajuela mi jefe
Este es mi regalo caro","La lealtad, de un pistolero, se le aplaude, y se le admira, porke son hombres, completos nunca, andan con la mentira, y tren en su intimidario, a los que traen en la mira, cuando cumple años, el jefe, siempre salen, los regalos, unos le tren sementales, otros traen carros del año, otros arriesgan su vida, y el regalo sale caro, se dio cuenta barbarino, y un acerrimo enemigo, en el que mas se estorbaba, y el emprendio su camino, iba a rifarse, su suerte, al buscar, a aquel bandido, tu le estorbas a mi jefe, y matarte lo he planiado, toda la jente del chaca, por dequiera te ha buscado, esta vez io veno por ti, tu eres mi regalo caro, se agarraron a balazos, barbarino tubo suerte, en el rostro del bandido, se le dibujo la muerte, y lo subi a su marquiz, para llebarselo al jefe, no tengo mucho dinero, para regalarle un carro, disculpeme usted señor, ese presente su carro, abra la cajuela mi jefe, este es mi regalo caro."
T1_TRAIN_1218,1092401,M,NM,0.944954128440367,"
[Letra de ""El Dia Que Me Quieras""]

[Verso 1]
Acaricia mi ensueño, el suave murmullo de tu suspirar
Como ríe la vida si tus ojos negros me quieren mirar
Y si es mío el amparo de tu risa leve que es como un cantar
Ella aquieta mi herida, todo, todo se olvida

[Verso 2]
El día que me quieras la rosa que engalana
Se vestirá de fiesta con su mejor color
Y al viento, las campanas dirán que ya eres mía
Y locas las fontanas se contarán su amor

[Coro]
La noche que me quieras desde el azul del cielo
Las estrellas celosas nos mirarán pasar
Y un rayo misterioso hará nido en tu pelo
Luciérnagas curiosas que verán que eres mi consuelo

[Recitado]
El día que me quieras no habrá más que armonía
Será clara la aurora y alegre el manantial
Traerá quieta la brisa, rumor de melodía
Y nos darán las fuentes su canto de cristal
El día que me quieras endulzará sus cuerdas el pájaro cantor
Florecerá la vida, no existirá el dolor

[Coro]
La noche que me quieras desde el azul del cielo
Las estrellas celosas nos mirarán pasar
Y un rayo misterioso hará nido en tu pelo
Luciérnagas curiosas que verán que eres mi consuelo","Acaricia mi ensueño, el suave murmullo de tu suspirar, como ríe la vida si tus ojos negros me quieren mirar, y si es mío el amparo de tu risa leve que es como un cantar, ella aquieta mi herida, todo, todo se olvida, el día que me quieras la rosa que engalana, se vestirá de fiesta con su mejor color, y al viento, las campanas dirán que ya eres mía, y locas las fontanas se contarán su amor, la noche que me quieras desde el azul del cielo, las estrellas celosas nos mirarán pasar, y un rayo misterioso hará nido en tu pelo, luciérnagas curiosas que verán que eres mi consuelo, el día que me quieras no habrá más que armonía, será clara la aurora y alegre el manantial, traerá quieta la brisa, rumor de melodía, y nos darán las fuentes su canto de cristal, el día que me quieras endulzará sus cuerdas el pájaro cantor, florecerá la vida, no existirá el dolor, la noche que me quieras desde el azul del cielo, las estrellas celosas nos mirarán pasar, y un rayo misterioso hará nido en tu pelo, luciérnagas curiosas que verán que eres mi consuelo."
T1_TRAIN_1222,5037892,M,NM,0.9523809523809523,"o-no-no

[Outro]
Hazen
[Letra de ""Vete""]

[Intro]
(Yeh-yeh-yeh-yeh, yeh-yeh-yeh-yeh)
Si te vas, yo quiero saber si tú te vas
Mami, cuando tú quieras, cuando tú quieras, yeh, yeh

[Coro]
Vete, eh-eh-eh
Nadie te está aguantando y la puerta está abierta, eh
No te preocupe' por nosotro' do', nuestra historia ya está muerta
Espero que seas feliz y que te diviertas, eh
Pero pa' acá no vuelvas, no-no-no-no
Vete, eh-eh-eh
Nadie te está aguantando y la puerta está abierta, eh
No te preocupe' por nosotro' do', nuestra historia ya está muerta
Espero que seas feliz y que te diviertas, eh
Pero pa' acá no vuelvas, no-no-no-no

[Verso]
Ey, dime, ¿qué esperas?
Baby, te quiero, pero afuera
Ere' alguien por dentro y otra por fuera
Y ya no siento nada cuando te encuera'
Dame-dame banda, eh
En mi corazón ya tú no ere' la que manda
Se acabó, por ti ya no siento nada
De nuestra serie ya no salen temporada'
Así que vete lejo', dile al diablo que te envíe el pin
Hace tiempo que no somo' un team
Pa'l carajo nuestro aniversario y San Valentín
Ya no hay más Christian Lou ni los traje' en satén
Síguelo, que está verde, eh
Que tiene' la culpa, es lo que te muerde
Quédate con el perro, pa' que de mí te acuerde'
Y piense' en to' lo que te pierde'

[Puente]
Pero te deseo suerte, ahora soy má' fuerte
Gracia' a to' lo que me hiciste, eh
Tú nunca me quisiste, eh
No sé por qué me insiste'
Pero te deseo suerte, ahora soy má' fuerte
Gracia' a to' lo que me hiciste, eh
Tú nunca me quisiste, eh
No sé por qué me insiste'

[Coro]
Vete, eh-eh-eh
Nadie te está aguantando y la puerta está abierta, eh
No te preocupe' por nosotro' do', nuestra historia ya está muerta
Espero que seas feliz y que te diviertas, eh
Pero pa' acá no vuelvas, no-no-no-no
Vete, eh-eh-eh
Nadie te está aguantando y la puerta está abierta, eh
No te preocupe' por nosotro' do', nuestra historia ya está muerta
Espero que seas feliz y que te diviertas, eh
Pero pa' acá no vuelvas, no-no-no-no

[Outro]
Hazen","o-no-no. Hazen. Yeh-yeh-yeh-yeh, yeh-yeh-yeh-yeh, si te vas, yo quiero saber si tú te vas, mami, cuando tú quieras, cuando tú quieras, yeh, yeh. Vete, eh-eh-eh, nadie te está aguantando y la puerta está abierta, eh, no te preocupe' por nosotro' do', nuestra historia ya está muerta, espero que seas feliz y que te diviertas, eh, pero pa' acá no vuelvas, no-no-no-no, vete, eh-eh-eh, nadie te está aguantando y la puerta está abierta, eh, no te preocupe' por nosotro' do', nuestra historia ya está muerta, espero que seas feliz y que te diviertas, eh, pero pa' acá no vuelvas, no-no-no-no. Ey, dime, ¿qué esperas?, baby, te quiero, pero afuera, ere' alguien por dentro y otra por fuera, y ya no siento nada cuando te encuera', dame-dame banda, eh, en mi corazón ya tú no ere' la que manda, se acabó, por ti ya no siento nada, de nuestra serie ya no salen temporada', así que vete lejo', dile al diablo que te envíe el pin, hace tiempo que no somo' un team, pa'l carajo nuestro aniversario y San Valentín, ya no hay más Christian Lou ni los traje' en satén, síguelo, que está verde, eh, que tiene' la culpa, es lo que te muerde, quédate con el perro, pa' que de mí te acuerde', y piense' en to' lo que te pierde'. Pero te deseo suerte, ahora soy má' fuerte, gracia' a to' lo que me hiciste, eh, tú nunca me quisiste, eh, no sé por qué me insiste', pero te deseo suerte, ahora soy má' fuerte, gracia' a to' lo que me hiciste, eh, tú nunca me quisiste, eh, no sé por qué me insiste'. Vete, eh-eh-eh, nadie te está aguantando y la puerta está abierta, eh, no te preocupe' por nosotro' do', nuestra historia ya está muerta, espero que seas feliz y que te diviertas, eh, pero pa' acá no vuelvas, no-no-no-no, vete, eh-eh-eh, nadie te está aguantando y la puerta está abierta, eh, no te preocupe' por nosotro' do', nuestra historia ya está muerta, espero que seas feliz y que te diviertas, eh, pero pa' acá no vuelvas, no-no-no-no. Hazen."
T1_TRAIN_1224,1254901,NM,M,0.9178082191780822,"
[Letra de ""Se Fue""]

[Verso 1]
Yo tengo la culpa de que ella no esté
No supe cuidarla, no supe ser fiel
Ella puso el alma yo puse la piel y ya vez

[Pre-Coro]
Le puse un altar con alegros de amor
Dejo por ofrenda su buen corazón
Ella fue la luna y yo intento de sol que no alumbró

[Coro]
Se fue, se fue
Se fue la vida cuando ella se fue
En su equipaje llevaba espinas que yo le sembré
Ella se fue, dejo colgada en el closet la piel
Podría arrancarse tantas heridas que yo le cause
Ella se fue

[Verso 2]
La luz de sus ojos fue una oscuridad
Abrió los caminos que no supe andar
Ella fue mi fuerza, mi espina dorsal
Y ya no está

[Pre-Coro]
Le puse un altar con alegros de amor
Dejo por ofrenda su buen corazón
Ella fue la luna y yo intento de sol que no alumbró

[Coro]
Se fue, se fue
Se fue la vida cuando ella se fue
En su equipaje llevaba espinas que yo le sembré
Ella se fue, dejo colgada en el closet la piel
Podría arrancarse tantas heridas que yo le causé
Ella se fue","Yo tengo la culpa de que ella no esté, no supe cuidarla, no supe ser fiel, ella puso el alma yo puse la piel y ya vez, le puse un altar con alegros de amor, dejo por ofrenda su buen corazón, ella fue la luna y yo intento de sol que no alumbró, se fue, se fue, se fue la vida cuando ella se fue, en su equipaje llevaba espinas que yo le sembré, ella se fue, dejo colgada en el closet la piel, podría arrancarse tantas heridas que yo le cause, ella se fue, la luz de sus ojos fue una oscuridad, abrió los caminos que no supe andar, ella fue mi fuerza, mi espina dorsal, y ya no está, le puse un altar con alegros de amor, dejo por ofrenda su buen corazón, ella fue la luna y yo intento de sol que no alumbró, se fue, se fue, se fue la vida cuando ella se fue, en su equipaje llevaba espinas que yo le sembré, ella se fue, dejo colgada en el closet la piel, podría arrancarse tantas heridas que yo le causé, ella se fue."
T1_TRAIN_1225,785468,NM,M,1.0," corazón

Te juro que no...
Si he sabido amor
Que te vuelvo a ver
Como en un desierto
Muriendo de sed

Bajo el sol ardiente
De la soledad
Quemándote toda
En tu sed de amar

Si he sabido amor
Que te vuelvo a ver
Como una cañada
Llena de humedad

Y repite el eco
Y el eco se va
Sin que nadie escuche
Tu risa, tu hablar

Te juro que no
Te dejo jamás
Porque como estás
Hoy me encuentro igual

Sin poder hallar
Quien dó de beber
A mi corazón
Que muere de sed

Te juro que no
Te dejo jamás
Porque estaba loco
De tanto esperar

Y hoy que estas aquí
Vamos a saciar
Estas ansias locas
Que tengo de amar

Si he sabido amor
Que te vuelvo a ver
Con tanta tristeza
Con tanto dolor

Con tantas heridas
Que el tiempo te dio
Con las alas rotas
Roto el corazón

Te juro que no...","corazón, te juro que no..., si he sabido amor, que te vuelvo a ver, como en un desierto, muriendo de sed, bajo el sol ardiente, de la soledad, quemándote toda, en tu sed de amar, si he sabido amor, que te vuelvo a ver, como una cañada, llena de humedad, y repite el eco, y el eco se va, sin que nadie escuche, tu risa, tu hablar, te juro que no, te dejo jamás, porque como estás, hoy me encuentro igual, sin poder hallar, quien dó de beber, a mi corazón, que muere de sed, te juro que no, te dejo jamás, porque estaba loco, de tanto esperar, y hoy que estas aquí, vamos a saciar, estas ansias locas, que tengo de amar, si he sabido amor, que te vuelvo a ver, con tanta tristeza, con tanto dolor, con tantas heridas, que el tiempo te dio, con las alas rotas, roto el corazón, te juro que no...."
T1_TRAIN_1268,997622,NM,M,1.0,"
Milonga pa'recordar
Milonga sentimental
Otros se quejan llorando
Yo canto pa'no llorar

Tu amor se secó de golpe
Nunca dijiste por qué
Yo me consuelo pensando
Que fue traición de mujer

Varón, pa'quererte mucho
Varón pa'desearte bien
Varón pa'olvidar agravios
Porque ya te perdoné

Tal vez no lo sepas nunca
Tal vez no lo puedas creer
Tal vez te provoque risa
Verme tirado a tus pies

Es fácil pegar un tajo
Pa'cobrar una traición
O jugarse en una daga
La suerte de una pasión

Pero no es fácil cortarse
Los tientos de un metejón
Cuando están bien amarrados
Al palo del corazón

Varón, pa'quererte mucho
Varón pa'desearte bien
Varón pa'olvidar agravios
Porque ya te perdoné

Tal vez no lo sepas nunca
Tal vez no lo puedas creer
Tal vez te provoque risa
Verme tirado a tus pies

Milonga que hizo tu ausencia
Milonga de vocación
Milonga para que nunca
La canten en tu balcón

Pa'que vuelvas con la noche
Y te vayas con el sol
Pa'decir que si, a veces
Y pa'gritarte que no

Varón, pa'quererte mucho
Varón pa'desearte bien
Varón pa'olvidar agravios
Porque ya te perdoné

Tal vez no lo sepas nunca
Tal vez no lo puedas creer
Tal vez te provoque risa
Verme tirado a tus pies

Ay, varón, pa'quererte mucho
Varón pa'quererte bien
Varón pa'que tu me quieras
Varón pa'ti mujer

Ay, varón, pa'quererte mucho
Varón pa'quererte bien
Varón pa'que tu me quieras
Varón pa'ti mujer

Ay, varón, varón, varón, varón
Varón pa'quererte bien
Varón pa'que tu me quieras
Varón pa'ti mujer

Ay, varón, varón, varón, varón
Varón pa'quererte bien
Varón pa'que tu me quieras
Varón pa'ti mujer","Milonga pa'recordar, milonga sentimental, otros se quejan llorando, yo canto pa'no llorar, tu amor se secó de golpe, nunca dijiste por qué, yo me consuelo pensando, que fue traición de mujer, varón, pa'quererte mucho, varón pa'desearte bien, varón pa'olvidar agravios, porque ya te perdoné, tal vez no lo sepas nunca, tal vez no lo puedas creer, tal vez te provoque risa, verme tirado a tus pies, es fácil pegar un tajo, pa'cobrar una traición, o jugarse en una daga, la suerte de una pasión, pero no es fácil cortarse, los tientos de un metejón, cuando están bien amarrados, al palo del corazón, varón, pa'quererte mucho, varón pa'desearte bien, varón pa'olvidar agravios, porque ya te perdoné, tal vez no lo sepas nunca, tal vez no lo puedas creer, tal vez te provoque risa, verme tirado a tus pies, milonga que hizo tu ausencia, milonga de vocación, milonga para que nunca, la canten en tu balcón, pa'que vuelvas con la noche, y te vayas con el sol, pa'decir que si, a veces, y pa'gritarte que no, varón, pa'quererte mucho, varón pa'desearte bien, varón pa'olvidar agravios, porque ya te perdoné, tal vez no lo sepas nunca, tal vez no lo puedas creer, tal vez te provoque risa, verme tirado a tus pies, ay, varón, pa'quererte mucho, varón pa'quererte bien, varón pa'que tu me quieras, varón pa'ti mujer, ay, varón, pa'quererte mucho, varón pa'quererte bien, varón pa'que tu me quieras, varón pa'ti mujer, ay, varón, varón, varón, varón, varón pa'quererte bien, varón pa'que tu me quieras, varón pa'ti mujer, ay, varón, varón, varón, varón, varón pa'quererte bien, varón pa'que tu me quieras, varón pa'ti mujer."
T1_TRAIN_1279,1806775,NM,M,0.971830985915493,"
Amor de la calle
Que vendes tus besos a cambio de amor
Aunque tú le quieres
Aunque tu le esperes el tardara en llegar

Tú olvidas tu pena
Tomando y bailando, fingiendo reír
Y el frío de la noche
Castiga tu alma y pierdes la fe

Amor de la calle
Que buscando vas cariño
Con tu carita pintada
Con tu carita pintada
Con tu corazón herido

Si tuvieras un cariño
Un cariño verdadero
Tú serías tal vez distinta
Como o igual a otras mujeres
Pero te han mentido tanto

Cuando ya has bebido mucho
Vas llorando por la calle
Si el mundo comprendiera
Pero no saben tu pena

Amor de la calle
Que buscando vas cariño
Con tu carita pintada
Con tu carita pintada
Y tu corazón herido

Cuando ya has bebido mucho
Vas llorando por la calle
Si el mundo te comprendiera
Pero no saben tu pena

¡Ay¡ amor de la calle
Que buscando vas cariño
Con tu carita pintada
Con tu carita pintada
Y tu corazón herido","Amor de la calle, que vendes tus besos a cambio de amor, aunque tú le quieres, aunque tu le esperes el tardara en llegar, tú olvidas tu pena, tomando y bailando, fingiendo reír, y el frío de la noche, castiga tu alma y pierdes la fe, amor de la calle, que buscando vas cariño, con tu carita pintada, con tu carita pintada, con tu corazón herido, si tuvieras un cariño, un cariño verdadero, tú serías tal vez distinta, como o igual a otras mujeres, pero te han mentido tanto, cuando ya has bebido mucho, vas llorando por la calle, si el mundo comprendiera, pero no saben tu pena, amor de la calle, que buscando vas cariño, con tu carita pintada, con tu carita pintada, y tu corazón herido, cuando ya has bebido mucho, vas llorando por la calle, si el mundo te comprendiera, pero no saben tu pena, ąAyĄ amor de la calle, que buscando vas cariño, con tu carita pintada, con tu carita pintada, y tu corazón herido."
T1_TRAIN_1281,5068354,NM,M,0.8942307692307693,"
[Letra de ""La rastrojera""]

¡Unos muchos y otros nada
Y eso no es casualidad!
¡Si el maíz crece desparejo
Alguna razón habrá!

¡Que venga el trigo!
¡Que venga el máiz!
¡Que venga el choclo
Pa' deschalar!

La crisis en Uruguay
Tiene dos explicaciones:
Cuando no es por la sequía
Es por las inundaciones

¡Que venga el trigo!
¡Que venga el máiz!
¡Que venga el choclo
Pa' deschalar!

E' así, se empapa y se deshidrata el Uruguay

Un ladrón me robó todo
Y al verme tan mal después
Me está haciendo unos empréstitos
Y cobrándome interés

¡Que venga el trigo!
¡Que venga el máiz!
¡Que venga el choclo
Pa' deschalar!

¿Y qué se va hacer, es la ley, no?

Anteanoche tuve un sueño
Pa' morirse de la risa:
Que los curas gobernaban
Y el gobierno daba misa

¡Que venga el trigo!
¡Que venga el máiz!
¡Que venga el choclo
Pa' deschalar!

¡Pensar que cuando eras chica
Te bañé más de una vez
Y ahora que valés la pena
Ni que te enjuague querés!

¡Que venga el trigo!
¡Que venga el máiz!
¡Que venga el choclo
Pa' deschalar!

El día que yo me muera
Llórenme pero a mi modo:
¡Cantando lo que yo canto
Pa' que no muera del todo!

¡Que venga el trigo!
¡Que venga el máiz!
¡Que venga el choclo
Pa' deschalar!

¡Alto!","ĄUnos muchos y otros nada, y eso no es casualidad!, ąSi el maíz crece desparejo, alguna razón habrá!, ąQue venga el trigo!, ąQue venga el máiz!, ąQue venga el choclo, pa' deschalar!, la crisis en Uruguay, tiene dos explicaciones:, cuando no es por la sequía, es por las inundaciones, ąQue venga el trigo!, ąQue venga el máiz!, ąQue venga el choclo, pa' deschalar!, e' así, se empapa y se deshidrata el Uruguay, un ladrón me robó todo, y al verme tan mal después, me está haciendo unos empréstitos, y cobrándome interés, ąQue venga el trigo!, ąQue venga el máiz!, ąQue venga el choclo, pa' deschalar!, ¿Y qué se va hacer, es la ley, no?, anteanoche tuve un sueño, pa' morirse de la risa:, que los curas gobernaban, y el gobierno daba misa, ąQue venga el trigo!, ąQue venga el máiz!, ąQue venga el choclo, pa' deschalar!, ąPensar que cuando eras chica, te bañé más de una vez, y ahora que valés la pena, ni que te enjuague querés!, ąQue venga el trigo!, ąQue venga el máiz!, ąQue venga el choclo, pa' deschalar!, el día que yo me muera, llórenme pero a mi modo:, ąCantando lo que yo canto, pa' que no muera del todo!, ąQue venga el trigo!, ąQue venga el máiz!, ąQue venga el choclo, pa' deschalar!, ąAlto!."
T1_TRAIN_1304,3285116,NM,M,0.9526315789473684,"[Intro: Karol G]
Salgo para la calle sin permiso
Desatada, tengo mi bebé y no le aviso
En mi bolsillo un par de cigarrillos
Entrando en la disco, enseguida organizo

[Puente: Karol G]
La botella, pónganla en la mesa
La G te come, pero no te besa
La botella, pónganla en la mesa
La G te come, pero no te besa

[Coro: Karol G]
Quiere que lo hagamos en la discoteca
Tráiganle un vaso de whisky
Que apenas bailando este disco peca
La prepa se trepa

Quiere que lo hagamos en la discoteca
Tráiganle un vaso de whisky
Que apenas bailando este disco peca
La prepa se trepa

[Verso 1: Cosculluela]
El Princi, baby
Lo de ella no es una propaganda es una prepaganda
Si ella corona, corona to'a banda
Van detrás del peso, sin amores ni besos
Por eso, explicó bien el proceso

Resumido, no tiene marido
Los 20 cumplidos y no me le hablen de Cupido
Ni tampoco de San Valentín, las pacas sin fin
El único novio es Cristian,  apellido Luis Voitton

La supreme, cuando va para el Mall viste Sport
Ella pide champaña pero no bebe alcohol
En Nueva York de la 5° venida a los cout
Y si está en el 305 la pillas en Lincoln Road

[Puente 2: Cosculluela]
Tiene su expediente
Aunque tú no seas soltero
No son diez, ni veinte
Está puesta para el tito entero

[Coro: Karol G]
Quiere que lo hagamos en la discoteca
Tráiganle un vaso de whisky
Que apenas bailando este disco peca
La prepa se trepa

Quiere que lo hagamos en la discoteca
Tráiganle un vaso de whisky
Que apenas bailando este disco peca
La prepa se trepa

[Verso 3: Karol G]
Salgo con mis amigas bien clean y faras
Huelo bien, visto bien, estamos claras
La envidia por la calle dispara
Pero no importa sólo vestimos Gucci
Ya no compramos en Zara

[Verso 4: Karol G]
Soy la mala que todas opaca
Y por eso me tachan
La vida me ha obligado a ser así
Ese no fue el destino que yo elegí

[Verso 5: Karol G]
He amado he sufrido
Mil problemas también he tenido
Es que a pesar de todo yo sonrió
Por que de lo malo ya yo me rió

[Puente 2: Cosculluela]
Tiene su expediente
Aunque tú no seas soltero
No son diez, ni veinte
Está puesta para el tito entero

[Coro: Karol G]
Quiere que lo hagamos en la discoteca
Tráiganle un vaso de whisky
Que apenas bailando este disco peca
La prepa se trepa

Quiere que lo hagamos en la discoteca
Tráiganle un vaso de whisky
Que apenas bailando este disco peca
La prepa se trepa

Karol G, El Princi
Ovi On The Drums
Montana, El Mueka

Y no importa su fama
Así es el panorama
Una dama, es una dama
En la calle o en la cama","Salgo para la calle sin permiso, desatada, tengo mi bebé y no le aviso, en mi bolsillo un par de cigarrillos, entrando en la disco, enseguida organizo. La botella, pónganla en la mesa, la G te come, pero no te besa, la botella, pónganla en la mesa, la G te come, pero no te besa. Quiere que lo hagamos en la discoteca, tráiganle un vaso de whisky, que apenas bailando este disco peca, la prepa se trepa. Quiere que lo hagamos en la discoteca, tráiganle un vaso de whisky, que apenas bailando este disco peca, la prepa se trepa. El Princi, baby, lo de ella no es una propaganda es una prepaganda, si ella corona, corona to'a banda, van detrás del peso, sin amores ni besos, por eso, explicó bien el proceso. Resumido, no tiene marido, los 20 cumplidos y no me le hablen de Cupido, ni tampoco de San Valentín, las pacas sin fin, el único novio es Cristian,  apellido Luis Voitton. La supreme, cuando va para el Mall viste Sport, ella pide champaña pero no bebe alcohol, en Nueva York de la 5° venida a los cout, y si está en el 305 la pillas en Lincoln Road. Tiene su expediente, aunque tú no seas soltero, no son diez, ni veinte, está puesta para el tito entero. Quiere que lo hagamos en la discoteca, tráiganle un vaso de whisky, que apenas bailando este disco peca, la prepa se trepa. Quiere que lo hagamos en la discoteca, tráiganle un vaso de whisky, que apenas bailando este disco peca, la prepa se trepa. Salgo con mis amigas bien clean y faras, huelo bien, visto bien, estamos claras, la envidia por la calle dispara, pero no importa sólo vestimos Gucci, ya no compramos en Zara. Soy la mala que todas opaca, y por eso me tachan, la vida me ha obligado a ser así, ese no fue el destino que yo elegí. He amado he sufrido, mil problemas también he tenido, es que a pesar de todo yo sonrió, por que de lo malo ya yo me rió. Tiene su expediente, aunque tú no seas soltero, no son diez, ni veinte, está puesta para el tito entero. Quiere que lo hagamos en la discoteca, tráiganle un vaso de whisky, que apenas bailando este disco peca, la prepa se trepa. Quiere que lo hagamos en la discoteca, tráiganle un vaso de whisky, que apenas bailando este disco peca, la prepa se trepa, karol G, El Princi, ovi On The Drums, montana, El Mueka. Y no importa su fama, así es el panorama, una dama, es una dama, en la calle o en la cama."
T1_TRAIN_1319,3134601,M,NM,0.997093023255814,"
[Hate]
Bufank está en la lucha, estate atento a lo que escuchas
Es el Hate en pleno odio acompañado por el Juez y el Rumba
No le ve sentido a este nombre
No, no le busques, no le des más vueltas porque no lo esconde
Brutal y Lírico, los maestros de mi micrófono
Asóciate a su sede, verás el mundo de otro modo
Oscuro, negro, tal vez no veas nada
Una ceguera continua se apodera de tu cara
Débil estás ya para poder seguir así
El nuevo [?] de Bufank viene con fuerza a por ti
Y es el odio, el que recorta todas tus ideas
Este es mi nuevo micrófono y estas son mis putas letras
Que siguen (poh) y siguen (poh) arriba po, po, po
Y paso a paso hacen despertar del interior tu envidia
Ya sabes que sólo esto es el principio
Dentro de poco mejoraré y seré como un mal vicio
Todos los tragos de puto alcohol que consumen mi cuerpo
Fiestas y más fiestas de todos los pueblos
Demasiado movimiento y demasiadas zanjas
Acequias elevadas y el Brutal al agua
Cuatro metros al vacío, cuatro metros de escalofrío
Son los Bufank y [?] puto odio en el micro

[Estribillo]
Bufank enciende la mecha y esto sólo es el principio
Bufank enciende la mecha y esto sólo es el principio
Bufank enciende la mecha y esto sólo es el principio
Empezamos en el Brasil y acabamos en el DVizio (x2)

[Hate]
Esperando la llamada de distintos excesos
El Rumba se prepara en su cuatro trastero
Aparta bicis, cajas, todo lo que sea necesario
Mientras este chinga el odio en el escenario
Cada vez amplía más este puto grupo
Yo sigo hacia adelante y tu sigues mi rumbo
Y al Rumba y al Juez y a todos los que estén
Está también el Rebel acaba de aparecer
Vean al Potas en el barrio rascando a diario
En su pequeño cuarto, miles de discos en sus manos
Transforma y deforma las palabras
Las cambia de sentido, tú no te enteras de nada
Debe de ser porque estás un poco aturdido
Veo que tus piernas tiemblan cuando yo cojo el micro
Aún es pronto para asustarte porque esto es mi salida
Y yo observo la mano de Lírico, otra galimba
Su envase preferido para su consumo propio
Alcohol y más alcohol, ¿que es lo que falta aquí? un gran pollo
Pero de esos escasean
Si no hay mejor forma de [?] una simple botella
O con dos o con tres o las que quepan en mi estómago
Ahora tengo que hacer sitio para echarme otro trago

[Estribillo]
Bufank enciende la mecha y esto sólo es el principio
Bufank enciende la mecha y esto sólo es el principio
Bufank enciende la mecha y esto sólo es el principio
Empezamos en el Brasil y acabamos en el DVizio (x2)

[Hate]
Escucha la física, base rítmica fonk
Ese sonido creado propio de los ""Bufonk""
Primeros en esta línea con sonidos de los sesenta
Algo no escuchaba aún, esto es una buena mierda
Mira los Bufank, mira sus litros, son los que [?]
No puedo seguir se me para la lengua, mentira, llego donde quiera
La nueva faceta del lobo, mis rappers, es el nuevo estilo del jodido odio
Parrafos [?] muy deprisa, sigo siendo el Hate pero sin saliva
Y ahora agudiza mi lucha con todo no puedes pararme, nunca estaré sólo
Sigo de alante con toda mi gente, chafo cabezas al que se precie
Son los Bufank que recuperan la velocidad normal
Gracias al general hemos logrado grabar
Mi primera intervención a solas en esta ciudad
Hay muchos mcs mayores, la dificultad
Desde Delicias viene la voz del Hate, aunque te parezca extraño
Mis temas preferidos son la bebida y los muchos tragos
Que nos echamos en los parques, tirados
Lugar de reunión de la panda de los borrachos
Mejor sitio legendario de los viejos es el Brasil
Allí las cervezas se consumen de mil en mil
Escucha mis letras y di, sí, voy de rey
Y si es que [?] del Hate
No me preocupo de tus letras ni de tus putas canciones
Simplemente les doy mil vueltas a los vasos que chupo
Escucha a este Mc, hijo de puta
Sigo siendo el mismo odio al que tú le insultas
No utilices nunca jamás mis frases en tus putas letras
Las manches de chustas con tus retoques llenos de mierda
[?] palabras conmigo
Un mc más en la escena y un nuevo grupo en la cartelera
Los Bufank y el Hate en busca de una nueva juerga
Busco la fiesta allí donde las haya
Y sobre la barra sin articular palabra","Bufank está en la lucha, estate atento a lo que escuchas, es el Hate en pleno odio acompañado por el Juez y el Rumba, no le ve sentido a este nombre, no, no le busques, no le des más vueltas porque no lo esconde, brutal y Lírico, los maestros de mi micrófono, asóciate a su sede, verás el mundo de otro modo, oscuro, negro, tal vez no veas nada, una ceguera continua se apodera de tu cara, débil estás ya para poder seguir así, el nuevo  de Bufank viene con fuerza a por ti, y es el odio, el que recorta todas tus ideas, este es mi nuevo micrófono y estas son mis putas letras, que siguen poh y siguen poh arriba po, po, po, y paso a paso hacen despertar del interior tu envidia, ya sabes que sólo esto es el principio, dentro de poco mejoraré y seré como un mal vicio, todos los tragos de puto alcohol que consumen mi cuerpo, fiestas y más fiestas de todos los pueblos, demasiado movimiento y demasiadas zanjas, acequias elevadas y el Brutal al agua, cuatro metros al vacío, cuatro metros de escalofrío, son los Bufank y  puto odio en el micro. Bufank enciende la mecha y esto sólo es el principio, bufank enciende la mecha y esto sólo es el principio, bufank enciende la mecha y esto sólo es el principio, empezamos en el Brasil y acabamos en el DVizio x2. Esperando la llamada de distintos excesos, el Rumba se prepara en su cuatro trastero, aparta bicis, cajas, todo lo que sea necesario, mientras este chinga el odio en el escenario, cada vez amplía más este puto grupo, yo sigo hacia adelante y tu sigues mi rumbo, y al Rumba y al Juez y a todos los que estén, está también el Rebel acaba de aparecer, vean al Potas en el barrio rascando a diario, en su pequeño cuarto, miles de discos en sus manos, transforma y deforma las palabras, las cambia de sentido, tú no te enteras de nada, debe de ser porque estás un poco aturdido, veo que tus piernas tiemblan cuando yo cojo el micro, aún es pronto para asustarte porque esto es mi salida, y yo observo la mano de Lírico, otra galimba, su envase preferido para su consumo propio, alcohol y más alcohol, ¿que es lo que falta aquí? un gran pollo, pero de esos escasean, si no hay mejor forma de  una simple botella, o con dos o con tres o las que quepan en mi estómago, ahora tengo que hacer sitio para echarme otro trago. Bufank enciende la mecha y esto sólo es el principio, bufank enciende la mecha y esto sólo es el principio, bufank enciende la mecha y esto sólo es el principio, empezamos en el Brasil y acabamos en el DVizio x2. Escucha la física, base rítmica fonk, ese sonido creado propio de los Bufonk, primeros en esta línea con sonidos de los sesenta, algo no escuchaba aún, esto es una buena mierda, mira los Bufank, mira sus litros, son los que, no puedo seguir se me para la lengua, mentira, llego donde quiera, la nueva faceta del lobo, mis rappers, es el nuevo estilo del jodido odio, parrafos  muy deprisa, sigo siendo el Hate pero sin saliva, y ahora agudiza mi lucha con todo no puedes pararme, nunca estaré sólo, sigo de alante con toda mi gente, chafo cabezas al que se precie, son los Bufank que recuperan la velocidad normal, gracias al general hemos logrado grabar, mi primera intervención a solas en esta ciudad, hay muchos mcs mayores, la dificultad, desde Delicias viene la voz del Hate, aunque te parezca extraño, mis temas preferidos son la bebida y los muchos tragos, que nos echamos en los parques, tirados, lugar de reunión de la panda de los borrachos, mejor sitio legendario de los viejos es el Brasil, allí las cervezas se consumen de mil en mil, escucha mis letras y di, sí, voy de rey, y si es que  del Hate, no me preocupo de tus letras ni de tus putas canciones, simplemente les doy mil vueltas a los vasos que chupo, escucha a este Mc, hijo de puta, sigo siendo el mismo odio al que tú le insultas, no utilices nunca jamás mis frases en tus putas letras, las manches de chustas con tus retoques llenos de mierda, palabras conmigo, un mc más en la escena y un nuevo grupo en la cartelera, los Bufank y el Hate en busca de una nueva juerga, busco la fiesta allí donde las haya, y sobre la barra sin articular palabra."
T1_TRAIN_1324,5531002,NM,M,0.945054945054945," mierda pura, fuck
[Letra de ""Marca de la Cadena"" ft. Bymonkid]

[Estribillo: Duki]
No son tatuaje' en el cuello, son las marca’ 'e la cadena
Su nombre me lo olvidé, huele a Carolina Herrera
No son tatuaje' en el cuello, son sus besos que me queman
No es que yo sea tan bueno, es que ello’ dan vergüenza ajena

[Puente: Duki]
Fuck a tu grupo
Wah, fuck a tu grupo

[Verso 1: Duki]
Fuck a tu grupo, le puse el pie en la cara (El pie en la cara), uh
Hablan demasiado y nunca disparan (No, no, no, no), wah
Mami, de esta mierda no me hago drama (Para nada), yah
Ando sponsoreado por Brahma (Pshh), ah
Me preguntan, ""¿qué se siente la fama?"" (¿Qué?), eh
Es como tu ex estando en mi cama (Me queda bien), yah
Acelera, mami, cambio las trama' (Brrum, brrum), yah
Duko hace lo que le da la gana (Siempre, mami), ah
Yah, piquete de Robert Sanchez (Yaoh)
Ah, deportivo y elegante (Siempre, siempre), mmm, ah
Ahora me miran todas las ratchets, mmm, ah (Ratchets, ratchets)
Estoy goteando, quizás te manches, mmm, ah (Goteo, goteo)
Lo está matando el estrés (Ah), en la cara le puse mi pie (Pie)
En su fiesta le ponen mis tema' (Tema'), entiendo que te molestés (Ah)
Entiendo que te molestés (Molesté'), entiendo que te molestés (Molesté')
Quiere' ser como yo (Yo), entiendo que te molestés (Ay)
¿Cómo le puedo explicar lo que siento? (Uh) Dejo la vida en cada concierto (Yah)
Llego a los hoteles muerto (Eh), vivo en el aeropuerto (Oh)
Mamá y papá contento' (Oh), negocio directo (Yah)
Muy diferente al resto (Oh), eso me dio mi puesto (Tu-tu-tu-tu)

[Estribillo: Duki]
No son tatuaje’ en el cuello, son las marcas ’e la cadena (Ay, ay)
Su nombre me lo olvidé, huele a Carolina Herrera (Ey)
No son tatuaje' en el cuello, son sus beso’ que me queman (Muah, muah)
No es que yo sea tan bueno, es que ello' dan vergüenza ajena (Yeh)
No son tatuaje' en el cuello, son las marcas 'e la cadena (La cadena)
Su nombre me lo olvidé, huele a Carolina Herrera (Ey)
No son tatuaje’ en el cuello, son sus beso' que me queman (Muah, muah)
No es que yo sea tan bueno, es que ello' dan vergüenza ajena (Yeah)

[Verso 2: Duki]
Fuck a tu grupo, le puse el pie en la cara (Yah, yah, yah), ah
Fuck a tu grupo, le puse el pie en la cara (Yah, yah, yah), ah
Tengo tu sangre en mi llanta importada (Mmm)
Pareciera que no me importara (Para na')
Si estoy en revista', solo en la portada (Clean, clean)
Siempre salgo pritty aunque ponga cara de nada (Cara de na')
La imagen de Duko ahora está cara (Cara)
Soy niño farmacia, la mochila está cargada
(Fuck a tu grupo, le puse el pie en la cara)
(Yah, yah, yah)

[Estribillo: Duki]
No son tatuaje' en el cuello, son las marcas 'e la cadena (Duko)
Su nombre me lo olvidé, huele a Carolina Herrera (Prra)
No son tatuaje' en el cuello, son sus beso' que me queman (Ah)
No es que yo sea tan bueno, es que ello' dan vergüenza ajena (Okey, okey)

[Outro: Duki]
Duko, Duko, Monkid
You know
Mierda pura, mierda pura, fuck","mierda pura, fuck. No son tatuaje' en el cuello, son las marca' 'e la cadena, su nombre me lo olvidé, huele a Carolina Herrera, no son tatuaje' en el cuello, son sus besos que me queman, no es que yo sea tan bueno, es que ello' dan vergüenza ajena. Fuck a tu grupo, wah, fuck a tu grupo. Fuck a tu grupo, le puse el pie en la cara El pie en la cara, uh, hablan demasiado y nunca disparan No, no, no, no, wah, mami, de esta mierda no me hago drama Para nada, yah, ando sponsoreado por Brahma Pshh, ah, me preguntan, ¿qué se siente la fama? ¿Qué?, eh, es como tu ex estando en mi cama Me queda bien, yah, acelera, mami, cambio las trama' Brrum, brrum, yah, duko hace lo que le da la gana Siempre, mami, ah, yah, piquete de Robert Sanchez Yaoh, ah, deportivo y elegante Siempre, siempre, mmm, ah, ahora me miran todas las ratchets, mmm, ah Ratchets, ratchets, estoy goteando, quizás te manches, mmm, ah Goteo, goteo, lo está matando el estrés Ah, en la cara le puse mi pie Pie, en su fiesta le ponen mis tema' Tema', entiendo que te molestés Ah, entiendo que te molestés Molesté', entiendo que te molestés Molesté', quiere' ser como yo Yo, entiendo que te molestés Ay, ¿Cómo le puedo explicar lo que siento? Uh Dejo la vida en cada concierto Yah, llego a los hoteles muerto Eh, vivo en el aeropuerto Oh, mamá y papá contento' Oh, negocio directo Yah, muy diferente al resto Oh, eso me dio mi puesto Tu-tu-tu-tu. No son tatuaje' en el cuello, son las marcas 'e la cadena Ay, ay, su nombre me lo olvidé, huele a Carolina Herrera Ey, no son tatuaje' en el cuello, son sus beso' que me queman Muah, muah, no es que yo sea tan bueno, es que ello' dan vergüenza ajena Yeh, no son tatuaje' en el cuello, son las marcas 'e la cadena La cadena, su nombre me lo olvidé, huele a Carolina Herrera Ey, no son tatuaje' en el cuello, son sus beso' que me queman Muah, muah, no es que yo sea tan bueno, es que ello' dan vergüenza ajena Yeah. Fuck a tu grupo, le puse el pie en la cara Yah, yah, yah, ah, fuck a tu grupo, le puse el pie en la cara Yah, yah, yah, ah, tengo tu sangre en mi llanta importada Mmm, pareciera que no me importara Para na', si estoy en revista', solo en la portada Clean, clean, siempre salgo pritty aunque ponga cara de nada Cara de na', la imagen de Duko ahora está cara Cara, soy niño farmacia, la mochila está cargada, fuck a tu grupo, le puse el pie en la cara, yah, yah, yah. No son tatuaje' en el cuello, son las marcas 'e la cadena Duko, su nombre me lo olvidé, huele a Carolina Herrera Prra, no son tatuaje' en el cuello, son sus beso' que me queman Ah, no es que yo sea tan bueno, es que ello' dan vergüenza ajena Okey, okey. Duko, Duko, Monkid, you know, mierda pura, mierda pura, fuck."
T1_TRAIN_1346,1425491,NM,M,0.8813559322033898,"
[Verso 1: José Madero]
Si tan sólo pudieras entender
Mil veces te lo explicaré otra vez
Eres tan buena pretendiendo que estás bien
Evitar palabras de más, excusas inventar
Poderte tocar, no puedo parar
Te juro que yo no puedo parar

[Verso 2: José Madero y Ricardo Treviño]
Si ""Hola"" no te hubiera dicho yo
Jamás tendríamos que decir ""Adiós""
No me mereces, yo soy mucho para tu corazón
Esta discusión a nada llegará
Pues no haces ni el mínimo esfuerzo
Déjame (Déjame), déjame opinar

[Coro: José Madero]
Tenemos una cita en el quirófano
Vendrá el doctor me aplicará cirugía
Me sacará el corazón, trasplante de corazón
Ahí te va mi dolor

[Verso 2: José Madero y Arturo Arredondo]
Mentiras dijiste saber por qué
Es algo que siempre he querido saber
Inventaré algún castigo para hacerte sufrir
Las cosas no se van a quedar así
Permíteme hacerte sufrir, por favor
Pues no existe el amor (Amor)

[Coro: José Madero y Ricardo Treviño]
Tenemos una cita en el quirófano
Vendrá el doctor me aplicará cirugía
Me sacará el corazón (Me sacará el corazón), trasplante de corazón
Ahí te va mi dolor

[Interludio]

[Puente: José Madero y Ricardo Treviño]
Róbame el dolor
Quiero que sepas que se siente
Para que me pidas perdón (Dolor)

[Coro: José Madero y Ricardo Treviño]
Tenemos una cita en el quirófano
Vendrá el doctor me aplicará cirugía
Me sacará el corazón (Me sacará el corazón), trasplante de corazón
Ahí te va mi dolor (Dolor)

[Outro]
Transplante de corazón
Ahí te va mi dolor","Si tan sólo pudieras entender, mil veces te lo explicaré otra vez, eres tan buena pretendiendo que estás bien, evitar palabras de más, excusas inventar, poderte tocar, no puedo parar, te juro que yo no puedo parar. Si Hola no te hubiera dicho yo, jamás tendríamos que decir Adiós, no me mereces, yo soy mucho para tu corazón, esta discusión a nada llegará, pues no haces ni el mínimo esfuerzo, déjame Déjame, déjame opinar. Tenemos una cita en el quirófano, vendrá el doctor me aplicará cirugía, me sacará el corazón, trasplante de corazón, ahí te va mi dolor. Mentiras dijiste saber por qué, es algo que siempre he querido saber, inventaré algún castigo para hacerte sufrir, las cosas no se van a quedar así, permíteme hacerte sufrir, por favor, pues no existe el amor Amor. Tenemos una cita en el quirófano, vendrá el doctor me aplicará cirugía, me sacará el corazón Me sacará el corazón, trasplante de corazón, ahí te va mi dolor. Róbame el dolor, quiero que sepas que se siente, para que me pidas perdón Dolor. Tenemos una cita en el quirófano, vendrá el doctor me aplicará cirugía, me sacará el corazón Me sacará el corazón, trasplante de corazón, ahí te va mi dolor Dolor. Transplante de corazón, ahí te va mi dolor."
T1_TRAIN_1368,4652761,NM,M,0.9764705882352941,"
[Letra de ''Viviré Sin Ti'']

Yo me voy de aquí, cuando Dios lo quiera
Sé que debo morir, De alguna manera
Pero no será, por Tu desamor
Me causa tristeza, que ya no me tengas
En tu corazón, De mi soledad
Yo me repondré, Es cuestión de tiempo
En cualquier momento te olvidare

Me veras llorar, me veras sufrir
Pero no a tus pies, me veras a mi

Viviré sin ti, con la libertad
De entregarme a quien me ame de verdad

Sentimiento Jhon Alex y a beber

Me hiciste feliz, te amé sin medida
Y renunciaste a mí, cuando más te quería
Y una Decepción, de ti recibí
Y por qué no Entiendo
Si un cariño bueno fue lo que te di
Hacia a donde iras y con quien no sé
Mal agradecida
Yo sé que algún día me queras tener

Me veras llorar, me veras sufrir
Pero no a tus pies me veras a mi

Viviré sin ti con la libertad
De entregarme a quien me ame de verdad
(Bis)","Yo me voy de aquí, cuando Dios lo quiera, sé que debo morir, De alguna manera, pero no será, por Tu desamor, me causa tristeza, que ya no me tengas, en tu corazón, De mi soledad, yo me repondré, Es cuestión de tiempo, en cualquier momento te olvidare, me veras llorar, me veras sufrir, pero no a tus pies, me veras a mi, viviré sin ti, con la libertad, de entregarme a quien me ame de verdad, sentimiento Jhon Alex y a beber, me hiciste feliz, te amé sin medida, y renunciaste a mí, cuando más te quería, y una Decepción, de ti recibí, y por qué no Entiendo, si un cariño bueno fue lo que te di, hacia a donde iras y con quien no sé, mal agradecida, yo sé que algún día me queras tener, me veras llorar, me veras sufrir, pero no a tus pies me veras a mi, viviré sin ti con la libertad, de entregarme a quien me ame de verdad."
T1_TRAIN_1371,2070758,NM,M,0.9066666666666666,"o LiveGet tickets as low as $194
A mi me gusta el chivo con vino
Y el pescao con jugo de limón
Con pimienta y orégano el lechón
Y el arroz con jamón y tocino
Para ponerle el sabor a buen fiestón
A mi me gusta el chivo con vino
Y el pescao con jugo de limón
Con pimienta y orégano el lechón
Y el arroz con jamón y tocino
Para ponerle el sabor a buen fiestón
Y una habichuelita bien guisá
Y un aguacatón como un melón
Y una habichuelita bien guisá
Y un aguacatón como un melón
Y unos guineitos, y unos cuchifritos pa' picar
Y despues que le pongan salsa
Que le pongan salsa
Que le pongan salsa pa mojar pa mojar
Que le pongan salsa (bis)

Y despues que le pongan salsa (salsa sabrosa)
Que le pongan salsa (ay de la bien gordota)
Que le pongan salsa
Pa mojar pa mojar
Que le pongan salsa (de la que toque el gran combo)
Y despues que le pongan salsa (traigame el mofongo)
Que le pongan salsa (y siga el mondongo)
Que le pongan salsa
Pa mojar pa mojar
Que le pongan salsa (con el arroz con guandules)
Y despues que le pongan salsa (con su carne mecha)
Que le pongan salsa (cucu cha cu cu cha cu cha)
Que le pongan salsa
Pa mojar pa mojar
Que le pongan salsa (hambre)
Y despues que le pongan salsa (de comerme un pollo frito)
Que le pongan salsa (con cuajito y guineito, compai)
Que le pongan salsa
Pa mojar pa mojar
Que le pongan salsa","A mi me gusta el chivo con vino, y el pescao con jugo de limón, con pimienta y orégano el lechón, y el arroz con jamón y tocino, para ponerle el sabor a buen fiestón, a mi me gusta el chivo con vino, y el pescao con jugo de limón, con pimienta y orégano el lechón, y el arroz con jamón y tocino, para ponerle el sabor a buen fiestón, y una habichuelita bien guisá, y un aguacatón como un melón, y una habichuelita bien guisá, y un aguacatón como un melón, y unos guineitos, y unos cuchifritos pa' picar, y despues que le pongan salsa, que le pongan salsa, que le pongan salsa pa mojar pa mojar, que le pongan salsa, y despues que le pongan salsa salsa sabrosa, que le pongan salsa ay de la bien gordota, que le pongan salsa, pa mojar pa mojar, que le pongan salsa de la que toque el gran combo, y despues que le pongan salsa traigame el mofongo, que le pongan salsa y siga el mondongo, que le pongan salsa, pa mojar pa mojar, que le pongan salsa con el arroz con guandules, y despues que le pongan salsa con su carne mecha, que le pongan salsa cucu cha cu cu cha cu cha, que le pongan salsa, pa mojar pa mojar, que le pongan salsa hambre, y despues que le pongan salsa de comerme un pollo frito, que le pongan salsa con cuajito y guineito, compai, que le pongan salsa, pa mojar pa mojar, que le pongan salsa."
T1_TRAIN_1374,1992100,NM,M,0.9367088607594937,", yo ya hice lo que iba a hacer
Yo me levanto por la mañana
Me doy un baño y me perfumo
Me como un buen desayuno
Y no hago mas na', mas na'

Después yo leo la prensa
Yo leo hasta las esquelas
O me pongo a ver novelas
Y no hago mas na', mas na'

A la hora de las doce
Yo me como un buen almuerzo
De arroz con habichuelas
Y carne guisada, y no hago mas na'

Después me voy a la banca
A dormir una siestita;
Y a veces duermo dos horas
Y a veces mas, y no hago mas na'

Y me levanto como a las tres
Y me tomo un buen café
Me fumo un cigarillito con mi guitarra
Y me pongo a cantar

A la la, a la la, a la la lara la lara

Y a la hora de la comida
Me prepara mi mujer
Un bistec con papas fritas
Con ensalada y mil cosas mas
Me lo mango y no hago mas na'

Luego me voy al balcón
Cual si fuera un gran señor
A mecerme en el sillón
Con mi mujer a platicar

A larara la la

¡Ay!, cuando se me pega el sueño
Enseguidita me voy a acostar
Y duermo hasta por la mañana
Y no hago mas na', mas na'

(Qué bueno es vivir asi, comiendo y sin trabajar)
¡Oigan!, yo nunca he doblado el lomo
Y no pierdan su tiempo, no voy a cambiar. ¡Qué va!
(Qué bueno es vivir asi, comiendo y sin trabajar)
Señores, si yo estoy declarado en huelga, ¡si!
¡mi mujer que me mantenga! ¿Oiste?
(Qué bueno es vivir asi, comiendo y sin trabajar)
Qué bueno, qué bueno, qué bueno
Qué bueno es vivir la vida
¡comiendo, durmiendo y no haciendo na'!

Oiga compay, ¿usted sabe lo que es estar en un sillón mece que te mece?
Esperando que lleguen los cupones del Seguro Social...
¡Asi cualquiera!

(Qué bueno es vivir asi, comiendo y sin trabajar)
Recibiendo la pensión por loco
De loco yo no tengo na', ¡listo que soy!
(Qué bueno es vivir asi, comiendo y sin trabajar)
Qué bueno...
Traen un plato de mondongo
Arroz, habichuela y carne guisa, para empezar
(Qué bueno es vivir asi, comiendo y sin trabajar)
¿Quién trabajara? ¿Quién, yo?
Buscate a otro, yo ya hice lo que iba a hacer",", yo ya hice lo que iba a hacer, yo me levanto por la mañana, me doy un baño y me perfumo, me como un buen desayuno, y no hago mas na', mas na', después yo leo la prensa, yo leo hasta las esquelas, o me pongo a ver novelas, y no hago mas na', mas na', a la hora de las doce, yo me como un buen almuerzo, de arroz con habichuelas, y carne guisada, y no hago mas na', después me voy a la banca, a dormir una siestita;, y a veces duermo dos horas, y a veces mas, y no hago mas na', y me levanto como a las tres, y me tomo un buen café, me fumo un cigarillito con mi guitarra, y me pongo a cantar, a la la, a la la, a la la lara la lara, y a la hora de la comida, me prepara mi mujer, un bistec con papas fritas, con ensalada y mil cosas mas, me lo mango y no hago mas na', luego me voy al balcón, cual si fuera un gran señor, a mecerme en el sillón, con mi mujer a platicar, a larara la la, ąAy!, cuando se me pega el sueño, enseguidita me voy a acostar, y duermo hasta por la mañana, y no hago mas na', mas na', qué bueno es vivir asi, comiendo y sin trabajar, ąOigan!, yo nunca he doblado el lomo, y no pierdan su tiempo, no voy a cambiar. ĄQué va!, qué bueno es vivir asi, comiendo y sin trabajar, señores, si yo estoy declarado en huelga, Ąsi!, ąmi mujer que me mantenga! ¿Oiste?, qué bueno es vivir asi, comiendo y sin trabajar, qué bueno, qué bueno, qué bueno, qué bueno es vivir la vida, ącomiendo, durmiendo y no haciendo na'!, oiga compay, ¿usted sabe lo que es estar en un sillón mece que te mece?, esperando que lleguen los cupones del Seguro Social..., ąAsi cualquiera!, qué bueno es vivir asi, comiendo y sin trabajar, recibiendo la pensión por loco, de loco yo no tengo na', Ąlisto que soy!, qué bueno es vivir asi, comiendo y sin trabajar, qué bueno..., traen un plato de mondongo, arroz, habichuela y carne guisa, para empezar, qué bueno es vivir asi, comiendo y sin trabajar, ¿Quién trabajara? ¿Quién, yo?, buscate a otro, yo ya hice lo que iba a hacer."
T1_TRAIN_1421,3687927,NM,M,0.9291338582677166,"s naufragaba
Eh, yeh
[Letra de ""Marinero""]

[Intro]
Oh-oh, oh-oh
Oh-oh, oh-oh
Oh-oh, oh-oh
Eh, yeh

[Verso 1]
Que pare de sufrir, eso to' el mundo dice
Lloro porque tengo cicatrices
Y dolores en el alma
Sí que me has hecho falta
Hablo de mis entrañas para ser sincero
Sé que fui el culpable, por eso te pierdo
Hablabas, no te escuchaba
Solo desnuda era que me gustabas

[Pre-Coro]
Oh, se llegó el momento
Solo hay ruido en nuestra habitación
Y silencios que gritan ""Adiós""

[Coro]
Mientras me dabas tu corazón
Yo era un marinero buscando amor
Iba por cada puerto como si nada
Entre más olas, más naufragaba
Mientras me dabas tu corazón
Yo era un marinero buscando amor
Iba por cada puerto como si nada
Entre más olas, más naufragaba

[Post-Coro]
Ieh-ieh, uoh-oh-oh-oh-oh
Ieh-ieh, oh-oh-oh
Ieh-ieh, oh-oh

[Verso 2]
Aquellos días, qué bien los recuerdo
Tú ya graduada y yo en el colegio
Tú me enseñaba' cosas que me enamoraban
Y practicaba con otras cuando no estabas
De eso me arrepiento hoy
Soy un idiota, mi papel fue lastimarte
Bebo y me arrepiento hoy
Porque cuando volví al muelle era muy tarde, yeh-yeh

[Pre-Coro]
Oh, se llegó el momento
Solo hay ruido en nuestra habitación
Y silencios que gritan ""Adiós""

[Coro]
Mientras me dabas tu corazón
Yo era un marinero buscando amor
Iba por cada puerto como si nada
Entre más olas, más naufragaba
Mientras me dabas tu corazón
Yo era un marinero buscando amor
Iba por cada puerto como si nada
Entre más olas, más naufragaba

[Post-Coro]
Ieh-ieh, uoh-oh-oh-oh-oh
Ieh-ieh, oh-oh-oh
Ieh-ieh, oh-oh

[Verso 3]
Sin orgullo te dejo saber
Y algún día lo vas a entender
Si te dejo volar a otros brazos, será por tu bien

[Coro]
Mientras me dabas tu corazón
Yo era un marinero buscando amor
Iba por cada puerto como si nada
Entre más olas, más naufragaba
Mientras me dabas tu corazón
Yo era un marinero buscando amor
Iba por cada puerto como si nada
Entre más olas, más naufragaba
Eh, yeh","s naufragaba, eh, yeh. Oh-oh, oh-oh, oh-oh, oh-oh, oh-oh, oh-oh, eh, yeh. Que pare de sufrir, eso to' el mundo dice, lloro porque tengo cicatrices, y dolores en el alma, sí que me has hecho falta, hablo de mis entrañas para ser sincero, sé que fui el culpable, por eso te pierdo, hablabas, no te escuchaba, solo desnuda era que me gustabas. Oh, se llegó el momento, solo hay ruido en nuestra habitación, y silencios que gritan Adiós. Mientras me dabas tu corazón, yo era un marinero buscando amor, iba por cada puerto como si nada, entre más olas, más naufragaba, mientras me dabas tu corazón, yo era un marinero buscando amor, iba por cada puerto como si nada, entre más olas, más naufragaba. Ieh-ieh, uoh-oh-oh-oh-oh, ieh-ieh, oh-oh-oh, ieh-ieh, oh-oh. Aquellos días, qué bien los recuerdo, tú ya graduada y yo en el colegio, tú me enseñaba' cosas que me enamoraban, y practicaba con otras cuando no estabas, de eso me arrepiento hoy, soy un idiota, mi papel fue lastimarte, bebo y me arrepiento hoy, porque cuando volví al muelle era muy tarde, yeh-yeh. Oh, se llegó el momento, solo hay ruido en nuestra habitación, y silencios que gritan Adiós. Mientras me dabas tu corazón, yo era un marinero buscando amor, iba por cada puerto como si nada, entre más olas, más naufragaba, mientras me dabas tu corazón, yo era un marinero buscando amor, iba por cada puerto como si nada, entre más olas, más naufragaba. Ieh-ieh, uoh-oh-oh-oh-oh, ieh-ieh, oh-oh-oh, ieh-ieh, oh-oh. Sin orgullo te dejo saber, y algún día lo vas a entender, si te dejo volar a otros brazos, será por tu bien. Mientras me dabas tu corazón, yo era un marinero buscando amor, iba por cada puerto como si nada, entre más olas, más naufragaba, mientras me dabas tu corazón, yo era un marinero buscando amor, iba por cada puerto como si nada, entre más olas, más naufragaba, eh, yeh."
T1_TRAIN_1440,1806028,NM,M,0.9803921568627451,"r
Arboles de la barranca
Porque no han enverdecido
Es que no los han regado con aguas del rio florido
Me puse amar a una mujer con la ilusión de amar

De esas tres que van pasando cual te gusta valedor
Esa del vestido blanco me parece la mejor
Me puse amar a una mujer con la ilusión de amar

Ya me voy ala barranca a sembrar surcos de arroz
Yo te enseñare chamaca como se mancuernan dos
Me puse amar a una mujer con la ilusión de amar","Arboles de la barranca, porque no han enverdecido, es que no los han regado con aguas del rio florido, me puse amar a una mujer con la ilusión de amar, de esas tres que van pasando cual te gusta valedor, esa del vestido blanco me parece la mejor, me puse amar a una mujer con la ilusión de amar, ya me voy ala barranca a sembrar surcos de arroz, yo te enseñare chamaca como se mancuernan dos, me puse amar a una mujer con la ilusión de amar."
T1_TRAIN_1442,4126552,NM,M,0.923469387755102,"se mueran los mochos
[Letra de “Santo Niño de Atocha”]

[Verso 1: Tito Fuentes & Micky Huidobro]
No le pidas a San Judas que te cuide en el camino
Mejor pídele a San Judas que te enseñe a manejar
Que te aleje del vecino que no te deja tocar
Que lo mande a volar, que lo eche por donde vino
No le pidas a San Charbel te cuide de enfermedad
Mejor pídele a un amigo que te lleve a vacunar
Con el Doc a un hospital del seguro social
Si no tiene dinero del seguro popular
No le pida a San Martín que le cuide su negocio
Mejor pídele a tu socio que te enseñe a trabajar
Que te aleje del ocio y así te enseñe a ahorrar
Así aprendas a ahorrar y no ande en el Monte de Piedad
No le pida a San Andrés te libre de todo mal
Mejor pida al arquitecto no construya en un lugar
Que esté al lado de un barranco o en un río por desbordar
Enormes tanques de gas o torres de electricidad
Santo niño de Atocha, ¡arriba la Molocha!

[Coro]
Abajo los mochos, arriba los molochos
Que se mueran los mochos, se encueren los bizcochos
Abajo los mochos, arriba los molochos
Que se mueran los mochos, ¡vivan los teporochos!
Abajo los mochos, arriba los molochos
Que se mueran los mochos, se encueren los bizcochos
Abajo los mochos, arriba los molochos
Que se mueran los mochos

[Verso 2: Paco Ayala, Micky Huidobro & Randy Ebright]
No le pidas a la virgen te bendiga con más hijos
Pídele al de la botica te venda anticonceptivos
Pues los hijos que te mande no se va a hacer responsable
Y solo están pasando hambre y no hay Santo que los salve
Pídale al señor que le explique su doctrina
Que nos tienen en la mira si algún día tocamos motos
Pues muchos de sus devotos violan, roban, asesinan
Creen que se le' rebota porque van y se persignan
Pide a los soles que escuchen nuestra propuesta
Para ver si caben alas en la vela perpetua
Veinticinco años más tocando gracias a ellas
Con Dios estoy en paz, no con sus fans viejas y feas

[Coro]
Abajo los mochos, arriba los molochos
Que se mueran los mochos, se encueren los bizcochos
Abajo los mochos, arriba los molochos
Que se mueran los mochos, ¡vivan los teporochos!
Abajo los mochos, arriba los molochos
Que se mueran los mochos, se encueren los bizcochos
Abajo los mochos, arriba los molochos
Que se mueran los mochos

[Verso 3: Micky Huidobro, Tito Fuentes, Paco Ayala, Randy Ebright]
No le pida a San Antonio que le traiga un nuevo esposo
Mejor salte a divertir que a vestir al niño odioso
Pida a Santa Clara ropa pa' ir pa' la pachanga
Olvide y celebre y no esté pateando el pesebre
Pídale a San Tito, te enseñe a tocar la lira
Pídale a San Gringo Loco, te enseñe la batería
Pídale a San Paco, te enseñe a tocar el bajo
Pídale a Santo Chicho chamba en la batería

[Coro]
Abajo los mochos, arriba los molochos
Que se mueran los mochos, se encueren los bizcochos
Abajo los mochos, arriba los molochos
Que se mueran los mochos, ¡vivan los teporochos!
Abajo los mochos, arriba los molochos
Que se mueran los mochos, se encueren los bizcochos
Abajo los mochos, arriba los molochos
Que se mueran los mochos","se mueran los mochos. No le pidas a San Judas que te cuide en el camino, mejor pídele a San Judas que te enseñe a manejar, que te aleje del vecino que no te deja tocar, que lo mande a volar, que lo eche por donde vino, no le pidas a San Charbel te cuide de enfermedad, mejor pídele a un amigo que te lleve a vacunar, con el Doc a un hospital del seguro social, si no tiene dinero del seguro popular, no le pida a San Martín que le cuide su negocio, mejor pídele a tu socio que te enseñe a trabajar, que te aleje del ocio y así te enseñe a ahorrar, así aprendas a ahorrar y no ande en el Monte de Piedad, no le pida a San Andrés te libre de todo mal, mejor pida al arquitecto no construya en un lugar, que esté al lado de un barranco o en un río por desbordar, enormes tanques de gas o torres de electricidad, santo niño de Atocha, Ąarriba la Molocha!. Abajo los mochos, arriba los molochos, que se mueran los mochos, se encueren los bizcochos, abajo los mochos, arriba los molochos, que se mueran los mochos, Ąvivan los teporochos!, abajo los mochos, arriba los molochos, que se mueran los mochos, se encueren los bizcochos, abajo los mochos, arriba los molochos, que se mueran los mochos. No le pidas a la virgen te bendiga con más hijos, pídele al de la botica te venda anticonceptivos, pues los hijos que te mande no se va a hacer responsable, y solo están pasando hambre y no hay Santo que los salve, pídale al señor que le explique su doctrina, que nos tienen en la mira si algún día tocamos motos, pues muchos de sus devotos violan, roban, asesinan, creen que se le' rebota porque van y se persignan, pide a los soles que escuchen nuestra propuesta, para ver si caben alas en la vela perpetua, veinticinco años más tocando gracias a ellas, con Dios estoy en paz, no con sus fans viejas y feas. Abajo los mochos, arriba los molochos, que se mueran los mochos, se encueren los bizcochos, abajo los mochos, arriba los molochos, que se mueran los mochos, Ąvivan los teporochos!, abajo los mochos, arriba los molochos, que se mueran los mochos, se encueren los bizcochos, abajo los mochos, arriba los molochos, que se mueran los mochos. No le pida a San Antonio que le traiga un nuevo esposo, mejor salte a divertir que a vestir al niño odioso, pida a Santa Clara ropa pa' ir pa' la pachanga, olvide y celebre y no esté pateando el pesebre, pídale a San Tito, te enseñe a tocar la lira, pídale a San Gringo Loco, te enseñe la batería, pídale a San Paco, te enseñe a tocar el bajo, pídale a Santo Chicho chamba en la batería. Abajo los mochos, arriba los molochos, que se mueran los mochos, se encueren los bizcochos, abajo los mochos, arriba los molochos, que se mueran los mochos, Ąvivan los teporochos!, abajo los mochos, arriba los molochos, que se mueran los mochos, se encueren los bizcochos, abajo los mochos, arriba los molochos, que se mueran los mochos."
T1_TRAIN_1448,2086305,NM,M,1.0,"a
Ando buscando un Novillo
Que del corral se salio
Pero ay ayaay...
Tiene la cara morena
Como la tiene mi amor
Pero ay ayaay que risa me da

El Novillo Despuntado
De la hacienda de Amobono
Pero ay ayaay...
A mas de cuatro vaqueros
Les ha quitado lo mono
Pero ay ayaay que risa me da

El Novillo Despuntado
Del tierro del barambullo
Pero ay ayaay ...
Que a mas de cuatro muchachas
Les ha quitado el orgullo
Pero ay ayaay ...
Pero ay ayaay que risa me da

Ando buscando un Novillo
Que del corral se salio
Pero ay ayaay...
El gusto que a mi me queda
Que fui el mejor caporal
Pero ay ayaay que risa me da","Ando buscando un Novillo, que del corral se salio, pero ay ayaay..., tiene la cara morena, como la tiene mi amor, pero ay ayaay que risa me da, el Novillo Despuntado, de la hacienda de Amobono, pero ay ayaay..., a mas de cuatro vaqueros, les ha quitado lo mono, pero ay ayaay que risa me da, el Novillo Despuntado, del tierro del barambullo, pero ay ayaay ..., que a mas de cuatro muchachas, les ha quitado el orgullo, pero ay ayaay ..., pero ay ayaay que risa me da, ando buscando un Novillo, que del corral se salio, pero ay ayaay..., el gusto que a mi me queda, que fui el mejor caporal, pero ay ayaay que risa me da."
T1_TRAIN_1480,968544,NM,M,1.0,"
Una de estas noches
Yo voy a raptarte
Voy a seducirte
Voy a arrinconarte
Como una gatita llegare
De un salto a tu balcón
Y con mis caricias ya veras que te hago ronronear
Quieras o no quieras
Tu seras mi gato malandrin...

Una de estas noches
Con mi serenata
Mostrare las uñas
Tu no te me escapas
Con un maullidito ronco
Me diras al fin que si
Una luna llena nos dara
La luz para el festín
Y en algun tejado tu y yo
Haremos el amor...

Pata con patita
Cola al viento vamos tu y yo
Y so'amos con tener
Gatitos de todo color

Quieras o no queras tu seras mi gato malandrin

Alguien nos arruina
Nuestro amor de gatos
Porque desde arriba
Nos cayó un zapato
Y desde el tejado el gato y yo
Rolamos un balcon
Que confeccion
Y pasado el susto otra vez
Comienza el festin
En el jardin
Pese al zapatazo siete vidas
Tiene nuestro amor","Una de estas noches, yo voy a raptarte, voy a seducirte, voy a arrinconarte, como una gatita llegare, de un salto a tu balcón, y con mis caricias ya veras que te hago ronronear, quieras o no quieras, tu seras mi gato malandrin..., una de estas noches, con mi serenata, mostrare las uñas, tu no te me escapas, con un maullidito ronco, me diras al fin que si, una luna llena nos dara, la luz para el festín, y en algun tejado tu y yo, haremos el amor..., pata con patita, cola al viento vamos tu y yo, y so'amos con tener, gatitos de todo color, quieras o no queras tu seras mi gato malandrin, alguien nos arruina, nuestro amor de gatos, porque desde arriba, nos cayó un zapato, y desde el tejado el gato y yo, rolamos un balcon, que confeccion, y pasado el susto otra vez, comienza el festin, en el jardin, pese al zapatazo siete vidas, tiene nuestro amor."
T1_TRAIN_1484,1853057,NM,M,0.9357798165137615,"
[Letra de ""Muchas Gracias""]

[Verso 1]
Me da tanto gusto que hayas vuelto
Me moría de ganas por contarte lo que siento
A primera vista no te entiendo
No te ves como cuando te fuiste ilusionada

[Pre-Coro]
Y me dijiste: ""No te quiero, necesito algo nuevo""
Te marchaste con una sonrisa enorme
Y ahora vienes destrozada, te veo y no lo creo
Y aún me falta lo que tengo que decir

[Coro]
Muchas gracias por haberme abandonado
Escogiste el mejor momento para hacerme a un lado
Porque fue en cuestión de horas que se puso frente a mí
La mujer que tiene todo para hacerme tan feliz
Muchas gracias por haberme abandonado
No la hubiera conocido si tú te hubieras quedado
Gracias por no haber oído de la forma en que rogaba
Si me hubieras escuchado, te aseguro, te quedabas
Me da tanto gusto tu llegada

[Interludio]
Corazón, muchas gracias
Adictiva

[Verso 2]
Me da tanto gusto tu regreso
No tienes idea la alegría que ahora siento
Verte inconsolable y suplicando
Solo me recuerda aquel momento en que te fuiste

[Pre-Coro]
Y me dijiste: ""No te quiero, necesito algo nuevo""
Te marchaste con una sonrisa enorme
Y ahora vienes destrozada, te veo y no lo creo
Lo que siento te lo vuelvo a repetir

[Coro]
Muchas gracias por haberme abandonado
No la hubiera conocido si tú te hubieras quedado
Gracias por no haber oído de la forma en que rogaba
Si me hubieras escuchado te aseguro te quedabas
Me da tanto gusto tu llegada
Me moría de las ganas por mirarte destrozada","Me da tanto gusto que hayas vuelto, me moría de ganas por contarte lo que siento, a primera vista no te entiendo, no te ves como cuando te fuiste ilusionada. Y me dijiste: No te quiero, necesito algo nuevo, te marchaste con una sonrisa enorme, y ahora vienes destrozada, te veo y no lo creo, y aún me falta lo que tengo que decir. Muchas gracias por haberme abandonado, escogiste el mejor momento para hacerme a un lado, porque fue en cuestión de horas que se puso frente a mí, la mujer que tiene todo para hacerme tan feliz, muchas gracias por haberme abandonado, no la hubiera conocido si tú te hubieras quedado, gracias por no haber oído de la forma en que rogaba, si me hubieras escuchado, te aseguro, te quedabas, me da tanto gusto tu llegada. Corazón, muchas gracias, adictiva. Me da tanto gusto tu regreso, no tienes idea la alegría que ahora siento, verte inconsolable y suplicando, solo me recuerda aquel momento en que te fuiste. Y me dijiste: No te quiero, necesito algo nuevo, te marchaste con una sonrisa enorme, y ahora vienes destrozada, te veo y no lo creo, lo que siento te lo vuelvo a repetir. Muchas gracias por haberme abandonado, no la hubiera conocido si tú te hubieras quedado, gracias por no haber oído de la forma en que rogaba, si me hubieras escuchado te aseguro te quedabas, me da tanto gusto tu llegada, me moría de las ganas por mirarte destrozada."
T1_TRAIN_1489,926463,NM,M,0.8666666666666667,"una vil bestia humana
[Letra de ""La Bestia Humana""]

[Verso 1]
No creas que no me doy cuenta
De las cosas que no me dices
De las formas que me has cambiado
De las cosas que me has robado
No creas que no me doy cuenta
De que miras a otros cuerpos
De que juegas con otras sombras
Y te esfumas cuando oscurece

[Verso 2]
No creas que no me doy cuenta
Que tu lengua es una rapiña
Que tus huesos me destrozan
Que tu cuerpo me incinera

[Refrán]
No creas que no me doy cuenta
Que contigo me estoy pudriendo
Que contigo me da lepra
Que necesito un exorcismo

[Estribillo]
Me estas enseñando a ser una bestia humana
Me estas enseñando a ser una bestia humana

[Verso 3]
No creas que no me doy cuenta
De las cosas que no me dices
De las formas que me has cambiado
De las cosas que me has quitado

[Refrán]
No creas que no me doy cuenta
Que contigo me estoy pudriendo
Que contigo me da lepra
Que necesito un exorcismo

[Estribillo]
Me estas enseñando a ser una bestia humana
Me estas enseñando a ser una bestia humana
Me estas enseñando a ser una bestia humana
Me estas enseñando a ser una vil bestia humana","No creas que no me doy cuenta, de las cosas que no me dices, de las formas que me has cambiado, de las cosas que me has robado, no creas que no me doy cuenta, de que miras a otros cuerpos, de que juegas con otras sombras, y te esfumas cuando oscurece, no creas que no me doy cuenta, que tu lengua es una rapiña, que tus huesos me destrozan, que tu cuerpo me incinera, no creas que no me doy cuenta, que contigo me estoy pudriendo, que contigo me da lepra, que necesito un exorcismo, me estas enseñando a ser una bestia humana, me estas enseñando a ser una bestia humana, no creas que no me doy cuenta, de las cosas que no me dices, de las formas que me has cambiado, de las cosas que me has quitado, no creas que no me doy cuenta, que contigo me estoy pudriendo, que contigo me da lepra, que necesito un exorcismo, me estas enseñando a ser una bestia humana, me estas enseñando a ser una bestia humana, me estas enseñando a ser una bestia humana, me estas enseñando a ser una vil bestia humana."
T1_TRAIN_1491,4520173,NM,M,0.9461538461538461,"
[Letra de ""La Aventura""]

[Pre-Coro]
Estar contigo por siempre; eso yo quisiera
Pero como no es así, sólo dame una aventura
Mi corazón me pide amor y donde ti me lleva
Sabes que eres una belleza, eres una dulzura

[Coro]
Ella tiene todo, a nadie respeta
Una vez se enamoró, y ahora ni lo intenta
No supie'n amarla y cómo tratarla
Por ese pequeño error ahora todos pagan

[Verso 1]
No diga' que el mundo a ti se te acabo por to' lo que pasaste
Ahora es que hay que vivir la vida
Así como Picasso vivió de su arte
Esa mujere' lo que quieren e' igualarte
En ningún mundo ellas van a superarte
Lo de nosotro' do' es aparte
Conmigo no te quieren, ellos quieren alejarme

[Coro]
Ella tiene todo, a nadie respeta
Una vez se enamoró, y ahora ni lo intenta
No supie'n amarla y cómo tratarla
Por ese pequeño error ahora todos pagan

[Verso 2]
Tú tiene' los beso' que a mí me gustan y que me encantan
Seria, una santa, te me resalta'
Cuando estamo' en la cama, mami, no aguanta'
Y préndete, que esta noche, mami, la vamo' a romper
Le vamo a dá' bien duro contra la pared
Y préndete, que tú va' ver lo que vo'a hacer

[Pre-Coro]
Estar contigo por siempre; eso yo quisiera
Pero como no es así, sólo dame una aventura
Mi corazón me pide amor y donde ti me lleva
Sabes que eres una belleza, eres una dulzura

[Coro]
Ella tiene todo, a nadie respeta
Una vez se enamoró, y ahora ni lo intenta
No supie'n amarla y cómo tratarla
Por ese pequeño error ahora todos pagan

[Outro]
Yeh
BB Nobre
Desde otro planet
[?]
Miguelín
[?]
Yeah, vamo' pa' encima, wouh
[?]","Estar contigo por siempre; eso yo quisiera, pero como no es así, sólo dame una aventura, mi corazón me pide amor y donde ti me lleva, sabes que eres una belleza, eres una dulzura, ella tiene todo, a nadie respeta, una vez se enamoró, y ahora ni lo intenta, no supie'n amarla y cómo tratarla, por ese pequeño error ahora todos pagan, no diga' que el mundo a ti se te acabo por to' lo que pasaste, ahora es que hay que vivir la vida, así como Picasso vivió de su arte, esa mujere' lo que quieren e' igualarte, en ningún mundo ellas van a superarte, lo de nosotro' do' es aparte, conmigo no te quieren, ellos quieren alejarme, ella tiene todo, a nadie respeta, una vez se enamoró, y ahora ni lo intenta, no supie'n amarla y cómo tratarla, por ese pequeño error ahora todos pagan, tú tiene' los beso' que a mí me gustan y que me encantan, seria, una santa, te me resalta', cuando estamo' en la cama, mami, no aguanta', y préndete, que esta noche, mami, la vamo' a romper, le vamo a dá' bien duro contra la pared, y préndete, que tú va' ver lo que vo'a hacer, estar contigo por siempre; eso yo quisiera, pero como no es así, sólo dame una aventura, mi corazón me pide amor y donde ti me lleva, sabes que eres una belleza, eres una dulzura, ella tiene todo, a nadie respeta, una vez se enamoró, y ahora ni lo intenta, no supie'n amarla y cómo tratarla, por ese pequeño error ahora todos pagan, yeh, bB Nobre, desde otro planet. Miguelín. Yeah, vamo' pa' encima, wouh."
T1_TRAIN_1500,11316724,NM,M,0.8867924528301887,"[Intro de Guitarra]

[Verso #1]
Como un ave que muere,
como un sol que se apaga
Son mis días sin ti
Como un cielo nublado,
como flor marchitada
Me he sentido sin ti

Y con el alma desnuda,
con mi corazón roto
He venido hacia ti
Con mil noches de fríos,
muchos sueños perdidos
He podido vivir

[Verso #2]
Para decirte que nunca
he renunciado a quererte
a pesar de que soy

El mismo hombre que un día
destruyó sin clemencia
La verdad de tu amor

Que cegado por los celos,
le hizo daño a tu vida
Y a tu corazón
Pero más vale decirte que estoy arrepentido
Aunque me muera de amor

[Pre Coro]
Ay, no me dejes morir
Quiero vivir junto a ti
Ay, no me pagues igual
Como te hice yo a ti

Recuerda que en esta vida
Hay que saber perdonar
Nunca es tarde, vida mía

[Coro]
Para volver a empezar
Para volver a empezar
Para volver a empezar

[Instrumental]

Y con el alma desnuda,
con mi corazón roto
He venido hacia ti
Con mil noches de fríos,
muchos sueños perdidos
He podido vivir

[Verso #3]
Para decirte que nunca
he renunciado a quererte
a pesar de que soy

El mismo hombre que un día
destruyó sin clemencia
La verdad de tu amor

Que cegado por los celos,
le hizo daño a tu vida
Y a tu corazón
Pero más vale decirte que estoy arrepentido
Aunque me muera de amor

[Pre Coro]
Ay, no me dejes morir
Quiero vivir junto a ti
Ay, no me pagues igual
Como te hice yo a ti

Recuerda que en esta vida
Hay que saber perdonar
Nunca es tarde, vida mía
Para volver a empezar

[Coro]
Para volver a empezar, ¡ay, Dios!
Para volver a empezar
Para volver a empezar, ¡eh!
Para volver a empezar
Para volver a empezar","Como un ave que muere,, como un sol que se apaga, son mis días sin ti, como un cielo nublado,, como flor marchitada, me he sentido sin ti. Y con el alma desnuda,, con mi corazón roto, he venido hacia ti, con mil noches de fríos,, muchos sueños perdidos, he podido vivir. Para decirte que nunca, he renunciado a quererte, a pesar de que soy. El mismo hombre que un día, destruyó sin clemencia, la verdad de tu amor. Que cegado por los celos,, le hizo daño a tu vida, y a tu corazón, pero más vale decirte que estoy arrepentido, aunque me muera de amor. Ay, no me dejes morir, quiero vivir junto a ti, ay, no me pagues igual, como te hice yo a ti. Recuerda que en esta vida, hay que saber perdonar, nunca es tarde, vida mía. Para volver a empezar, para volver a empezar, para volver a empezar. Y con el alma desnuda,, con mi corazón roto, he venido hacia ti, con mil noches de fríos,, muchos sueños perdidos, he podido vivir. Para decirte que nunca, he renunciado a quererte, a pesar de que soy. El mismo hombre que un día, destruyó sin clemencia, la verdad de tu amor. Que cegado por los celos,, le hizo daño a tu vida, y a tu corazón, pero más vale decirte que estoy arrepentido, aunque me muera de amor. Ay, no me dejes morir, quiero vivir junto a ti, ay, no me pagues igual, como te hice yo a ti. Recuerda que en esta vida, hay que saber perdonar, nunca es tarde, vida mía, para volver a empezar. Para volver a empezar, Ąay, Dios!, para volver a empezar, para volver a empezar, Ąeh!, para volver a empezar, para volver a empezar."
T1_TRAIN_1503,1710516,NM,M,0.917910447761194,"
[Letra de ""Periodico De Ayer""]

[Verso]
Tu amor es un periódico de ayer
Que nadie más procura ya leer
Sensacional cuando salió en la madrugada
A mediodía ya noticia confirmada
Y en la tarde materia olvidada
Tu amor es un periódico de ayer
Fue el titular que alcanzó página entera
Por eso ya te conocen donde quiera
Tu nombre ha sido un recorte que guardé
Y en el álbum del olvido lo pegué
Tu amor es un periódico de ayer
Que nadie más procura ya leer
El comentario que nació en la madrugada
Y fuimos ambos la noticia propagada
Y en la tarde materia olvidada
Tu amor es un periódico de ayer

[Puente 1]
¡Cógelo ahora, Lola!

[Coro]
¿Y para qué leer un periódico de ayer?
Oye noticia que todos saben, ya yo no quiero leer
¿Y para qué leer un periódico de ayer?
Tú no serviste pa' nada mami, y al zafacon yo te eché
Echa camina, apartate de mi vera, apartate de mi lado
¿Y para qué leer un periódico de ayer?
Tu eres el diario La Prensa, Radio Bemba, Radio Bemba

[Puente 2]
¡Sacúde, doble fea!

[Coro]
¿Y para qué leer un periódico de ayer?
¿Para qué voy a leer la historia de un amor que no puedo ni creer?
¿Y para qué leer un periódico de ayer?
Te quise, te tuve, te mantuve, pero ya no te quiero
¿Y para qué leer un periódico de ayer?
A tu casa yo no voy, Polito, dame y tumba la cheveta, ¡la chaveta!
¿Y para qué leer un periódico de ayer?
En el álbum de mi vida, en una página escondida, allí te encontré

[Coro]
¿Y para qué leer un periódico de ayer?
Anda vete de mi vera, cosa buena, ya no te quiero ni ver
¿Y para qué leer un periódico de ayer?
¿Qué te pasa?, ¿estás llorando?, tienes alma de papel
¿Y para qué leer un periódico de ayer?
Y como el papel aguanta todo, así mismo te trate
¿Y para qué leer un periódico de ayer?
Analizate tu historia, y así podrás comprender","Tu amor es un periódico de ayer, que nadie más procura ya leer, sensacional cuando salió en la madrugada, a mediodía ya noticia confirmada, y en la tarde materia olvidada, tu amor es un periódico de ayer, fue el titular que alcanzó página entera, por eso ya te conocen donde quiera, tu nombre ha sido un recorte que guardé, y en el álbum del olvido lo pegué, tu amor es un periódico de ayer, que nadie más procura ya leer, el comentario que nació en la madrugada, y fuimos ambos la noticia propagada, y en la tarde materia olvidada, tu amor es un periódico de ayer, ąCógelo ahora, Lola!, ¿Y para qué leer un periódico de ayer?, oye noticia que todos saben, ya yo no quiero leer, ¿Y para qué leer un periódico de ayer?, tú no serviste pa' nada mami, y al zafacon yo te eché, echa camina, apartate de mi vera, apartate de mi lado, ¿Y para qué leer un periódico de ayer?, tu eres el diario La Prensa, Radio Bemba, Radio Bemba, ąSacúde, doble fea!, ¿Y para qué leer un periódico de ayer?, ¿Para qué voy a leer la historia de un amor que no puedo ni creer?, ¿Y para qué leer un periódico de ayer?, te quise, te tuve, te mantuve, pero ya no te quiero, ¿Y para qué leer un periódico de ayer?, a tu casa yo no voy, Polito, dame y tumba la cheveta, Ąla chaveta!, ¿Y para qué leer un periódico de ayer?, en el álbum de mi vida, en una página escondida, allí te encontré, ¿Y para qué leer un periódico de ayer?, anda vete de mi vera, cosa buena, ya no te quiero ni ver, ¿Y para qué leer un periódico de ayer?, ¿Qué te pasa?, ¿estás llorando?, tienes alma de papel, ¿Y para qué leer un periódico de ayer?, y como el papel aguanta todo, así mismo te trate, ¿Y para qué leer un periódico de ayer?, analizate tu historia, y así podrás comprender."
T1_TRAIN_1504,1168717,M,NM,0.9367816091954023,"

[Outro Instrumental]
[Letra de ""Se Pareció Tanto a Ti""]

[Intro]
¿Quién no dice una mentira por conservar un amor?
¿Quién no inventa una historieta por evitar un dolor?
¿Quién no se moja los labios con otros que sepan a miel?
¿Quién no cae ante el deseo y terminar siendo infiel?

[Verso 1]
Recordar todo en silencio
Como extraños nos sentimos
Paso a paso detallamos
Con cinismo comparamos
Y esa duda que nos mata
Y que asalta, que atenaza
Tus sentidos los vulnera
Nos tortura, nos delata
Y no saber si es mejor
Mientras duerme y le relatas

[Refrán]
Amor, se pareció tanto a ti
Que no pude guardar en mi cuerpo el deseo
Que la tuve que amar
Sentí la necesidad de tenerme que entregar
Sentí miedo, sentí el peso de poderme equivocar

[Verso 2]
Fue como llegar a casa primero de mi viaje
Como empezar de nuevo después de disgustar
Como adelantar las caricias cuando nos pensabamos casar
O sentir la melodía antes de hacer esta canción
Como si la noche durara un poco más en vez de amanecer
Como si la lluvia cayera sin presagio cuando hay sol
Como si el sueño se realizara mucho antes de vivir
Como si el niño llorara mucho antes de nacer

[Refrán]
Amor, se pareció tanto a ti
Que el nombre llevaban por igual
Y la misma prisa cuando solían caminar
Hasta el guiño y la sonrisa
Me parecieron tan igual
Sentí miedo, sentí el peso de quererme enamorar
Otra vez

[Coro]
Y no podría decirle otra cosa si la veo
Que la extraño, que la pienso
Y no podría decirla otra cosa si la veo

[Verso 3]
Y sigues viviendo en mi
Quisiera hacerte feliz y no puedo
(Y no podría decirle otra cosa si la veo)
Que no soy yo quien decide en este caso
Por eso el motivo y la causa de mi fracaso

[Coro]
Y no podria decirle otra cosa si la veo
Que la extraño, que lo siento

[Puente Instrumental]

[Coro]
Y no podría decirle otra cosa si la veo
Que lo siento, uh-oh-oh-oh

[Outro Instrumental]","¿Quién no dice una mentira por conservar un amor?, ¿Quién no inventa una historieta por evitar un dolor?, ¿Quién no se moja los labios con otros que sepan a miel?, ¿Quién no cae ante el deseo y terminar siendo infiel?, recordar todo en silencio, como extraños nos sentimos, paso a paso detallamos, con cinismo comparamos, y esa duda que nos mata, y que asalta, que atenaza, tus sentidos los vulnera, nos tortura, nos delata, y no saber si es mejor, mientras duerme y le relatas, amor, se pareció tanto a ti, que no pude guardar en mi cuerpo el deseo, que la tuve que amar, sentí la necesidad de tenerme que entregar, sentí miedo, sentí el peso de poderme equivocar, fue como llegar a casa primero de mi viaje, como empezar de nuevo después de disgustar, como adelantar las caricias cuando nos pensabamos casar, o sentir la melodía antes de hacer esta canción, como si la noche durara un poco más en vez de amanecer, como si la lluvia cayera sin presagio cuando hay sol, como si el sueño se realizara mucho antes de vivir, como si el niño llorara mucho antes de nacer, amor, se pareció tanto a ti, que el nombre llevaban por igual, y la misma prisa cuando solían caminar, hasta el guiño y la sonrisa, me parecieron tan igual, sentí miedo, sentí el peso de quererme enamorar, otra vez, y no podría decirle otra cosa si la veo, que la extraño, que la pienso, y no podría decirla otra cosa si la veo, y sigues viviendo en mi, quisiera hacerte feliz y no puedo, y no podría decirle otra cosa si la veo, que no soy yo quien decide en este caso, por eso el motivo y la causa de mi fracaso, y no podria decirle otra cosa si la veo, que la extraño, que lo siento, y no podría decirle otra cosa si la veo, que lo siento, uh-oh-oh-oh."
T1_TRAIN_1509,3338382,M,NM,0.9710144927536232,"o
[Letra de ""Cicatrices""]

[Verso 1: Waor]
¿Quién gritará nuestros nombres cuando estemos muertos?
En el camino que junta la tierra y el cielo voy a 200
Nos despedimos y dejé las ruedas marcas' en el cemento
Exprimo cada segundo, es (tic, tac) de lo poco que tengo
Me dijo que la besara... Que la besara lento
Como si el mundo se acabara... Y se acabó, por cierto
Me dijo que me callara, que las palabras se las lleva el viento
Me dijo que la esperara como si me sobrara el tiempo
En el garito hablando mímica, destrozando mi imagen pública
Siempre creando polémica, haters rabiosos, fans histéricas
Me insultan deseando que entre en su juego...
Ojalá se vieran como les veo
No se me caen los anillos por pedirte un cigarro pa' un porro
Ni por sentarme en el bordillo a mirar como pasas, salimos del barro
No te confundas sé de donde vengo
Sé lo que cuesta ganarse los euros

[Verso 2: Natos]
Disfruto los momentos felices en honor a los tiempos difíciles
Fumamos Dry Sift, nada que ver con tu polen de kifi
Orgulloso de mis cicatrices, de todas las veces que tropecé, porque me hizo ser yo lo que hice
Aprendí y avancé, ahora que me analicen
Los números hablan, hagamos balance
Dicen que desde el 2011 no hay quien nos alcance
Entonces quiero relajarme, besar tu cuerpo
Metértelo dentro, entrar en trance
Mirar esos ojos de lince, tocar esa piel de bronce
Y olvidarme de ayer. Fóllame sin amor, quiéreme luego
Es un placer esto de arder en tu fuego
Me siento un fénix y vuelvo a nacer, prepara'o pa' ganar y perder
Si soy un player... ¿Cómo quieres que no te siga el juego?
Para'lante, como un toro. Elegante, pero callejero
Cada instante a tu lado son diamantes guardados dentro del joyero
Te abrí las puertas del cielo con llave de bumping, como un cerrajero
Te regalé el corazón. Ahora en el pecho tengo un agujero","¿Quién gritará nuestros nombres cuando estemos muertos?, en el camino que junta la tierra y el cielo voy a 200, nos despedimos y dejé las ruedas marcas' en el cemento, exprimo cada segundo, es tic, tac de lo poco que tengo, me dijo que la besara... Que la besara lento, como si el mundo se acabara... Y se acabó, por cierto, me dijo que me callara, que las palabras se las lleva el viento, me dijo que la esperara como si me sobrara el tiempo, en el garito hablando mímica, destrozando mi imagen pública, siempre creando polémica, haters rabiosos, fans histéricas, me insultan deseando que entre en su juego..., ojalá se vieran como les veo, no se me caen los anillos por pedirte un cigarro pa' un porro, ni por sentarme en el bordillo a mirar como pasas, salimos del barro, no te confundas sé de donde vengo, sé lo que cuesta ganarse los euros. Disfruto los momentos felices en honor a los tiempos difíciles, fumamos Dry Sift, nada que ver con tu polen de kifi, orgulloso de mis cicatrices, de todas las veces que tropecé, porque me hizo ser yo lo que hice, aprendí y avancé, ahora que me analicen, los números hablan, hagamos balance, dicen que desde el 2011 no hay quien nos alcance, entonces quiero relajarme, besar tu cuerpo, metértelo dentro, entrar en trance, mirar esos ojos de lince, tocar esa piel de bronce, y olvidarme de ayer. Fóllame sin amor, quiéreme luego, es un placer esto de arder en tu fuego, me siento un fénix y vuelvo a nacer, prepara'o pa' ganar y perder, si soy un player... ¿Cómo quieres que no te siga el juego?, para'lante, como un toro. Elegante, pero callejero, cada instante a tu lado son diamantes guardados dentro del joyero, te abrí las puertas del cielo con llave de bumping, como un cerrajero, te regalé el corazón. Ahora en el pecho tengo un agujero, no se me caen los anillos por pedirte un cigarro pa' un porro, ni por sentarme en el bordillo a mirar como pasas, salimos del barro, no te confundas sé de donde vengo, sé lo que cuesta ganarse los euros, disfruto los momentos felices en honor a los tiempos difíciles, fumamos Dry Sift, nada que ver con tu polen de kifi, orgulloso de mis cicatrices, de todas las veces que tropecé, porque me hizo ser yo lo que hice, aprendí y avancé, ahora que me analicen, los números hablan, hagamos balance, dicen que desde el 2011 no hay quien nos alcance, entonces quiero relajarme, besar tu cuerpo, metértelo dentro, entrar en trance, mirar esos ojos de lince, tocar esa piel de bronce, y olvidarme de ayer. Fóllame sin amor, quiéreme luego, es un placer esto de arder en tu fuego, me siento un fénix y vuelvo a nacer, prepara'o pa' ganar y perder, si soy un player... ¿Cómo quieres que no te siga el juego?, para'lante, como un toro. Elegante, pero callejero, cada instante a tu lado son diamantes guardados dentro del joyero, te abrí las puertas del cielo con llave de bumping, como un cerrajero, te regalé el corazón. Ahora en el pecho tengo un agujero."
T1_TRAIN_1512,758009,NM,M,1.0,"
Cada vez que te recuerdo
Se me llenan estos ojos
De tristeza y de dolor
Y me siento derrotado
Y me siento abandonado
Y no se ni a donde ir

Cuando miro las parejas
Que se abrazan y se besan
Yo me acuerdo más de ti
Y quisiera yo tenerte
A mi lado para siempre
A mi lado junto a mí

Caprichos de mujer
Caprichos nada más
Que me hacen padecer
Mi frágil corazón

Quisiera yo saber
Si piensas regresar
Si piensas tú volver
Conmigo una vez más

Cada vez que te recuerdo
Sin querer mi pensamiento
Se me llena del ayer
Porque va pasando el tiempo
Y deseo te arrepientas
Y me busques otra vez

Le pregunto a tus amigas
Si en el fondo de tu alma
Guardas para mi amor
Y me dicen convencidas
Que añoras las ternuras
Que una vez te daba yo

Caprichos de mujer
Caprichos nada más
Que me hacen padecer
Mi frágil corazón

Quisiera yo saber
Si piensas regresar
Si piensas tú volver
Conmigo una vez más","Cada vez que te recuerdo, se me llenan estos ojos, de tristeza y de dolor, y me siento derrotado, y me siento abandonado, y no se ni a donde ir, cuando miro las parejas, que se abrazan y se besan, yo me acuerdo más de ti, y quisiera yo tenerte, a mi lado para siempre, a mi lado junto a mí, caprichos de mujer, caprichos nada más, que me hacen padecer, mi frágil corazón, quisiera yo saber, si piensas regresar, si piensas tú volver, conmigo una vez más, cada vez que te recuerdo, sin querer mi pensamiento, se me llena del ayer, porque va pasando el tiempo, y deseo te arrepientas, y me busques otra vez, le pregunto a tus amigas, si en el fondo de tu alma, guardas para mi amor, y me dicen convencidas, que añoras las ternuras, que una vez te daba yo, caprichos de mujer, caprichos nada más, que me hacen padecer, mi frágil corazón, quisiera yo saber, si piensas regresar, si piensas tú volver, conmigo una vez más."
T1_TRAIN_1518,2832554,NM,M,0.8936170212765957,"ga LiveGet tickets as low as $40
[Letra de ""Me Vas a Extrañar""]

[Verso]
Los besos de mi boca no fueron suficientes
Para que te quedaras conmigo para siempre
No me alcanzó el cariño para verte contenta
Te amaba como un loco y no te diste cuenta
Me resultaron falsas toditas tus palabras
Tus manos me mentían cuando me acariciaban
¿De qué sirvió rogarte para que te quedaras?
Mi error fue darte todo cuando no vales nada

[Coro]
Me vas a extrañar, te apuesto lo que quieras que vas a buscarme
Y vas a llorar porque tú a mí jamás supiste valorarme
Te vas a acordar de todas nuestras travesuras
Pero será muy tarde
Me vas a extrañar, porque un amor como este no fácil se olvida
Y nadie sabrá hacerte todas las cosas que yo a ti te hacía
Pero fue un error entregar mi corazón
A quien no lo merecía

[Interludio]
Y te juro que me vas a extrañar, chiquitita

[Coro]
Me vas a extrañar, te apuesto lo que quieras que vas a buscarme
Y vas a llorar porque tú a mí jamás supiste valorarme
Te vas a acordar de todas nuestras travesuras
Pero será muy tarde
Me vas a extrañar, porque un amor como este no fácil se olvida
Y nadie sabrá hacerte todas las cosas que yo a ti te hacía
Pero fue un error entregar mi corazón
A quien no lo merecía","Los besos de mi boca no fueron suficientes, para que te quedaras conmigo para siempre, no me alcanzó el cariño para verte contenta, te amaba como un loco y no te diste cuenta, me resultaron falsas toditas tus palabras, tus manos me mentían cuando me acariciaban, ¿De qué sirvió rogarte para que te quedaras?, mi error fue darte todo cuando no vales nada, me vas a extrañar, te apuesto lo que quieras que vas a buscarme, y vas a llorar porque tú a mí jamás supiste valorarme, te vas a acordar de todas nuestras travesuras, pero será muy tarde, me vas a extrañar, porque un amor como este no fácil se olvida, y nadie sabrá hacerte todas las cosas que yo a ti te hacía, pero fue un error entregar mi corazón, a quien no lo merecía, y te juro que me vas a extrañar, chiquitita, me vas a extrañar, te apuesto lo que quieras que vas a buscarme, y vas a llorar porque tú a mí jamás supiste valorarme, te vas a acordar de todas nuestras travesuras, pero será muy tarde, me vas a extrañar, porque un amor como este no fácil se olvida, y nadie sabrá hacerte todas las cosas que yo a ti te hacía, pero fue un error entregar mi corazón, a quien no lo merecía."
T1_TRAIN_1519,11106941,NM,M,0.9545454545454546,"
[Letra de ""ELLA SABE""]

[Intro]
Jaja, brr, Ramma
2025
INMORTAL, jaja
Ah, ah, ah

[Refrán]
¿Qué sería de mí si no hiciera lo que quiero?
¿Qué sería de mí si me llevara el viento?
Me llegó data de que te gustan cantantes
Te tiro data, a mí me gusta el picante

[Estribillo]
Ella sabe que tenemos un destino
Recorramos todo nuestro suelo argentino
Me dice que soy mejor que los de antes
Ya no sé si debería impresionarme
Ella sabe que esto e' solamente el teaser
Recién empieza, estos son los días grises
Y aún si me cree mejor que los de antes
Tampoco espero tanto de tu parte

[Verso]
Tampoco es que no quiera, tanto que nos espera
Ya no hay lugar para pleitos, no tengo tiempo para peleas
Podemos ser lo que quiera, puedo mentirte y que me creas
Pero te soy sincero, amor
Miro al espejo y me veo en tus ojos
Lleguemos a viejos, vayamos de a poco
Te quiero pero no te vuelvas tan loca
Todavía no me volviste tan loco
Sé que a veces cuesta estar en foco
Me perdí en tu boca, caramelo rojo, ah
Me saco la cara y te choco, ah
Me saco la cara y te pongo en pose
Y así arrancamos el día
Hagamos real las fantasías
Sé que te cuesta entender a veces esta vida
¿Y qué voy a hacer? Yeah

[Refrán]
¿Qué sería de mí si no hiciera lo que quiero?
¿Qué sería de mí si me llevara el viento?
Me llegó data de que te gustan cantantes
Te tiro data, a mí me gusta el picante

[Puente]
Oh, uh-oh, me encantaría entenderte, amor
Lo de nosotros era chico y se hizo grande
Se hizo gigante, se hizo gigante y ell-ell-ella

[Estribillo]
Ella sabe que tenemos un destino
Recorramos todo nuestro suelo argentino
Me dice que soy mejor que los de antes
Ya no sé si debería impresionarme
Ella sabe que si llama va a venirse
Por eso llama sabe que no va a aburrirse
Ya entendí que soy mejor que los de antes
Tampoco espero tanto de tu parte

[Outro]
No, la verdad que no","Jaja, brr, Ramma, 2025, iNMORTAL, jaja, ah, ah, ah. ¿Qué sería de mí si no hiciera lo que quiero?, ¿Qué sería de mí si me llevara el viento?, me llegó data de que te gustan cantantes, te tiro data, a mí me gusta el picante. Ella sabe que tenemos un destino, recorramos todo nuestro suelo argentino, me dice que soy mejor que los de antes, ya no sé si debería impresionarme, ella sabe que esto e' solamente el teaser, recién empieza, estos son los días grises, y aún si me cree mejor que los de antes, tampoco espero tanto de tu parte. Tampoco es que no quiera, tanto que nos espera, ya no hay lugar para pleitos, no tengo tiempo para peleas, podemos ser lo que quiera, puedo mentirte y que me creas, pero te soy sincero, amor, miro al espejo y me veo en tus ojos, lleguemos a viejos, vayamos de a poco, te quiero pero no te vuelvas tan loca, todavía no me volviste tan loco, sé que a veces cuesta estar en foco, me perdí en tu boca, caramelo rojo, ah, me saco la cara y te choco, ah, me saco la cara y te pongo en pose, y así arrancamos el día, hagamos real las fantasías, sé que te cuesta entender a veces esta vida, ¿Y qué voy a hacer? Yeah. ¿Qué sería de mí si no hiciera lo que quiero?, ¿Qué sería de mí si me llevara el viento?, me llegó data de que te gustan cantantes, te tiro data, a mí me gusta el picante. Oh, uh-oh, me encantaría entenderte, amor, lo de nosotros era chico y se hizo grande, se hizo gigante, se hizo gigante y ell-ell-ella. Ella sabe que tenemos un destino, recorramos todo nuestro suelo argentino, me dice que soy mejor que los de antes, ya no sé si debería impresionarme, ella sabe que si llama va a venirse, por eso llama sabe que no va a aburrirse, ya entendí que soy mejor que los de antes, tampoco espero tanto de tu parte. No, la verdad que no."
T1_TRAIN_1521,3842858,NM,M,0.8958333333333334,"
[Letra de ""Nota De Pasión""]

[Intro]
Comenzamo' esto como un juego
Y mira cómo me enamoraste tú, ah-ah (Ah-ah)
Ahora estoy que no como ni duermo
Volteaste mi mundo, me pones feliz

[Coro]
Yo me voy en una nota de pasión
Como tú ninguna cuando hacemos el amor
Yo me voy en una nota de pasión
Como tú ninguna cuando hacemos el amor

[Post-Coro]
Y aquí estoy
Pensando mucho en cuando te conocí (Te conocí)
Yo siempre dije que eras para mí

[Verso 1]
Lo más lindo e' levantarse en la mañana (Sin bañar)
Y ver al lado la mujer que tú amas (Ey)
Te pone tenso (Yap), te pone feliz (Ey, ey, ey)
Como una lombriz, como yo por ti
Tú me da' nota, nota de pasión
Qué bonito te queda ese pantalón
Tú ere' mi religión, mi bendición
Mi mamichula, mi mujerón, eh-eh

[Pre-Coro]
La vida no es para siempre (Oye, ma), aprovéchate
Baby, tú eres mi luna, vamos a pasarla bien (¡Oh!)
La vida no es para siempre, aprovéchate
Baby, tú eres mi luna
Oye, ma

[Coro]
Yo me voy en una nota de pasión
Como tú ninguna cuando hacemos el amor
Yo me voy en una nota de pasión
Como tú ninguna cuando hacemos el amor

[Verso 2]
Ey, oye, ¡cambio!
Aquí me espero cuando quiera' cita
Y me pone' má' rápido que tortuga con ruedita' (¡Ey!)
Tú me excita' (¡Ey!), mami rica (Muah)
Me gusta tu boquita
Yo no quiero que este romance se acabe
Tocarte es un misterio, me pone grave
Yo que decía nunca volver a enamorarme
Me jugaron sucio y tú lo sabe' (Tú lo sabe')

[Pre-Coro]
La vida no es para siempre (Oye, ma), aprovéchate
Baby, tú eres mi luna, vamos a pasarla bien (¡Oh!)
La vida no es para siempre (Oye, ma), aprovéchate
Baby, tú eres mi luna
Oye, ma

[Coro]
Yo me voy en una nota de pasión
Como tú ninguna cuando hacemos el amor
Yo me voy en una nota de pasión
Como tú ninguna cuando hacemos el amor, woh-oh

[Outro]
Eh
Don Miguelo, ma
(Tú me lleva' en una nota)
Oye
Nota de pasión (Nota de pasión), ey, ey
Mr. 305 (Siguidiba), ah (Siguidiba), ah (Siguidiba), ah
Ey, ey, ey (¡Wuh!)
Ey (Dale, ma)
Diamond (Síguelo)
Mora Racing
Jajaja
Baby, baby","Comenzamo' esto como un juego, y mira cómo me enamoraste tú, ah-ah Ah-ah, ahora estoy que no como ni duermo, volteaste mi mundo, me pones feliz. Yo me voy en una nota de pasión, como tú ninguna cuando hacemos el amor, yo me voy en una nota de pasión, como tú ninguna cuando hacemos el amor. Y aquí estoy, pensando mucho en cuando te conocí Te conocí, yo siempre dije que eras para mí. Lo más lindo e' levantarse en la mañana Sin bañar, y ver al lado la mujer que tú amas Ey, te pone tenso Yap, te pone feliz Ey, ey, ey, como una lombriz, como yo por ti, tú me da' nota, nota de pasión, qué bonito te queda ese pantalón, tú ere' mi religión, mi bendición, mi mamichula, mi mujerón, eh-eh. La vida no es para siempre Oye, ma, aprovéchate, baby, tú eres mi luna, vamos a pasarla bien ĄOh!, la vida no es para siempre, aprovéchate, baby, tú eres mi luna, oye, ma. Yo me voy en una nota de pasión, como tú ninguna cuando hacemos el amor, yo me voy en una nota de pasión, como tú ninguna cuando hacemos el amor. Ey, oye, Ącambio!, aquí me espero cuando quiera' cita, y me pone' má' rápido que tortuga con ruedita' ĄEy!, tú me excita' ĄEy!, mami rica Muah, me gusta tu boquita, yo no quiero que este romance se acabe, tocarte es un misterio, me pone grave, yo que decía nunca volver a enamorarme, me jugaron sucio y tú lo sabe' Tú lo sabe'. La vida no es para siempre Oye, ma, aprovéchate, baby, tú eres mi luna, vamos a pasarla bien ĄOh!, la vida no es para siempre Oye, ma, aprovéchate, baby, tú eres mi luna, oye, ma. Yo me voy en una nota de pasión, como tú ninguna cuando hacemos el amor, yo me voy en una nota de pasión, como tú ninguna cuando hacemos el amor, woh-oh. Don Miguelo, ma, tú me lleva' en una nota, oye, nota de pasión Nota de pasión, ey, ey, mr. 305 Siguidiba, ah Siguidiba, ah Siguidiba, ah, ey, ey, ey ĄWuh!, ey Dale, ma, diamond Síguelo, mora Racing, jajaja, baby, baby."
T1_TRAIN_1526,3115965,NM,M,0.93717277486911," leggo)
Dímelo, Brasa
[Letra de ""Sensualidad"" ft. DJ Luian & Mambo Kingz]

[Intro: Bad Bunny & Prince Royce]
Trap Kingz, bebé
Yeh-eh, yeh, yeh, yeh, yeh (Uoh-uh)

[Pre-Coro: Prince Royce & Bad Bunny]
Ay, baby, tu sensualidad, woh, oh-oh-oh, oh-ouh
Me tiene al borde de la locura
Y esto no es casualidad (Wuh), woh, oh-oh-oh, oh-ouh
Te beso y sube la temperatura
Ay, baby, tu sensualidad, woh, oh-oh-oh, oh-ouh
Me tiene al borde de la locura (La locura)
Y esto no es casualidad, woh, oh-oh-oh, oh-ouh
Te beso y sube la temperatura

[Coro: Bad Bunny & J Balvin]
Baby, donde tú quiera' yo paso a buscarte
Tú espérame afuera pa' así no llamarte
No traigas paragua', comoquiera va' a mojarte (Skrr')
La temperatura está pa' calentarte
Baby, donde tú quieras yo paso a buscarte
Tú espérame afuera pa' así no llamarte
No traigas paragua', comoquiera va' a mojarte
La temperatura está pa' calentarte (Wuh)

[Verso 1: Bad Bunny]
Hay muchos atrás de ti, pero yo siempre gano (Siempre gano)
La baby está dura y sin el cirujano (Wuh)
Vístete, que hoy te vo'a buscar temprano (¡Yeh, yeh!)
Quiero que to's nos vean agarra'os de mano
Con el traje que te compré
Da-, dale préndelo, llegamos después de las tre' (Tre')
Yo no sé si tú mañana me va' a querer
O si después de hoy te va' a perder
Sino, tú me escribes y yo te busco en el Lamborghi'
Un diablo, un beso de emoji (-ji)
Yo no sé si tú mañana me va' a querer (-er)
O si después de hoy te va' a perder

[Puente: Prince Royce & Bad Bunny]
Cuando estás en mi habitación
Tú sientes conmigo como si se paralizara el tiempo
Ya es que mi intención es estar contigo
Y hacerlo hasta dejarte sin aliento
Cuando estás en mi habitación tú sientes conmigo (-migo)
Como si se paralizara el tiempo
Ya es que mi intención es estar contigo (Yeh, yeh)
Y hacerlo hasta dejarte sin aliento

[Coro: J Balvin & Bad Bunny]
Baby, donde tú quieras yo paso a buscarte
Tú espérame afuera pa' así no llamarte
No traigas paragua', comoquiera va' a mojarte (Skrr')
La temperatura está pa' calentarte
Baby, donde tú quiera' yo paso a buscarte
Tú espérame afuera pa' así no llamarte
No traigas paragua', comoquiera va' a mojarte
La temperatura está pa' calentarte (Wuh)

[Verso 2: J Balvin & Prince Royce]
Yeah
La noche llama, ya me activé (Eh)
Te sirvo un trago (Wuh), Buchanan's, yeh (Buchanan's)
Me siento en victoria porque ella es un ángel (Wuh)
Como Selena y The Weeknd (Eh), como Shakira y Piqué
Con su hoodie de Bape, siempre ando en backstage (Wuh; yeh)
En Francia ya la conocen, compramos todo Chanel (Uh-weh)
Eah, porque ella es mi jeva
No me la toquen porque ella es una fiera (No, no)
Yeh, yeh, yeh, yeh
Yeh, yeh, yeh, yeh
Ella es tan bella, tal como la imagine (Oh-oh-oh-oh)
Yeh, yeh, yeh, yeh
Yeh, yeh, yeh, yeh
Es mi baby, solo yo la puedo tener
Yeah, Prince Royce

[Pre-Coro: Prince Royce & J Balvin, Prince Royce, J Balvin & Bad Bunny]
Ay, baby, tu sensualidad, woh, oh-oh-oh, oh-ouh
Me tiene al borde de la locura
Y esto no es casualidad (Wuh), woh, oh-oh-oh, oh-ouh
Te beso y sube la temperatura
Baby, tu sensualidad, woh, oh-oh-oh, oh-ouh
Me tiene al borde de la locura (La locura)
Y esto no es casualidad (Oh-oh), woh, oh-oh-oh, oh-ouh
Te beso y sube la temperatura

[Coro: Bad Bunny]
Baby, donde tú quiera' yo paso a buscarte
Tú espérame afuera pa' así no llamarte
No traigas paragua', comoquiera va' mojarte (Skrr')
La temperatura está pa' calentarte

[Outro: Bad Bunny & J Balvin]
Yeh, yeh, yeh, yeh-yeh
Bad Bunny, baby
Bad Bunny
Be-bebé-bebé
Hear This Music
Leggo
Prince Royce
Prince Royce
(La temperatura esta pa' calentarte)
J Balvin, man
J Balvin
J Balvin
Infinity Music
DJ Luian
Díselo, Luian
Mambo Kingz
Mambo Kingz
Leggo
¡Mambo Kingz!
Yeh
Hear This Music
Trap Kingz, bebé
Tiempo de Balvin (Leggo, leggo)
Dímelo, Brasa","leggo, dímelo, Brasa. Trap Kingz, bebé, yeh-eh, yeh, yeh, yeh, yeh Uoh-uh. Ay, baby, tu sensualidad, woh, oh-oh-oh, oh-ouh, me tiene al borde de la locura, y esto no es casualidad Wuh, woh, oh-oh-oh, oh-ouh, te beso y sube la temperatura, ay, baby, tu sensualidad, woh, oh-oh-oh, oh-ouh, me tiene al borde de la locura La locura, y esto no es casualidad, woh, oh-oh-oh, oh-ouh, te beso y sube la temperatura. Baby, donde tú quiera' yo paso a buscarte, tú espérame afuera pa' así no llamarte, no traigas paragua', comoquiera va' a mojarte Skrr', la temperatura está pa' calentarte, baby, donde tú quieras yo paso a buscarte, tú espérame afuera pa' así no llamarte, no traigas paragua', comoquiera va' a mojarte, la temperatura está pa' calentarte Wuh. Hay muchos atrás de ti, pero yo siempre gano Siempre gano, la baby está dura y sin el cirujano Wuh, vístete, que hoy te vo'a buscar temprano ĄYeh, yeh!, quiero que to's nos vean agarra'os de mano, con el traje que te compré, da-, dale préndelo, llegamos después de las tre' Tre', yo no sé si tú mañana me va' a querer, o si después de hoy te va' a perder, sino, tú me escribes y yo te busco en el Lamborghi', un diablo, un beso de emoji -ji, yo no sé si tú mañana me va' a querer -er, o si después de hoy te va' a perder. Cuando estás en mi habitación, tú sientes conmigo como si se paralizara el tiempo, ya es que mi intención es estar contigo, y hacerlo hasta dejarte sin aliento, cuando estás en mi habitación tú sientes conmigo -migo, como si se paralizara el tiempo, ya es que mi intención es estar contigo Yeh, yeh, y hacerlo hasta dejarte sin aliento. Baby, donde tú quieras yo paso a buscarte, tú espérame afuera pa' así no llamarte, no traigas paragua', comoquiera va' a mojarte Skrr', la temperatura está pa' calentarte, baby, donde tú quiera' yo paso a buscarte, tú espérame afuera pa' así no llamarte, no traigas paragua', comoquiera va' a mojarte, la temperatura está pa' calentarte Wuh. Yeah, la noche llama, ya me activé Eh, te sirvo un trago Wuh, Buchanan's, yeh Buchanan's, me siento en victoria porque ella es un ángel Wuh, como Selena y The Weeknd Eh, como Shakira y Piqué, con su hoodie de Bape, siempre ando en backstage Wuh; yeh, en Francia ya la conocen, compramos todo Chanel Uh-weh, eah, porque ella es mi jeva, no me la toquen porque ella es una fiera No, no, yeh, yeh, yeh, yeh, yeh, yeh, yeh, yeh, ella es tan bella, tal como la imagine Oh-oh-oh-oh, yeh, yeh, yeh, yeh, yeh, yeh, yeh, yeh, es mi baby, solo yo la puedo tener, yeah, Prince Royce. Ay, baby, tu sensualidad, woh, oh-oh-oh, oh-ouh, me tiene al borde de la locura, y esto no es casualidad Wuh, woh, oh-oh-oh, oh-ouh, te beso y sube la temperatura, baby, tu sensualidad, woh, oh-oh-oh, oh-ouh, me tiene al borde de la locura La locura, y esto no es casualidad Oh-oh, woh, oh-oh-oh, oh-ouh, te beso y sube la temperatura. Baby, donde tú quiera' yo paso a buscarte, tú espérame afuera pa' así no llamarte, no traigas paragua', comoquiera va' mojarte Skrr', la temperatura está pa' calentarte. Yeh, yeh, yeh, yeh-yeh, bad Bunny, baby, bad Bunny, be-bebé-bebé, hear This Music, leggo, prince Royce, prince Royce, la temperatura esta pa' calentarte, j Balvin, man, j Balvin, j Balvin, infinity Music, dJ Luian, díselo, Luian, mambo Kingz, mambo Kingz, leggo, ąMambo Kingz!, yeh, hear This Music, trap Kingz, bebé, tiempo de Balvin Leggo, leggo, dímelo, Brasa."
T1_TRAIN_1540,968950,M,NM,0.8658536585365854,"
[Letra de ""El Son del Dolor""]

[Verso 1]
Tú sabes que yo me muero por ti mi vida
Yo me muero por ti mi amor
Que necesito respiración de boca a boca
Porque en tu boca nació mi dolor
Yo quiero que me mates con un beso
Y otro beso para resucitar
Yo quiero que me des otro abrazo
Y en tus brazos yo quiero reventar!

[Coro]
Ay, que me muero por ti mi vida
Yo me muero por ti mi amor
Ay, que me matas y me excitas
Con tanto dolor

[Verso 2]
Tú sabes que me apasiona tu persona
Y esa zona que te quiero morder
Tú sabes que me vuelves loco con tus gritos
Y tus arañazos de mujer
Y cuando fumas y quemas y dibujas patrones sobre mi
Y la manera que amas entre llamas
Y me consumo pero ya lo viví, que mas da!

[Coro]
Ay, que me muero por ti mi vida
Yo me muero por ti mi amor
Ay, que me matas y me excitas
Con tanto dolor

[Solo de guitarra]
Hiéreme!

[Verso 1]
Tú sabes que yo me muero por ti mi vida
Yo me muero por ti mi amor
Que necesito respiración de boca a boca
Porque en tu boca nació mi dolor
Yo quiero que me mates con un beso
Y otro beso para resucitar
Yo quiero que me des otro abrazo
Y en tus brazos yo quiero reventar!

[Coro]
Ay, que me muero por ti mi vida
Yo me muero por ti mi amor
Ay, que me matas y me excitas
Con tanto dolor

Ay, que me muero por ti mi vida
Yo me muero por ti mi amor
Ay, que me matas y me excitas
Con tanto dolor

[Outro]
Hiéreme mas...
Que me hace tu maldad...feliz","Tú sabes que yo me muero por ti mi vida, yo me muero por ti mi amor, que necesito respiración de boca a boca, porque en tu boca nació mi dolor, yo quiero que me mates con un beso, y otro beso para resucitar, yo quiero que me des otro abrazo, y en tus brazos yo quiero reventar!, ay, que me muero por ti mi vida, yo me muero por ti mi amor, ay, que me matas y me excitas, con tanto dolor, tú sabes que me apasiona tu persona, y esa zona que te quiero morder, tú sabes que me vuelves loco con tus gritos, y tus arañazos de mujer, y cuando fumas y quemas y dibujas patrones sobre mi, y la manera que amas entre llamas, y me consumo pero ya lo viví, que mas da!, ay, que me muero por ti mi vida, yo me muero por ti mi amor, ay, que me matas y me excitas, con tanto dolor, hiéreme!, tú sabes que yo me muero por ti mi vida, yo me muero por ti mi amor, que necesito respiración de boca a boca, porque en tu boca nació mi dolor, yo quiero que me mates con un beso, y otro beso para resucitar, yo quiero que me des otro abrazo, y en tus brazos yo quiero reventar!, ay, que me muero por ti mi vida, yo me muero por ti mi amor, ay, que me matas y me excitas, con tanto dolor. Ay, que me muero por ti mi vida, yo me muero por ti mi amor, ay, que me matas y me excitas, con tanto dolor, hiéreme mas..., que me hace tu maldad...feliz."
T1_TRAIN_1548,5366302,NM,M,0.9333333333333333,"
[Letra de ""Relación""]

[Pre-Estribillo]
Ella siempre estaba cuando tú no estabas
Fue tanto dolor que ya no la mataba
Poco a poco ya no te necesitaba
Ella sonreía mientras lo enrolaba
Y tú (Tú, uh-uh-uh)
Diciendo que fue falta de actitud
Pero en esta relación hizo más que tú, yeh (Yeh-eh)
Y en un estado te manda a decir que

[Estribillo]
Ahora todo cambió, le toca a ella (Le toca a ella)
Mari y una botella
Gracia' al maltrato se puso bella (Se puso bella)
Ahora tú la quiere' y no te quiere ella
Y ahora todo cambió, le toca a ella (Le toca a ella)
Mari y una botella
Gracia' al maltrato se puso bella (Se puso bella)
Ahora tú la quiere' y no te quiere ella

[Verso 1]
Yeah, ¡huh!
Cambió, cambió y tú está' pagando (Yeah)
Se fue el balón y quiere seguir jugando (Come on)
Mientras lloraba, tú estaba' tomando
Ahora estás llamando y ella se está cambiando
Que va pa' la calle (Calle), sin dar detalle' (-talle')
Con ese traje yo dudo que ella falle
Siempre linda, con o sin maquillaje (Maquillaje)
Siempre en línea, automático el mensaje que (Mensaje que)

[Estribillo]
Ahora todo cambió, le toca a ella (Le toca a ella)
Mari y una botella
Gracia' al maltrato se puso bella (Se puso bella)
Ahora tú la quiere' y no te quiere ella
Y ahora todo cambió, le toca a ella (Le toca a ella)
Mari y una botella
Gracia' al maltrato se puso bella (Se puso bella)
Ahora tú la quiere' y no te quiere ella

[Verso 2]
Y ahora todo cambió, comenzó por su estado (-tado)
Ahora te toca esperarla sentado (Wuh)
Cambió de número, pa' que uste' ni piense en llamar (Ni piense)
Te toca extrañarla na' má'
Ya jugó otro número (Número)
Y también borró tu número (Número)
Prendió uno y te superó (Superó)
Le pusieron la canción y gritó: ""Súbelo"" (Súbelo)

[Pre-Estribillo]
Ella siempre estaba cuando tú no estabas
Fue tanto dolor que ya no la mataba (Mataba)
Poco a poco ya no te necesitaba (-cesitaba)
Ella sonreía mientras lo enrolaba
Y tú (Tú, uh-uh-uh)
Diciendo que fue falta de actitud
Pero en esta relación hizo más que tú, yeh (Yeh-eh)
Y en un estado te manda a decir que

[Estribillo]
Ahora todo cambió, le toca a ella (Le toca a ella)
Mari y una botella
Gracia' al maltrato se puso bella (Se puso bella)
Ahora tú la quiere' y no te quiere ella
Y ahora todo cambió, le toca a ella (Le toca a ella)
Mari y una botella
Gracia' al maltrato se puso bella (Se puso bella)
Ahora tú la quiere' y no te quiere ella

[Outro]
Dímelo Flow
Slow Mike
Este es Sech
Rich Music
El Bloke
1964, alright","Ella siempre estaba cuando tú no estabas, fue tanto dolor que ya no la mataba, poco a poco ya no te necesitaba, ella sonreía mientras lo enrolaba, y tú Tú, uh-uh-uh, diciendo que fue falta de actitud, pero en esta relación hizo más que tú, yeh Yeh-eh, y en un estado te manda a decir que. Ahora todo cambió, le toca a ella Le toca a ella, mari y una botella, gracia' al maltrato se puso bella Se puso bella, ahora tú la quiere' y no te quiere ella, y ahora todo cambió, le toca a ella Le toca a ella, mari y una botella, gracia' al maltrato se puso bella Se puso bella, ahora tú la quiere' y no te quiere ella. Yeah, Ąhuh!, cambió, cambió y tú está' pagando Yeah, se fue el balón y quiere seguir jugando Come on, mientras lloraba, tú estaba' tomando, ahora estás llamando y ella se está cambiando, que va pa' la calle Calle, sin dar detalle' -talle', con ese traje yo dudo que ella falle, siempre linda, con o sin maquillaje Maquillaje, siempre en línea, automático el mensaje que Mensaje que. Ahora todo cambió, le toca a ella Le toca a ella, mari y una botella, gracia' al maltrato se puso bella Se puso bella, ahora tú la quiere' y no te quiere ella, y ahora todo cambió, le toca a ella Le toca a ella, mari y una botella, gracia' al maltrato se puso bella Se puso bella, ahora tú la quiere' y no te quiere ella. Y ahora todo cambió, comenzó por su estado -tado, ahora te toca esperarla sentado Wuh, cambió de número, pa' que uste' ni piense en llamar Ni piense, te toca extrañarla na' má', ya jugó otro número Número, y también borró tu número Número, prendió uno y te superó Superó, le pusieron la canción y gritó: Súbelo Súbelo. Ella siempre estaba cuando tú no estabas, fue tanto dolor que ya no la mataba Mataba, poco a poco ya no te necesitaba -cesitaba, ella sonreía mientras lo enrolaba, y tú Tú, uh-uh-uh, diciendo que fue falta de actitud, pero en esta relación hizo más que tú, yeh Yeh-eh, y en un estado te manda a decir que. Ahora todo cambió, le toca a ella Le toca a ella, mari y una botella, gracia' al maltrato se puso bella Se puso bella, ahora tú la quiere' y no te quiere ella, y ahora todo cambió, le toca a ella Le toca a ella, mari y una botella, gracia' al maltrato se puso bella Se puso bella, ahora tú la quiere' y no te quiere ella. Dímelo Flow, slow Mike, este es Sech, rich Music, el Bloke, 1964, alright."
T1_TRAIN_1555,1398615,M,NM,0.9120879120879121,"
[Letra de ""Cuándo""]

[Verso 1]
¿Cuándo fue la última vez que viste las estrellas con los ojos cerrados?
Y te aferraste como un náufrago a la orilla de la espalda de alguien
¿Cuándo fue la última vez que se te fue el amor por no dejarlo libre?
¿Cuándo fue la última vez que te besaron tanto que dijiste mi nombre?
¿Cuándo te ganó el orgullo y escogiste el llanto por no perdonarme?
¿Cuándo fue la última vez que un simple déjà vu me llevó hasta tus brazos?

[Coro]
¿Cuándo?
¿Cuándo fue la última vez que te quisieron tanto?
¿Cuándo?
¿Cuándo te ganó el orgullo y escogiste el llanto?
¿Cuándo?
¿Cuándo volverás a ser lo que no fuiste nunca?

[Verso 2]
¿Cuándo fue la última vez que te sentiste sola y llegaste a odiarme?
¿Cuándo llegó a convencerte el maldito despecho que un clavo saca otro?
¿Cuándo te olvidaste que el caso no es entenderse sino que aceptarse?

[Coro]
¿Cuándo?
¿Cuándo fue la última vez que te quisieron tanto?
¿Cuándo?
¿Cuándo te ganó el orgullo y escogiste el llanto?
¿Cuándo?
¿Cuándo volverás a ser lo que no fuiste nunca?

[Puente]
Si se sanó la herida
Borra también la cicatríz
Y si un día nos vemos
Haz el favor de contestar

[Coro]
¿Cuándo?
¿Cuándo fue la última vez que te quisieron tanto?
¿Cuándo?
¿Cuándo te ganó el orgullo y escogiste el llanto?
¿Cuándo volverás a ser lo que no fuiste nunca?","¿Cuándo fue la última vez que viste las estrellas con los ojos cerrados?, y te aferraste como un náufrago a la orilla de la espalda de alguien, ¿Cuándo fue la última vez que se te fue el amor por no dejarlo libre?, ¿Cuándo fue la última vez que te besaron tanto que dijiste mi nombre?, ¿Cuándo te ganó el orgullo y escogiste el llanto por no perdonarme?, ¿Cuándo fue la última vez que un simple déjÇ  vu me llevó hasta tus brazos?, ¿Cuándo?, ¿Cuándo fue la última vez que te quisieron tanto?, ¿Cuándo?, ¿Cuándo te ganó el orgullo y escogiste el llanto?, ¿Cuándo?, ¿Cuándo volverás a ser lo que no fuiste nunca?, ¿Cuándo fue la última vez que te sentiste sola y llegaste a odiarme?, ¿Cuándo llegó a convencerte el maldito despecho que un clavo saca otro?, ¿Cuándo te olvidaste que el caso no es entenderse sino que aceptarse?, ¿Cuándo?, ¿Cuándo fue la última vez que te quisieron tanto?, ¿Cuándo?, ¿Cuándo te ganó el orgullo y escogiste el llanto?, ¿Cuándo?, ¿Cuándo volverás a ser lo que no fuiste nunca?, si se sanó la herida, borra también la cicatríz, y si un día nos vemos, haz el favor de contestar, ¿Cuándo?, ¿Cuándo fue la última vez que te quisieron tanto?, ¿Cuándo?, ¿Cuándo te ganó el orgullo y escogiste el llanto?, ¿Cuándo volverás a ser lo que no fuiste nunca?."
T1_TRAIN_1557,4451399,NM,M,0.8533333333333334,"
[Letra de ""La Mentira""]

[Verso]
Se te olvida
Que me quieres a pesar de lo que dices
Pues llevamos en el alma cicatrices
Imposibles de borrar
Se te olvida
Que hasta puedo hacerte mal si me decido
Pues tu amor lo tengo muy comprometido
Pero a fuerzas no será

[Pre-Coro]
Y hoy resulta
Que no soy de la estatura de tu vida
Y al soñar otros amores, se te olvida
Que hay un pacto entre los dos

[Coro]
Por mi parte
Te devuelvo tu promesa de adorarme
Ni siquiera sientas penas por dejarme
Que ese pacto no es con Dios

[Interludio Instrumental]

[Pre-Coro]
Y hoy resulta
Que no soy de la estatura de tu vida
Y al soñar otros amores, se te olvida
Que hay un pacto entre los dos

[Coro]
Por mi parte
Te devuelvo tu promesa de adorarme
Ni siquiera sientas penas por dejarme
Que ese pacto no es con Dios","Se te olvida, que me quieres a pesar de lo que dices, pues llevamos en el alma cicatrices, imposibles de borrar, se te olvida, que yo puedo hacerte mal si me decido, pues tu amor lo tengo muy comprometido, pero a fuerza no sera, y hoy resulta, que no soy de la estatura de tu vida, y al soñar otros amores, se te olvida, que hay un pacto entre los dos, por mi parte, te devuelvo tu promesa de adorarme, ni siquiera sientas penas por dejarme, que ese pacto, no es con Dios, y hoy resulta, que no soy de la estatura de tu vida, y al soñar otros amores, se te olvida, que hay un pacto entre los dos, por mi parte, te devuelvo tu promesa de adorarme, ni siquiera sientas penas por dejarme, que ese pacto, no es con Dios."
T1_TRAIN_1580,2681660,NM,M,0.924812030075188,"
[Letra de ""Sola""]

[Intro]
Otra noche sola en mi cama
Las 6 de la mañana, y
Tú ni siquiera me llamas (No me llamas)

[Pre-Coro]
Ya yo me cansé, dile a tus amigos que se queden contigo
Dile a esas mujeres que te cuiden la casa
Para ser sincera, no sé qué hago contigo
¿Qué hago contigo?

[Coro]
Mejor me quedo sola, ah-ah
Y me voy pa' la calle, eh-eh
Voy a vivir mi vida loca, ah-ah
Sin nadie que me falle, eh-eh

[Verso 1]
Me voy a dar una rumba
Voy a ver lo que me tiene el mundo
Esta noche salgo sin rumbo
Y de todo me olvidaré
Hasta de tu nombre me olvidaré
Y es que tú no logras entender
Cómo se trata a una mujer
No vengas con tus cuentos que ya yo me los sé
Ya no me estés llamando que de ti me cansé

[Drop]
(Sola)

[Verso 2]
Y yo todo te lo di, solo vivía por ti
Pero abrí los ojos y me di cuenta que nada es lo que parece
Y que tú no me mereces
Aguanta candela, ahora aguanta candela
Tú no tenías tiempo para mí
Ahora no tengo tiempo para ti

[Pre-Coro]
Ya yo me cansé, dile a tus amigos que se queden contigo
Dile a esas mujeres que te cuiden la casa (Vete)
Para ser sincera, no sé qué hago contigo
¿Qué hago contigo?

[Coro]
Mejor me quedo sola, ah-ah (Solita, Solita)
Y me voy pa' la calle, eh-eh
Voy a vivir mi vida loca, ah-ah (Loca)
Sin nadie que me falle, eh

[Drop]
(Sola)
(Sola)

[Verso 3]
Y tus mentiras yo no voy a escuchar, no
Haz tu vida que yo sigo mi camino, oh
Ya me cansé por todo lo que pasé
Te quité la licencia, ya no manejas mi destino, no
Lo siento pero yo no voy a ser tu hobby
De tu juego me retiro como Kobe
Cero sufrimiento, te quiero, no te miento
Pero el amor no quita conocimiento

[Coro]
Mejor me quedo sola, ah-ah
Y me voy pa' la calle, eh-eh
Voy a vivir mi vida loca, ah-ah
Sin nadie que me falle, eh-eh

[Outro]
Sola
Bailando sola
Viviendo sola","Otra noche sola en mi cama, las 6 de la mañana, y, tú ni siquiera me llamas No me llamas. Ya yo me cansé, dile a tus amigos que se queden contigo, dile a esas mujeres que te cuiden la casa, para ser sincera, no sé qué hago contigo, ¿Qué hago contigo?. Mejor me quedo sola, ah-ah, y me voy pa' la calle, eh-eh, voy a vivir mi vida loca, ah-ah, sin nadie que me falle, eh-eh. Me voy a dar una rumba, voy a ver lo que me tiene el mundo, esta noche salgo sin rumbo, y de todo me olvidaré, hasta de tu nombre me olvidaré, y es que tú no logras entender, cómo se trata a una mujer, no vengas con tus cuentos que ya yo me los sé, ya no me estés llamando que de ti me cansé. Sola. Y yo todo te lo di, solo vivía por ti, pero abrí los ojos y me di cuenta que nada es lo que parece, y que tú no me mereces, aguanta candela, ahora aguanta candela, tú no tenías tiempo para mí, ahora no tengo tiempo para ti. Ya yo me cansé, dile a tus amigos que se queden contigo, dile a esas mujeres que te cuiden la casa Vete, para ser sincera, no sé qué hago contigo, ¿Qué hago contigo?. Mejor me quedo sola, ah-ah Solita, Solita, y me voy pa' la calle, eh-eh, voy a vivir mi vida loca, ah-ah Loca, sin nadie que me falle, eh. Sola, sola. Y tus mentiras yo no voy a escuchar, no, haz tu vida que yo sigo mi camino, oh, ya me cansé por todo lo que pasé, te quité la licencia, ya no manejas mi destino, no, lo siento pero yo no voy a ser tu hobby, de tu juego me retiro como Kobe, cero sufrimiento, te quiero, no te miento, pero el amor no quita conocimiento. Mejor me quedo sola, ah-ah, y me voy pa' la calle, eh-eh, voy a vivir mi vida loca, ah-ah, sin nadie que me falle, eh-eh. Sola, bailando sola, viviendo sola."
T1_TRAIN_1591,4290984,M,NM,0.9692307692307692,"
[Letra de ""El Malagradecido""]

[Verso 1]
Desde que amanece hasta que oscurece
Trabaja ese hombre seguido los doce meses
Lo que está a su alcance al hijo le ofrece
El título de ""Padre Responsable"" se merece
Los años van pasando y el hombre se envejece
Y aquel niño pequeño como cualquier hombre crece
Ya tiene 23, Antonio es un hombre
No quiere a su padre porque es un hombre pobre
El padre solo calla, deja que el hijo obre
""No voy a condenarte, Cristo será quien te cobre""
El tiempo va pasando y Antonio está empezando
A exigirle a su padre todo pa' que ande comprando
Él no obedece mando, solo vive fumando
Y miles de problemas a su pai' le está creando
Su padre no lo entiende, no encuentra explicación
Si él le dio a su hijo una buena educación
Sufre del corazón, 'tá baja la presión
Y el sueldo no le alcanza ni pa' comprar la inyección
Antonio en el colegio tiene su graduación
Y quiere de regalo una Ford Expedición

[Coro]
¿Acaso tú eres uno de los desagradecidos?
Respeta a tu padre aunque haya envejecido
La sangre de su cuerpo gracias a él has recibido
Por el padre y la madre en este mundo uno ha nacido
¿Acaso tú eres uno de los desagradecidos?
Respeta a tu padre aunque haya envejecido
La sangre de su cuerpo gracias a él has recibido
Por el padre y la madre en este mundo uno ha nacido

[Verso 2]
El padre pa' estar fuerte toma un litro de suero
Pues sabe que esa trucka realmente vale dinero
A pesar del desprecio su hijo es lo primero
50 mil le cuesta, si es del año y todo en cuero
El padre pa' comprarla está poniendo entero
Hipotecó su casa pa' conseguir el dinero
El grado se ha llegado, Antonio llega al palo
Mirando, como siempre, a su pai' con cara 'e malo
Le dice: ""Solo vine pa' agarrar mi regalo
Así que si lo tiene' rápidamente entrégalo""
El padre a su hijo le entrega una caja
Y Antonio la abre ansioso rápido con su navaja
Había una Biblia adentro de la caja
Al padre se le faja y la Biblia al piso baja
Los años han pasado y a casa nunca ha vuelto
Hasta que le llamaron pa' decir que el padre ha muerto
Él regresó a su casa y vio el regalo envuelto
La Biblia que su padre le había dado aquel momento
Antonio abrió la Biblia, llorando, por supuesto
Parece que el tiempo al hombre lo había compuesto

[Coro]
¿Acaso tú eres uno de los desagradecidos?
Respeta a tu padre aunque haya envejecido
La sangre de su cuerpo gracias a él has recibido
Por el padre y la madre en este mundo uno ha nacido

[Verso 3]
En la primera hoja había un cheque firmado
50 mil billetes en el banco consignados
En la segunda hoja un recibo guardado
Cinco años pa'l seguro del carro él le había pagado
Aunque el cucho en la vida había sido un berraco
No soportó el desprecio y le dio un paro cardíaco
Antonio con el cheque la trucka ya se sacó
Y ayer con una vieja manejando bien bellaco
Agarrando el expreso sufrió tremendo choque
La Ford Expedición se fue directo pa'l yonke
El seguro no cubre porque estaba vencido
Si más de cinco años tenía él desaparecido
Parece que la vida ahora te ha maldecido
Y yo creo que lo tienes eso tú bien merecido
Tu madre no te quiso, por tu padre has crecido
Ahora que está muerto te sentís arrepentido
¿Pero pa' qué carajos? Ya no tiene sentido
Si tu padre a la tumba por tu culpa ya se ha ido

[Coro]
¿Acaso tú eres uno de los desagradecidos?
Respeta a tu padre aunque haya envejecido
La sangre de su cuerpo gracias a él has recibido
Por el padre y la madre en este mundo uno ha nacido
¿Acaso tú eres uno de los desagradecidos?
Respeta a tu padre aunque haya envejecido
La sangre de su cuerpo gracias a él has recibido
Por el padre y la madre en este mundo uno ha nacido","Desde que amanece hasta que oscurece, trabaja ese hombre seguido los doce meses, lo que está a su alcance al hijo le ofrece, el título de Padre Responsable se merece, los años van pasando y el hombre se envejece, y aquel niño pequeño como cualquier hombre crece, ya tiene 23, Antonio es un hombre, no quiere a su padre porque es un hombre pobre, el padre solo calla, deja que el hijo obre, no voy a condenarte, Cristo será quien te cobre, el tiempo va pasando y Antonio está empezando, a exigirle a su padre todo pa' que ande comprando, çl no obedece mando, solo vive fumando, y miles de problemas a su pai' le está creando, su padre no lo entiende, no encuentra explicación, si él le dio a su hijo una buena educación, sufre del corazón, 'tá baja la presión, y el sueldo no le alcanza ni pa' comprar la inyección, antonio en el colegio tiene su graduación, y quiere de regalo una Ford Expedición. ¿Acaso tú eres uno de los desagradecidos?, respeta a tu padre aunque haya envejecido, la sangre de su cuerpo gracias a él has recibido, por el padre y la madre en este mundo uno ha nacido, ¿Acaso tú eres uno de los desagradecidos?, respeta a tu padre aunque haya envejecido, la sangre de su cuerpo gracias a él has recibido, por el padre y la madre en este mundo uno ha nacido. El padre pa' estar fuerte toma un litro de suero, pues sabe que esa trucka realmente vale dinero, a pesar del desprecio su hijo es lo primero, 50 mil le cuesta, si es del año y todo en cuero, el padre pa' comprarla está poniendo entero, hipotecó su casa pa' conseguir el dinero, el grado se ha llegado, Antonio llega al palo, mirando, como siempre, a su pai' con cara 'e malo, le dice: Solo vine pa' agarrar mi regalo, así que si lo tiene' rápidamente entrégalo, el padre a su hijo le entrega una caja, y Antonio la abre ansioso rápido con su navaja, había una Biblia adentro de la caja, al padre se le faja y la Biblia al piso baja, los años han pasado y a casa nunca ha vuelto, hasta que le llamaron pa' decir que el padre ha muerto, çl regresó a su casa y vio el regalo envuelto, la Biblia que su padre le había dado aquel momento, antonio abrió la Biblia, llorando, por supuesto, parece que el tiempo al hombre lo había compuesto. ¿Acaso tú eres uno de los desagradecidos?, respeta a tu padre aunque haya envejecido, la sangre de su cuerpo gracias a él has recibido, por el padre y la madre en este mundo uno ha nacido. En la primera hoja había un cheque firmado, 50 mil billetes en el banco consignados, en la segunda hoja un recibo guardado, cinco años pa'l seguro del carro él le había pagado, aunque el cucho en la vida había sido un berraco, no soportó el desprecio y le dio un paro cardíaco, antonio con el cheque la trucka ya se sacó, y ayer con una vieja manejando bien bellaco, agarrando el expreso sufrió tremendo choque, la Ford Expedición se fue directo pa'l yonke, el seguro no cubre porque estaba vencido, si más de cinco años tenía él desaparecido, parece que la vida ahora te ha maldecido, y yo creo que lo tienes eso tú bien merecido, tu madre no te quiso, por tu padre has crecido, ahora que está muerto te sentís arrepentido, ¿Pero pa' qué carajos? Ya no tiene sentido, si tu padre a la tumba por tu culpa ya se ha ido. ¿Acaso tú eres uno de los desagradecidos?, respeta a tu padre aunque haya envejecido, la sangre de su cuerpo gracias a él has recibido, por el padre y la madre en este mundo uno ha nacido, ¿Acaso tú eres uno de los desagradecidos?, respeta a tu padre aunque haya envejecido, la sangre de su cuerpo gracias a él has recibido, por el padre y la madre en este mundo uno ha nacido."
T1_TRAIN_1610,1048359,NM,M,0.9375,"
[Letra de ""Auto Rojo""]

[Verso 1]
Te busqué en mi auto rojo a las 6
Llevaba un frac muy nuevo
Que en verdad no me quedaba muy bien
Te llevé por la ruta que va a al sur
""Nene, ¿no vas rápido?"" Dijiste mirándome extrañada
Uh-oh uh-ooh, uh-oh uh-ooh, uh-oh uh-oooh

[Pre-Coro]
Te confesé que quiero
Meterte en mi cama
Viéndote sonreír de placer
Te prometí que sólo tocaría tus pies
Si empañamos los vidrios está bien

[Coro]
Ahora hace calor, la música suena bastante bien
Te juré por mi amor que atrás la vamos a pasar mejor
Ahora hace calor, la música suena bastante bien
Te juré por mi amor que atrás la vamos a pasar mejor

[Verso 2]
Soñaba ver tu pecho tatuado
Debajo de tu collar que en verdad tengo ganas de arrancar
Te toqué por la línea que va al sur
""¿Puede ser más rápido?"" Te dije mirándote exaltado
Uh-oh uh-ooh, uh-oh uh-ooh, uh-oh uh-oooh

[Pre-Coro]
Te confesé que quiero
Meterte en mi cama
Viéndote sonreír de placer
Te prometí que sólo tocaría tus pies
Si empañamos los vidrios está bien

[Coro]
Ahora hace calor, la música suena bastante bien
Te juré por mi amor que atrás la vamos a pasar mejor
Ahora hace calor, la música suena bastante bien
Te juré por mi amor que atrás la vamos a pasar mejor

[Verso 3]
Amor, si estás con ganas de más
¿Por qué no te desvistes en la parte de atrás?
Si te da igual, desgarra mi frac
Esta noche es muy simple, dices que no y ya está
No puedo parar, ya no aguanto más
Me siento imparable con tu parte de atrás
Si te da igual date la vuelta

[Pre-Coro]
Te confesé que quiero
Meterte en mi cama
Viéndote sonreír de placer
Te prometí que sólo tocaría tus pies
Si empañamos los vidrios está bien

[Coro]
Ahora hace calor, la música suena bastante bien
Te juré por mi amor que atrás la vamos a pasar mejor
Ahora hace calor, la música suena bastante bien
Te juré por mi amor que atrás la vamos a pasar mejor
Ahora hace calor, la música suena bastante bien
Te juré por mi amor que atrás la vamos a pasar mejor
Ahora hace calor, la música suena bastante bien
Te juré por mi amor que atrás la vamos a pasar mejor","Te busqué en mi auto rojo a las 6, llevaba un frac muy nuevo, que en verdad no me quedaba muy bien, te llevé por la ruta que va a al sur, nene, ¿no vas rápido? Dijiste mirándome extrañada, uh-oh uh-ooh, uh-oh uh-ooh, uh-oh uh-oooh, te confesé que quiero, meterte en mi cama, viéndote sonreír de placer, te prometí que sólo tocaría tus pies, si empañamos los vidrios está bien, ahora hace calor, la música suena bastante bien, te juré por mi amor que atrás la vamos a pasar mejor, ahora hace calor, la música suena bastante bien, te juré por mi amor que atrás la vamos a pasar mejor, soñaba ver tu pecho tatuado, debajo de tu collar que en verdad tengo ganas de arrancar, te toqué por la línea que va al sur, ¿Puede ser más rápido? Te dije mirándote exaltado, uh-oh uh-ooh, uh-oh uh-ooh, uh-oh uh-oooh, te confesé que quiero, meterte en mi cama, viéndote sonreír de placer, te prometí que sólo tocaría tus pies, si empañamos los vidrios está bien, ahora hace calor, la música suena bastante bien, te juré por mi amor que atrás la vamos a pasar mejor, ahora hace calor, la música suena bastante bien, te juré por mi amor que atrás la vamos a pasar mejor, amor, si estás con ganas de más, ¿Por qué no te desvistes en la parte de atrás?, si te da igual, desgarra mi frac, esta noche es muy simple, dices que no y ya está, no puedo parar, ya no aguanto más, me siento imparable con tu parte de atrás, si te da igual date la vuelta, te confesé que quiero, meterte en mi cama, viéndote sonreír de placer, te prometí que sólo tocaría tus pies, si empañamos los vidrios está bien, ahora hace calor, la música suena bastante bien, te juré por mi amor que atrás la vamos a pasar mejor, ahora hace calor, la música suena bastante bien, te juré por mi amor que atrás la vamos a pasar mejor, ahora hace calor, la música suena bastante bien, te juré por mi amor que atrás la vamos a pasar mejor, ahora hace calor, la música suena bastante bien, te juré por mi amor que atrás la vamos a pasar mejor."
T1_TRAIN_1624,1072101,NM,M,0.9871794871794872,"o
Tantas penas que yo traigo aqui en el alma
Son la causa de que viva en las cantinas
Procurando con las copas consolarme
De traiciones que no he podio arrancarme
Tantas veces entregue sin condiciones
El amor a una mujer por que me amara
Pero todas, toditas se burlaron del amor
Que con pasion les entregaba

Es por eso que yo vivo en las cantinas
Entre copas y botellas de tequila
Voy cargando con mi cruz y con mi llanto
Y aguantando cada golpe de la vida
Que me importa que la gente me critique
Cuando grito ya borracho y desvario
Que se vayan las mujeres mucho al diablo
Y al momento les reclamo y las bendigo

Es por eso que yo vivo en las cantinas
Entre copas y botellas de tequila
Voy cargando con mi cruz y con mi llanto
Y aguantando cada golpe de la vida
Que me importa que la gente me critique
Cuando grito ya borracho y desvario
Que se vayan las mujeres mucho al diablo
Y al momento les reclamo y las bendigo","Tantas penas que yo traigo aqui en el alma, son la causa de que viva en las cantinas, procurando con las copas consolarme, de traiciones que no he podio arrancarme, tantas veces entregue sin condiciones, el amor a una mujer por que me amara, pero todas, toditas se burlaron del amor, que con pasion les entregaba, es por eso que yo vivo en las cantinas, entre copas y botellas de tequila, voy cargando con mi cruz y con mi llanto, y aguantando cada golpe de la vida, que me importa que la gente me critique, cuando grito ya borracho y desvario, que se vayan las mujeres mucho al diablo, y al momento les reclamo y las bendigo, es por eso que yo vivo en las cantinas, entre copas y botellas de tequila, voy cargando con mi cruz y con mi llanto, y aguantando cada golpe de la vida, que me importa que la gente me critique, cuando grito ya borracho y desvario, que se vayan las mujeres mucho al diablo, y al momento les reclamo y las bendigo."
T1_TRAIN_1625,6644923,NM,M,0.8709677419354839," entre polvos picapica
[Letra de ""Devuélveme a Mi Chica""]

[Verso 1]
Estoy llorando en mi habitación
Todo se nubla a mi alrededor
Ella se fue con un niño pijo
Tiene un Ford Fiesta blanco
Y un jersey amarillo
Por el parque les veo pasar
Cuando se besan lo paso fatal
Voy a vengarme de ese marica
Voy a llenarle el cuello de polvos picapica

[Coro]
Sufre, mamón, devuélveme a mi chica
O te retorcerás entre polvos picapica
Sufre, mamón, devuélveme a mi chica
O te retorcerás entre polvos picapica

[Verso 2]
Le he quemado su jersey
Se ha comprado cinco o seis
Voy a destrozarle el coche
Lo tengo preparado, voy a ir esta noche
No te reirás nunca más de mí
Lo siento, nene, vas a morir
Tú me quitaste lo que más quería
Y volverá conmigo, volverá algún día

[Coro]
Sufre, mamón, devuélveme a mi chica
O te retorcerás entre polvos picapica
Sufre, mamón, devuélveme a mi chica
O te retorcerás entre polvos picapica
Sufre, mamón, devuélveme a mi chica
O te retorcerás entre polvos picapica
Sufre, mamón, devuélveme a mi chica
O te retorcerás entre polvos picapica","Estoy llorando en mi habitación, todo se nubla a mi alrededor, ella se fue con un niño pijo, tiene un Ford Fiesta blanco, y un jersey amarillo, por el parque les veo pasar, cuando se besan lo paso fatal, voy a vengarme de ese marica, voy a llenarle el cuello de polvos picapica, sufre, mamón, devuélveme a mi chica, o te retorcerás entre polvos picapica, sufre, mamón, devuélveme a mi chica, o te retorcerás entre polvos picapica, le he quemado su jersey, y se ha comprado cinco o seis, ah, voy a destrozarle el coche, lo tengo preparado, voy esta noche, no te reirás nunca más de mí, lo siento nene, vas a morir, tú me quitaste lo más mas quería, y volverá conmigo, volverá algún día, sufre, mamón, yeah, devuélveme a mi chica, o te retorcerás entre polvos picapica, sufre, mamón, devuélveme a mi chica, o te retorcerás entre polvos picapica, sufre, mamón, sufre, mamón, sufre mamón, devuélveme a mi chica, o te retorcerás entre polvos picapica, sufre mamón, devuélveme a mi chica, o te retorcerás entre polvos picapica, ¿Están cansados?, ąNo!."
T1_TRAIN_1655,1231991,NM,M,0.9894179894179894,"Comenzamos trabajando
Comenzamos controlando
Te levante de las calles
Para trabajar en mis valles
Donde quiera te llevava
Con cualquiera te confiaba
(mira este es mi compa el gordo
Ahora ustedes se encargande todo)
Aprendiste del negocio
Fuiste mi mejor socio
Y así es como me pagas cabron
Caras vemos
En reslidad no sabemos
El dinero cambia todo
Y tú, no eres la excepcion
Mas conmigo te chingas
Ahí viene tu leccion
Para un cabron
Otro mas perron
Si mato un lambiscon
Tendré
100 años de perdón
Las reglas son facil
1 lealtad
2 no amistad
3 no jueges
Con mi propiedad
Mi negocio es primero
Nadie me retira
Primero me muero

X2

Te mereces lo que tienes
Te mereces lo que viene

Otro día
Otro peso
Y yo me tropiezo
Con el hombre en el espejo
Poniendose viejo
Can nadapa enseñar su existencia
Da un paso para atrás y piensa
Me hiciste menos
Por esta última vez
Yo soy un tuburón
Y tu un pez
En este océano de traición
Por su pación
Todos tus días están numerados miserable cabrón
Cuando había oposición
Quien te levantó
Yo
Cuando un asesino casi te mató
Quien te rescató
YO
Hoy tu hijo
Tiene, un carro
Del año
Y los mios atrapados
En un escusado
Esto se va a combertir en el pasado
Verás que tu poder
Va a cambiar de manos
(-bueno
-tengo tu paquete
Recogelo a las 7)

X2

Te mereces lo que tienes
Te mereces lo que viene

(-que huevos el hijo de la chingada
-bueno
-Gordo
-que onda jefe
-sabes que nesecito hablar contigo ese
-ahorita estoy bien ocupado
-cabron nesecito hablar contgo en 15 minutos
Te espero en la taqueria de los comales
Ya sabes donde en 15 minutos;
Perfecto
Escucha Chivo ahí viene
-que onda jefe, porque tanta prisa
-que hijo de tu pinche madre, orale Chivo
Ayudame a amarrarlo; subelo a la cajuela)

X2

Te mereces lo que tienes
Te mereces lo que viene

X6

Te te te te te lo mereces","Comenzamos trabajando, comenzamos controlando, te levante de las calles, para trabajar en mis valles, donde quiera te llevava, con cualquiera te confiaba, mira este es mi compa el gordo, ahora ustedes se encargande todo, aprendiste del negocio, fuiste mi mejor socio, y así es como me pagas cabron, caras vemos, en reslidad no sabemos, el dinero cambia todo, y tú, no eres la excepcion, mas conmigo te chingas, ahí viene tu leccion, para un cabron, otro mas perron, si mato un lambiscon, tendré, 100 años de perdón, las reglas son facil, 1 lealtad, 2 no amistad, 3 no jueges, con mi propiedad, mi negocio es primero, nadie me retira, primero me muero, te mereces lo que tienes, te mereces lo que viene, otro día, otro peso, y yo me tropiezo, con el hombre en el espejo, poniendose viejo, can nadapa enseñar su existencia, da un paso para atrás y piensa, me hiciste menos, por esta última vez, yo soy un tuburón, y tu un pez, en este océano de traición, por su pación, todos tus días están numerados miserable cabrón, cuando había oposición, quien te levantó, cuando un asesino casi te mató, quien te rescató, hoy tu hijo, tiene, un carro, del año, y los mios atrapados, en un escusado, esto se va a combertir en el pasado, verás que tu poder, va a cambiar de manos, -bueno, tengo tu paquete, recogelo a las 7, te mereces lo que tienes, te mereces lo que viene, -que huevos el hijo de la chingada, bueno, gordo, que onda jefe, sabes que nesecito hablar contigo ese, ahorita estoy bien ocupado, cabron nesecito hablar contgo en 15 minutos, te espero en la taqueria de los comales, ya sabes donde en 15 minutos;, perfecto, escucha Chivo ahí viene, que onda jefe, porque tanta prisa, que hijo de tu pinche madre, orale Chivo, ayudame a amarrarlo; subelo a la cajuela, te mereces lo que tienes, te mereces lo que viene, te te te te te lo mereces."
T1_TRAIN_1669,3037102,M,NM,0.9456066945606695,"et me fly
Let me fly
[Letra de ""Déjame Volar"" ft. Simpson Ahuevo]

[Intro: Lobo De Wallstreet]
La segunda clave para el éxito en este negocio es este bebé y se llama cocaína, claro, mantendrá tu cerebro alerta, también volverá tus dedos más rápidos, y adivina qué, eso es bueno para mi, sí, señor

[Verso 1: Alemán]
Okay, ya ando bien locote pero no me preocupo
Aquí traigo perico, que amargo me supo
Y me baja por la garganta, ya desperté, pónchate de esa planta
Quiero fumar, quiero beber porque mi cuerpo no aguanta
Este pinche dolor que me cargo, a la verga, no quiero recordarlo
Por eso quiero desaparecer, fumar, fumar y beber y beber
Toda la noche, homs, veo que se rolan los blunts
El DJ me tira unas rayas pero ya me acabo de dar un jalón
Mejor pásame el pinche bong que siento que la otra ni puso
Cuando vayas pa' San Locos te voy a dar de la que yo uso
De allá hasta Cuernavaca ya saben quién es el chaca
Conocido por Oaxaca, pregúntale a tu chamaca
Lo juro, motherfucker, esto no es por tirar caca
Pero suelo el ser muy sincero, más cuando ando traca
No lloriquees, no hagas placa, si traes buena mota pues saca
Qué buen trip en Nayarit, cómo olvidar Apotaca
A gusto fumando en la hamaca, pura perra fina, no nacas
Puro respeto y amor de mi ghetto, nada de gente lacra

[Coro: Alemán & Simpson Ahuevo]
Simón, soy un locote, así me gusta andar
Disfruto de la vida con caguamas y mi rap
Soy un joven tumbado, sólo déjame volar
Soy un joven tumbado, sólo déjame volar
Simón, soy un locote, así me gusta andar
Disfruto de la vida con caguamas y mi rap
Soy un joven tumbado, sólo déjame volar
Soy un joven tumbado, sólo déjame volar

[Pos-Coro: Alemán & Simpson Ahuevo]
Let me fly
Let me fly
Let me fly

[Verso 2: Simpson Ahuevo]
Y es que cuando la veo sé que es para mí, para mí
Sé que le gusta mi estilo, no traigo Armani, Armani
Música de fondo escuchando a los Bone-Thugs-n-Harmony
Sonando en estéreos ajenos, es fin de semana, ¿qué no?
Prrrstica, prrrstica, prrrstic, tac
Ando bien concha, ¿quién se poncha para andar igual?
Bien sunguirungui, no hay pedo que aquí somos chavos
Hace rato que los tenis no lavo, cremoso el beat con Alemán
La pura C.R.E.A.M. como Wu Tang
Rapeando en Vans, diez mil fans
No tengo plan para el table dance
Aquí me quedo para hacer dinero
Escribir un putero por amor al ghetto
La mente fría, lo demás de fuego
Hasta la vista, hablamos luego
Let me fly!

[Coro: Alemán & Simpson Ahuevo]
Simón, soy un locote, así me gusta andar
Disfruto de la vida con caguamas y mi rap
Soy un joven tumbado, sólo déjame volar
Soy un joven tumbado, sólo déjame volar
Simón, soy un locote, así me gusta andar
Disfruto de la vida con caguamas y mi rap
Soy un joven tumbado, sólo déjame volar
Soy un joven tumbado, sólo déjame volar

[Pos-Coro: Alemán & Simpson Ahuevo]
Let me fly
Let me fly
Let me fly","Let me fly, let me fly. La segunda clave para el éxito en este negocio es este bebé y se llama cocaína, claro, mantendrá tu cerebro alerta, también volverá tus dedos más rápidos, y adivina qué, eso es bueno para mi, sí, señor. Okay, ya ando bien locote pero no me preocupo, aquí traigo perico, que amargo me supo, y me baja por la garganta, ya desperté, pónchate de esa planta, quiero fumar, quiero beber porque mi cuerpo no aguanta, este pinche dolor que me cargo, a la verga, no quiero recordarlo, por eso quiero desaparecer, fumar, fumar y beber y beber, toda la noche, homs, veo que se rolan los blunts, el DJ me tira unas rayas pero ya me acabo de dar un jalón, mejor pásame el pinche bong que siento que la otra ni puso, cuando vayas pa' San Locos te voy a dar de la que yo uso, de allá hasta Cuernavaca ya saben quién es el chaca, conocido por Oaxaca, pregúntale a tu chamaca, lo juro, motherfucker, esto no es por tirar caca, pero suelo el ser muy sincero, más cuando ando traca, no lloriquees, no hagas placa, si traes buena mota pues saca, qué buen trip en Nayarit, cómo olvidar Apotaca, a gusto fumando en la hamaca, pura perra fina, no nacas, puro respeto y amor de mi ghetto, nada de gente lacra. Simón, soy un locote, así me gusta andar, disfruto de la vida con caguamas y mi rap, soy un joven tumbado, sólo déjame volar, soy un joven tumbado, sólo déjame volar, simón, soy un locote, así me gusta andar, disfruto de la vida con caguamas y mi rap, soy un joven tumbado, sólo déjame volar, soy un joven tumbado, sólo déjame volar. Let me fly, let me fly, let me fly. Y es que cuando la veo sé que es para mí, para mí, sé que le gusta mi estilo, no traigo Armani, Armani, música de fondo escuchando a los Bone-Thugs-n-Harmony, sonando en estéreos ajenos, es fin de semana, ¿qué no?, prrrstica, prrrstica, prrrstic, tac, ando bien concha, ¿quién se poncha para andar igual?, bien sunguirungui, no hay pedo que aquí somos chavos, hace rato que los tenis no lavo, cremoso el beat con Alemán, la pura C.R.E.A.M. como Wu Tang, rapeando en Vans, diez mil fans, no tengo plan para el table dance, aquí me quedo para hacer dinero, escribir un putero por amor al ghetto, la mente fría, lo demás de fuego, hasta la vista, hablamos luego, let me fly!. Simón, soy un locote, así me gusta andar, disfruto de la vida con caguamas y mi rap, soy un joven tumbado, sólo déjame volar, soy un joven tumbado, sólo déjame volar, simón, soy un locote, así me gusta andar, disfruto de la vida con caguamas y mi rap, soy un joven tumbado, sólo déjame volar, soy un joven tumbado, sólo déjame volar. Let me fly, let me fly, let me fly."
T1_TRAIN_1676,3103548,NM,M,0.9016393442622951,"o Kingz, ¡Mambo Kingz!
[Letra de ""Tu No Metes Cabra""]

[Intro: Héctor ""El Father"" & Bad Bunny]
Cuando ustede' me ven, yo sé que tiemblan
Yo estoy ready twenty four hours
El Father, pídanme la bendición
Yeh, yeh, yeh, yeh
[Coro: Héctor ""El Father"" & Bad Bunny]
Tú no metes cabra, saramambiche (Yeh)
Tú no metes cabra, saramambiche (¡Wouh!)
Tú no metes cabra, saramambiche (No!)
Tú no metes cabra, saramambiche (¡Rrr!)
Tú no metes cabra, saramambiche (Yeh)
Tú no metes cabra, saramambiche (¡Plo-plo!)
Tú no metes cabra, saramambiche (Chiqui)
Y si te me esbocas, nos vamos al switche (¡Plo!)

[Verso 1: Bad Bunny]
Yeh, estoy subiendo como espuma
Prendiéndole en la cara al que no fuma
Ando con Adidas, veloces como un puma
El Undertaker saliendo de la bruma
Y se apagan las luce', prende el wax para que me muse
Tú no metes cabra, tú no luces
No es el Mercedes, es quien lo conduce
Y dime qué son Retro sin un Jordan que las use, yeh
Evita el delay
Aquí si no te ponchamos, te damos doble play (¡Wouh!)
No existe replay
Son Miami sin Lebron y Wade (¡Prr!)
Nos vamos a switcher, aunque me fichen (Yeh)
Me tiran, pero soy un pitcher (Pitcher)
Tu jeva loca que me la chiche (¡Wouh!)
Yo matando y tú mirando en los bleacher, yeh

[Coro: Héctor ""El Father"" & Bad Bunny]
Tú no metes cabra, saramambiche
Tú no metes cabra, saramambiche
Tú no metes cabra, saramambiche
Tú no metes cabra, saramambiche (Jajaja)
Tú no metes cabra, saramambiche (No)
Tú no metes cabra, saramambiche (Hmm, ¡no!)
Tú no metes cabra, saramambiche (Yeh)
Y si te me esbocas, nos vamos al switche

[Verso 2: Bad Bunny]
Yo controlo la calle sin ser bichote
Un melón y pico 'entro el pote (Chiqui)
Yo tengo el pique flow chipotle (¡Wouh!)
Shaquille O'Neal debajo 'el aro, nadie me quita un rebote
La nueva religión, yo soy la nueva era (Do it)
El responsable de que ustede' se cayeran (Yeh)
Apartamento frente al mar, lo tengo de pecera (¡Wouh!)
Y el sour diesel directo de la nevera
Se bebe y se chinga como en prom (Prom)
Yo soy un hijueputa.com
En el VIP soy Donald Trump (Yeh)
Yo tengo to' Gucci, hasta las foap, yeh (Huh-huh)

[Coro: Héctor ""El Father"" & Bad Bunny]
Tú no metes cabra, saramambiche
Tú no metes cabra, saramambiche
Tú no metes cabra, saramambiche
Tú no metes cabra, saramambiche (¡Wouh!)
Tú no metes cabra, saramambiche (¡No!)
Tú no metes cabra, saramambiche
Tú no metes cabra, saramambiche
Y si te me esbocas, nos vamos al switche

[Outro: Héctor ""El Father"" & Bad Bunny]
(Yo no escucho lo que ustedes están diciendo allá abajo)
Yeh, yeh, yeh, yeh
Bad Bunny, baby, bebé, bebé
Trap Kingz, baby
(El jefe)
Hear This Music
(El jefe)
Jajajaja
Díselo, Luian
Mambo Kingz, ¡Mambo Kingz!","o Kingz, ĄMambo Kingz!. Cuando ustede' me ven, yo sé que tiemblan, yo estoy ready twenty four hours, el Father, pídanme la bendición, yeh, yeh, yeh, yeh. Tú no metes cabra, saramambiche Yeh, tú no metes cabra, saramambiche ĄWouh!, tú no metes cabra, saramambiche No!, tú no metes cabra, saramambiche ĄRrr!, tú no metes cabra, saramambiche Yeh, tú no metes cabra, saramambiche ĄPlo-plo!, tú no metes cabra, saramambiche Chiqui, y si te me esbocas, nos vamos al switche ĄPlo!. Yeh, estoy subiendo como espuma, prendiéndole en la cara al que no fuma, ando con Adidas, veloces como un puma, el Undertaker saliendo de la bruma, y se apagan las luce', prende el wax para que me muse, tú no metes cabra, tú no luces, no es el Mercedes, es quien lo conduce, y dime qué son Retro sin un Jordan que las use, yeh, evita el delay, aquí si no te ponchamos, te damos doble play ĄWouh!, no existe replay, son Miami sin Lebron y Wade ĄPrr!, nos vamos a switcher, aunque me fichen Yeh, me tiran, pero soy un pitcher Pitcher, tu jeva loca que me la chiche ĄWouh!, yo matando y tú mirando en los bleacher, yeh. Tú no metes cabra, saramambiche, tú no metes cabra, saramambiche, tú no metes cabra, saramambiche, tú no metes cabra, saramambiche jajaja, tú no metes cabra, saramambiche No, tú no metes cabra, saramambiche Hmm, Ąno!, tú no metes cabra, saramambiche Yeh, y si te me esbocas, nos vamos al switche. Yo controlo la calle sin ser bichote, un melón y pico 'entro el pote Chiqui, yo tengo el pique flow chipotle ĄWouh!, shaquille O'Neal debajo 'el aro, nadie me quita un rebote, la nueva religión, yo soy la nueva era Do it, el responsable de que ustede' se cayeran Yeh, apartamento frente al mar, lo tengo de pecera ĄWouh!, y el sour diesel directo de la nevera, se bebe y se chinga como en prom Prom, yo soy un hijueputa.com, en el VIP soy Donald Trump Yeh, yo tengo to' Gucci, hasta las foap, yeh Huh-huh. Tú no metes cabra, saramambiche, tú no metes cabra, saramambiche, tú no metes cabra, saramambiche, tú no metes cabra, saramambiche ĄWouh!, tú no metes cabra, saramambiche ĄNo!, tú no metes cabra, saramambiche, tú no metes cabra, saramambiche, y si te me esbocas, nos vamos al switche. Yo no escucho lo que ustedes están diciendo allá abajo, yeh, yeh, yeh, yeh, bad Bunny, baby, bebé, bebé, trap Kingz, baby, el jefe, hear This Music, el jefe, jajaja, díselo, Luian, mambo Kingz, ĄMambo Kingz!."
T1_TRAIN_1684,9337370,NM,M,0.935251798561151,"
[Letra de ""Gorra L.A.""]

[Verso 1]
Mi gorra de LA pa' andar bien al cien
Si es pa' ponernos bien
A tres Barbies ya me junté, y la noche empieza con Moët
Y de la BackPack yo ya me forjé pa' volar otra vez
De morro en la calle me crie
Metí huevos, simón, pa' crecer
Bélicos, si ven llegan cada mes, son pacas de azules
Y ahorita de este lado no hay quien nos baje el barco pa' hacer verdes
Y llegan bien vergas las camionetas
De motita una libreta
Sin bajar vuelo, carnal, prenda un blunt
Checa con La Mafia y ahí conecta
De la clica hace la fleta
Pa' rifar tiros o cualquier misión

[Interludio Instrumental]

[Verso 2]
Vicio por ganar, sin miedo a fallar, con ganas e intentar
Así es como se va a alcanzar
Si es con huevos sí vas a llegar
Varios han de hablar y ahí nomás quedan con la boca abierta
Porque ando chido y mi carnal la respaldó, y pa'l pedo cae
Trucha y bélicas van las capuchas, de ladito la cachucha
Allá de lejos se ve el humazón
Y guacha, una morena y la gabacha
Que de esa ni una me empacha
Con que me quiera me la llevo en calor

[Outro Instrumental]","Mi gorra de LA pa' andar bien al cien, si es pa' ponernos bien, a tres Barbies ya me junté, y la noche empieza con MoÇŤt, y de la BackPack yo ya me forjé pa' volar otra vez, de morro en la calle me crie, metí huevos, simón, pa' crecer, bélicos, si ven llegan cada mes, son pacas de azules, y ahorita de este lado no hay quien nos baje el barco pa' hacer verdes, y llegan bien vergas las camionetas, de motita una libreta, sin bajar vuelo, carnal, prenda un blunt, checa con La Mafia y ahí conecta, de la clica hace la fleta, pa' rifar tiros o cualquier misión. Vicio por ganar, sin miedo a fallar, con ganas e intentar, así es como se va a alcanzar, si es con huevos sí vas a llegar, varios han de hablar y ahí nomás quedan con la boca abierta, porque ando chido y mi carnal la respaldó, y pa'l pedo cae, trucha y bélicas van las capuchas, de ladito la cachucha, allá de lejos se ve el humazón, y guacha, una morena y la gabacha, que de esa ni una me empacha, con que me quiera me la llevo en calor."
T1_TRAIN_1697,1944080,M,NM,0.98989898989899,"r
Ando volando bajo
Mi amor esta por lo suelos
Y t tan alto, tan alto
Mirando mis desconsuelos
Sabiendo que soy un hombre
Que est muy lejos del cielo
Ando volando bajo
Noms porque no me quieres
Y estoy clavado contigo
Teniendo tantos placeres
Me gusta sentir tus pasos
Habiendo tantas mujeres
T y las nubes me traen muy loco
T y las nubes me van a matar
Yo pa arriba volteo muy poco
Tu paabajo no sabes mirar
Yo no naci  papobre
Me gusta todo lo bueno
Y t tendrs que quererme
O en la batalla me muero
Pero esa boquita tuya
Me habr de decir te quiero
Arbol de la esperanza
Que vives slo en el campo
Tu dices si no la olvido
O dime si no la aguanto
Que al fin y al cabo mis ojos
Se van a llenar de llanto
T y las nubes me traen muy loco
T y las nubes me van a matar
Yo pa arriba volteo muy poco
Tu paabajo no sabes mirar","Ando volando bajo, mi amor esta por lo suelos, y t tan alto, tan alto, mirando mis desconsuelos, sabiendo que soy un hombre, que est muy lejos del cielo, ando volando bajo, noms porque no me quieres, y estoy clavado contigo, teniendo tantos placeres, me gusta sentir tus pasos, habiendo tantas mujeres, t y las nubes me traen muy loco, t y las nubes me van a matar, yo pa arriba volteo muy poco, tu paabajo no sabes mirar, yo no naci  papobre, me gusta todo lo bueno, y t tendrs que quererme, o en la batalla me muero, pero esa boquita tuya, me habr de decir te quiero, arbol de la esperanza, que vives slo en el campo, tu dices si no la olvido, o dime si no la aguanto, que al fin y al cabo mis ojos, se van a llenar de llanto, t y las nubes me traen muy loco, t y las nubes me van a matar, yo pa arriba volteo muy poco, tu paabajo no sabes mirar."
T1_TRAIN_1698,862321,M,NM,1.0,"
Subele a la gribol sirveme un Black Label
Pa vajar el pase por que ya me ando torciendo
Subele a la gribol sirveme un Black Label
Pa vajar el pase ya de lado ando mordiendo

Babo
De una vez que sea etiqueta negra pues prefiero el escoses
Como los grandes capos se lo toma el del cartel
Doble y en las rocas sin agua ni koka
Con solo tres hielos pa que me raspe en la boka
Compa saquese atra bolsa pa dormirnos en tabique
No importa aunque se aplique
La noche es muy larga sin pericos que platiquen
Ya llevo tres dias sin dormir
Yo quiero amanecerla aunque me sangre la nariz
Ya lo decici no ve que ando dolido
No pregunte el motivo por que luego no lo olvido
Sirvase otro wisky pongase a tomar conmigo
Que en la peda y la loquera se conocen los amigos
Y tu subele a la greibol que me gusta ese corrido

Subele a la gribol sirveme un Black Label
Pa vajar el pase por que ya me ando torciendo
Subele a la gribol sirveme un Black Label
Pa vajar el pase ya de lado ando mordiendo

Dharius
Hay le va una bolsa de lavada nomas para mi carnal
Avientese unas rayas y otro trago pa olvidar
Y ya no se me awite ahorita usted disfrute
Ya sabe que el motivo aqui nadie se lo discute
Compa si usted quiere seguirla la seguimos
Aqui la manecemos con puro wisky del chido
Meneado no ajitado como tomaba sinatra
Si ocupa decirme algo cuentemelo con confiansa
Que al cabo para eso estamos (cabron)
Pa alivianar todas las penas que se carga el corazon
Brindemos por lo que tenemos y nada mas
Vamos a darle fuego al leño para fumar
Que en la peda y la loquera se conocen los amigos
Y en la peda y la loquera fue donde nos conocimos

Subele a la gribol sirveme un Black Label
Pa vajar el pase por que ya me ando torciendo
Subele a la gribol sirveme un Black Label
Pa vajar el pase ya de lado ando mordiendo

Babo
Malo fuera que fueran penas lo que me corre en las venas
Pero me alegra decirle que esta ves no es el problema
Brindo por las hembras por el vino y los amigos
Brindo por los que me apoyan y por los que ya se an ido
Brindo por la vida brindo por mi gente
Brindo por la suerte que me dio mi santa muerte
Y de tanto que brindo el wisky ya se termino
Ora traiganme un tequila que el dolor se meolvido
Mi relog dice que ya son las 5
Pues que no falte el perico que ya nos amanecio
Y tu subele a la greibol que me gusta esa cancion

Subel a la greibol sirve un jose cuervo
Que aunque se acabe el wisky nos seguimos divirtiendo
Subele a la greibol sirve un jose cuervo
Que quiero empedarme como se empeda mi pueblo
Subele a la greibol...(5)","Subele a la gribol sirveme un Black Label, pa vajar el pase por que ya me ando torciendo, subele a la gribol sirveme un Black Label, pa vajar el pase ya de lado ando mordiendo, babo, de una vez que sea etiqueta negra pues prefiero el escoses, como los grandes capos se lo toma el del cartel, doble y en las rocas sin agua ni koka, con solo tres hielos pa que me raspe en la boka, compa saquese atra bolsa pa dormirnos en tabique, no importa aunque se aplique, la noche es muy larga sin pericos que platiquen, ya llevo tres dias sin dormir, yo quiero amanecerla aunque me sangre la nariz, ya lo decici no ve que ando dolido, no pregunte el motivo por que luego no lo olvido, sirvase otro wisky pongase a tomar conmigo, que en la peda y la loquera se conocen los amigos, y tu subele a la greibol que me gusta ese corrido, subele a la gribol sirveme un Black Label, pa vajar el pase por que ya me ando torciendo, subele a la gribol sirveme un Black Label, pa vajar el pase ya de lado ando mordiendo, dharius, hay le va una bolsa de lavada nomas para mi carnal, avientese unas rayas y otro trago pa olvidar, y ya no se me awite ahorita usted disfrute, ya sabe que el motivo aqui nadie se lo discute, compa si usted quiere seguirla la seguimos, aqui la manecemos con puro wisky del chido, meneado no ajitado como tomaba sinatra, si ocupa decirme algo cuentemelo con confiansa, que al cabo para eso estamos cabron, pa alivianar todas las penas que se carga el corazon, brindemos por lo que tenemos y nada mas, vamos a darle fuego al leño para fumar, que en la peda y la loquera se conocen los amigos, y en la peda y la loquera fue donde nos conocimos, subele a la gribol sirveme un Black Label, pa vajar el pase por que ya me ando torciendo, subele a la gribol sirveme un Black Label, pa vajar el pase ya de lado ando mordiendo, babo, malo fuera que fueran penas lo que me corre en las venas, pero me alegra decirle que esta ves no es el problema, brindo por las hembras por el vino y los amigos, brindo por los que me apoyan y por los que ya se an ido, brindo por la vida brindo por mi gente, brindo por la suerte que me dio mi santa muerte, y de tanto que brindo el wisky ya se termino, ora traiganme un tequila que el dolor se meolvido, mi relog dice que ya son las 5, pues que no falte el perico que ya nos amanecio, y tu subele a la greibol que me gusta esa cancion, subel a la greibol sirve un jose cuervo, que aunque se acabe el wisky nos seguimos divirtiendo, subele a la greibol sirve un jose cuervo, que quiero empedarme como se empeda mi pueblo, subele a la greibol...5."
T1_TRAIN_1718,1192916,M,NM,1.0,".
Si mis plegarias no fueran
A la Virgen
Sino a ti...
¿Que pensarías?
¿Que dirías?
Si de la noche
Soy un pedazo
Del suelo que flota
Entre tus sueños
Como una perla
Te saco de lo obscuro
Te llamo por tu nombre
Y digo que no puede ser...
Quisiera ser alcohol
Para evaporarme en tu interior
Y saber lo que es pasión
Y sentir que soy querido una vez...
Si algún día
Me miras abrazado
De tu sombra
No me separes
Déjame solo
Sin movimiento
Como una lagrima
Que corre por tu cuerpo
Lamiéndote toda la piel
Quisiera ser alcohol
Para evaporarme en tu interior
Y saber lo que es pasión
Y sentir que soy querido una vez...","Si mis plegarias no fueran, a la Virgen, sino a ti..., ¿Que pensarías?, ¿Que dirías?, si de la noche, soy un pedazo, del suelo que flota, entre tus sueños, como una perla, te saco de lo obscuro, te llamo por tu nombre, y digo que no puede ser..., quisiera ser alcohol, para evaporarme en tu interior, y saber lo que es pasión, y sentir que soy querido una vez..., si algún día, me miras abrazado, de tu sombra, no me separes, déjame solo, sin movimiento, como una lagrima, que corre por tu cuerpo, lamiéndote toda la piel, quisiera ser alcohol, para evaporarme en tu interior, y saber lo que es pasión, y sentir que soy querido una vez...."
T1_TRAIN_1724,1049234,NM,M,1.0,"
Imagina tu mundo
Sin cerveza que tomar
Imagina tu vida
Sin excesos de verdad
Imagina el noviazgo
Sin sexo premarital
Imagina que esto
Fuera realidad

Imagina que un disco
No lo tengas que pagar
Imagina el internet
Sin entradas porno site
Imagina una chamba
Que se pague sin jalar
Imagina que nunca
Te pudieras masturbar

Pero no lo es
No lo es asi
Y nunca lo sera
Por eso
Seguimos tomando, seguimos fumando y seguimos parchando
En exceso
Seguimos tomando, seguimos fumando, y seguimos parchando
En exceso, en exceso

Imagina un orgasmo
Que no tenga que acabar
Imagina que a ellas
No les tenga que bajar
Imagina la noche
Sin estrellas que mirar
Imagina tu cuerpo
Sin su genital

Pero no lo es
No lo es asi
Y ni de pedo lo sera
Por eso
Seguimos tomando, seguimos fumando y seguimos parchando
En exceso
Y seguimos tomando, seguimos fumando y seguimos parchando
En exceso
En exceso
En exceso
En exceso
Por eso
Seguimos tomando, seguimos fumando y seguimos parchando
En exceso
Seguimos tomando, seguimos fumando y seguimos parchando
En exceso
En exceso
En exceso
En exceso
En exceso","Imagina tu mundo, sin cerveza que tomar, imagina tu vida, sin excesos de verdad, imagina el noviazgo, sin sexo premarital, imagina que esto, fuera realidad, imagina que un disco, no lo tengas que pagar, imagina el internet, sin entradas porno site, imagina una chamba, que se pague sin jalar, imagina que nunca, te pudieras masturbar, pero no lo es, no lo es asi, y nunca lo sera, por eso, seguimos tomando, seguimos fumando y seguimos parchando, en exceso, seguimos tomando, seguimos fumando, y seguimos parchando, en exceso, en exceso, imagina un orgasmo, que no tenga que acabar, imagina que a ellas, no les tenga que bajar, imagina la noche, sin estrellas que mirar, imagina tu cuerpo, sin su genital, pero no lo es, no lo es asi, y ni de pedo lo sera, por eso, seguimos tomando, seguimos fumando y seguimos parchando, en exceso, y seguimos tomando, seguimos fumando y seguimos parchando, en exceso, en exceso, en exceso, en exceso, por eso, seguimos tomando, seguimos fumando y seguimos parchando, en exceso, seguimos tomando, seguimos fumando y seguimos parchando, en exceso, en exceso, en exceso, en exceso, en exceso."
T1_TRAIN_1747,1290676,M,NM,0.9369369369369369,"
[Letra de ""Amor De Mujer""]

[Verso 1]
Era así, parecía simplemente un chiquillo jugando a mayor
Con las manos vacías atacabas la vida, todo al ganador
No te daba miedo estar aún creciendo
Querías correr más que tus propios pies

[Verso 2]
Siempre tan desgarbado, con los pasos tan largos; me caías bien
Se acababa el verano y entre besos y halagos, te empecé a querer
Pasábamos los días diciendo tonterías
Soñando con cumplir veinte años por fin

[Coro]
Amor de mujer
Tan fuerte y espontáneo
Tan dulce, tan volcánico
Y es casi, casi mágico, ¡oh-wo!
Amor de mujer
Así tan instantáneo
Tan limpio y sano, tan total
Que no se puede controlar, ¡oh-wo, oh!

[Verso 3]
Con los ojos cargados y mirando hacia abajo, no pudiste hablar
Yo cruzada de brazos, me mordía los labios para no llorar
Un nudo en la garganta, tu sombra desarmada
Las ganas de gritar: ""Te quiero, no te vayas.""

[Coro]
Amor de mujer
Tan fuerte y espontáneo
Tan dulce, tan volcánico
Y es casi, casi mágico, ¡oh-wo!
Amor de mujer
Así tan instantáneo
Tan limpio y sano, tan total
Que no se puede controlar, ¡oh-wo, oh!

[Coro]
Amor de mujer
Tan fuerte y espontáneo
Tan dulce, tan volcánico
Y es casi, casi mágico, ¡oh-wo!
Amor de mujer
Así tan instantáneo
Tan limpio y sano, tan total
Que no se puede controlar, ¡oh-wo!

[Coro]
Amor de mujer
Tan fuerte y espontáneo
Tan dulce, tan volcánico
Y es casi, casi mágico, ¡oh-wo!
Amor de mujer
Así tan instantáneo
Tan limpio y sano, tan total
Que no se puede controlar","Era así, parecía simplemente un chiquillo jugando a mayor, con las manos vacías atacabas la vida, todo al ganador, no te daba miedo estar aún creciendo, querías correr más que tus propios pies, siempre tan desgarbado, con los pasos tan largos; me caías bien, se acababa el verano y entre besos y halagos, te empecé a querer, pasábamos los días diciendo tonterías, soñando con cumplir veinte años por fin, amor de mujer, tan fuerte y espontáneo, tan dulce, tan volcánico, y es casi, casi mágico, Ąoh-wo!, amor de mujer, así tan instantáneo, tan limpio y sano, tan total, que no se puede controlar, Ąoh-wo, oh!, con los ojos cargados y mirando hacia abajo, no pudiste hablar, yo cruzada de brazos, me mordía los labios para no llorar, un nudo en la garganta, tu sombra desarmada, las ganas de gritar: Te quiero, no te vayas., amor de mujer, tan fuerte y espontáneo, tan dulce, tan volcánico, y es casi, casi mágico, Ąoh-wo!, amor de mujer, así tan instantáneo, tan limpio y sano, tan total, que no se puede controlar, Ąoh-wo, oh!, amor de mujer, tan fuerte y espontáneo, tan dulce, tan volcánico, y es casi, casi mágico, Ąoh-wo!, amor de mujer, así tan instantáneo, tan limpio y sano, tan total, que no se puede controlar, Ąoh-wo!, amor de mujer, tan fuerte y espontáneo, tan dulce, tan volcánico, y es casi, casi mágico, Ąoh-wo!, amor de mujer, así tan instantáneo, tan limpio y sano, tan total, que no se puede controlar."
T1_TRAIN_1757,6039330,NM,M,0.918918918918919,"
[Letra de ""Disimulando""]

[Pre-Coro]
Otra madrugada en que tú no te encuentra' (Eh; eh, eh)
Otra noche que mi alma se lamenta (Eh, eh)
Dime si tú 'tá feliz como aparenta'

[Coro]
Dime si ya me olvidate
O dime si 'tá disimulando
Que todavía aquí sigo esperando
Esta soledad me está matando, y sigo maquinando
Si tú me olvidaste, ma (Ma)
O si 'tá disimulando (Oh, woh)
Yo sigo esperando que tú regrese'
Yo me arrepiento de toa' las vece' que te fallé

[Verso 1]
Arrepеntío' al cien
Y tú sigue' en la tuya, ignorándomе lo' DM
Dichoso' son los ojos que te ven
Ese culo 'tá grande, ahora e' que eso se ve bien
Pero yo no sé de quién porque ya tú no ere' mía
Como cuando entera te comía y tú lo repetía' en el asiento
Me dejaste sin ánimo y sin aliento
Enrolo lo' phillie', pero ni los prendo
Parece que no fue mentira
Me dijiste que te iba'
A vece' yo prendo pa' olvidarte
Y lo único que hago es recordarte

[Coro]
Dime si ya me olvidate
O dime si 'tá disimulando
Que todavía aquí sigo esperando
Esta soledad me está matando, y sigo maquinando
Si tú me olvidaste, ma (Ma; eh; eh, eh)
O si 'tá disimulando (Oh, woh; eh, eh)
Yo sigo esperando que tú regrese'
Yo me arrepiento de toa' las vece' que te fallé

[Verso 2]
Por todo el daño que te hice
Por to' las marca' y cicatrice' que
Hicieron que tu corazón se frice
'Tuve con mucha mujere' que nunca quise

[Puente]
Y ahora me arrepiento
Cuando llega la noche y yo no te tengo
Cuando miro la luna, siempre te pienso, ma
Pero tú no está'; ahora juego con la soledad
Y me arrepiento
Cuando llega la noche y yo no te tengo
Cuando miro la luna, siempre te pienso, oh
No te olvido por má' que prendo, oh, oh

[Pre-Coro]
Otra madrugada en que tú no te encuentra' (Eh; eh, eh)
Otra noche que mi alma se lamenta (Eh, eh)
Dime si tú 'tá feliz como aparenta'

[Coro]
Dime si ya me olvidate
O dime si 'tá disimulando
Que todavía aquí sigo esperando
Esta soledad me está matando, y sigo maquinando
Si tú me olvidaste, ma (Ma)
O si 'tá disimulando (Oh, woh)
Yo sigo esperando que tú regrese'
Yo me arrepiento de toa' las vece' que te fallé

[Outro]
Rc La Sensación
¿Tú no sabe' que nosotro' somo' de Alma Rosa?
Mundito High Class
Draco, Big Chriss
Lo' muchachone'
Yo Yais, je","Otra madrugada en que tú no te encuentra' Eh; eh, eh, otra noche que mi alma se lamenta Eh, eh, dime si tú 'tá feliz como aparenta', dime si ya me olvidate, o dime si 'tá disimulando, que todavía aquí sigo esperando, esta soledad me está matando, y sigo maquinando, si tú me olvidaste, ma Ma, o si 'tá disimulando Oh, woh, yo sigo esperando que tú regrese', yo me arrepiento de toa' las vece' que te fallé, arrepentío' al cien, y tú sigue' en la tuya, ignorándome lo' DM, dichoso' son los ojos que te ven, ese culo 'tá grande, ahora e' que eso se ve bien, pero yo no sé de quién porque ya tú no ere' mía, como cuando entera te comía y tú lo repetía' en el asiento, me dejaste sin ánimo y sin aliento, enrolo lo' phillie', pero ni los prendo, parece que no fue mentira, me dijiste que te iba', a vece' yo prendo pa' olvidarte, y lo único que hago es recordarte, dime si ya me olvidate, o dime si 'tá disimulando, que todavía aquí sigo esperando, esta soledad me está matando, y sigo maquinando, si tú me olvidaste, ma Ma; eh; eh, eh, o si 'tá disimulando Oh, woh; eh, eh, yo sigo esperando que tú regrese', yo me arrepiento de toa' las vece' que te fallé, por todo el daño que te hice, por to' las marca' y cicatrice' que, hicieron que tu corazón se frice, 'Tuve con mucha mujere' que nunca quise, y ahora me arrepiento, cuando llega la noche y yo no te tengo, cuando miro la luna, siempre te pienso, ma, pero tú no está'; ahora juego con la soledad, y me arrepiento, cuando llega la noche y yo no te tengo, cuando miro la luna, siempre te pienso, oh, no te olvido por má' que prendo, oh, oh, otra madrugada en que tú no te encuentra' Eh; eh, eh, otra noche que mi alma se lamenta Eh, eh, dime si tú 'tá feliz como aparenta', dime si ya me olvidate, o dime si 'tá disimulando, que todavía aquí sigo esperando, esta soledad me está matando, y sigo maquinando, si tú me olvidaste, ma Ma, o si 'tá disimulando Oh, woh, yo sigo esperando que tú regrese', yo me arrepiento de toa' las vece' que te fallé, rc La Sensación, ¿Tú no sabe' que nosotro' somo' de Alma Rosa?, mundito High Class, draco, Big Chriss, lo' muchachone', yo Yais, je."
T1_TRAIN_1761,1849812,NM,M,0.9411764705882353,"a Ithier (Me liberé, me liberé)
[Letra de ""Me Liberé""]

[Intro]
Me liberé, me liberé
Gracias a Dios me liberé
Me liberé, me liberé
Gracias al cielo me liberé

[Verso 1]
Me liberé de mujeres perversas
Que quieren hacer mi vida de cuadritos
Me liberé de chicas sin escrúpulos
Me liberé de Oria y Socorrito
Me liberé de Nancy, de Rebeca, de Olga
Damaris, Helga y de Giselle
Me liberé tambien de Raquel
Gracias a Dios me libere
Me liberé de Mariela y de Fe
Gracias al cielo me libere

Me liberé de mujeres perversas
Que quieren hacer mi vida de cuadritos
Me liberé de chicas sin escrúpulos
Me liberé de Oria y Socorrito
Me liberé de Nancy, de Rebeca, de Olga
Damaris, Helga y de Giselle
Me liberé tambien de Raquel
Gracias a Dios me libere
Me liberé de Mariela y de Fe
Gracias al cielo me libere

[Verso 2]
Todas me insultaban
Me decían ""Mujeriego, no te dejaré vivir en paz
Donde quiera que te encuentre te la formo""
Y no sé por qué será
Pero que todas me insultaban
Me decían ""Mujeriego, no te dejaré vivir en paz
Donde quiera que te encuentre te la formo""
Y yo me pregunto, y yo no me explico qué razón ellas tendrán
Por eso lo tuve que hacer

[Puente]
Me liberé, me liberé
Gracias a Dios me liberé
Me liberé, me liberé
Gracias al cielo me liberé

[Pregón 1]
(Que yo no quiero mas complicaciones, por eso me liberé)
Fueron tantas las presiones que me puse los patines
Me puse en bolina y tuve que correr
(Que yo no quiero mas complicaciones, por eso me liberé)
Mujeres egoístas me querían sólo para ellas
Para ellas nada más, y así no puede ser
(Que yo no quiero mas complicaciones, por eso me liberé)
Recuerdo a mi madre cuando les decía
""Bendito, si él es un muchacho bueno, si ese es un hombre de bien""
(Que yo no quiero mas complicaciones, por eso me liberé)
A toditas les quiero decir que el amor hay que compartirlo
Y si no, I'm sorry, goodbye my girl

[Pregón 2]
(Que yo no quiero mas complicaciones, por eso me liberé)
Libre yo soy (Me liberé, me liberé)
(Que yo no quiero mas complicaciones, por eso me liberé)
Y no me debo a nadie (Me liberé, me liberé)

[Refrán]
(Más complicaciones yo no quiero, ¿para qué?)
De sombras y de ese olvido ya yo no quiero saber
(Más complicaciones yo no quiero, ¿para qué?)
A gozar libre sin problema, buena vida me dare
Sí, yo (Me liberé, me liberé)
Me liberé (Me liberé, me liberé)
Sí, yo (Me liberé, me liberé)
Me liberé (Me liberé, me liberé)
(Más complicaciones yo no quiero, ¿para qué?)
Yo no quiero que me digan lo que yo tengo que hacer
(Más complicaciones yo no quiero, ¿para qué?)
Que yo no quiero cantaleta, de todo yo me cansé
Sí, yo (Me liberé, me liberé)
Me liberé (Me liberé, me liberé)
Sí, yo (Me liberé, me liberé)
Me liberé (Me liberé, me liberé)

[Pregón 2]
(Que yo no quiero mas complicaciones, por eso me liberé)
Sí, me siento bien (Me liberé, me liberé)
(Que yo no quiero mas complicaciones, por eso me liberé)
Preguntale a Julito, o a Ithier (Me liberé, me liberé)","Me liberé, me liberé, gracias a Dios me liberé, me liberé, me liberé, gracias al cielo me liberé. Me liberé de mujeres perversas, que quieren hacer mi vida de cuadritos, me liberé de chicas sin escrúpulos, me liberé de Oria y Socorrito, me liberé de Nancy, de Rebeca, de Olga, damaris, Helga y de Giselle, me liberé tambien de Raquel, gracias a Dios me libere, me liberé de Mariela y de Fe, gracias al cielo me libere. Me liberé de mujeres perversas, que quieren hacer mi vida de cuadritos, me liberé de chicas sin escrúpulos, me liberé de Oria y Socorrito, me liberé de Nancy, de Rebeca, de Olga, damaris, Helga y de Giselle, me liberé tambien de Raquel, gracias a Dios me libere, me liberé de Mariela y de Fe, gracias al cielo me libere. Todas me insultaban, me decían Mujeriego, no te dejaré vivir en paz, donde quiera que te encuentre te la formo, y no sé por qué será, pero que todas me insultaban, me decían Mujeriego, no te dejaré vivir en paz, donde quiera que te encuentre te la formo, y yo me pregunto, y yo no me explico qué razón ellas tendrán, por eso lo tuve que hacer. Me liberé, me liberé, gracias a Dios me liberé, me liberé, me liberé, gracias al cielo me liberé. Que yo no quiero mas complicaciones, por eso me liberé, fueron tantas las presiones que me puse los patines, me puse en bolina y tuve que correr, que yo no quiero mas complicaciones, por eso me liberé, mujeres egoístas me querían sólo para ellas, para ellas nada más, y así no puede ser, que yo no quiero mas complicaciones, por eso me liberé, recuerdo a mi madre cuando les decía, bendito, si él es un muchacho bueno, si ese es un hombre de bien, que yo no quiero mas complicaciones, por eso me liberé, a toditas les quiero decir que el amor hay que compartirlo, y si no, I'm sorry, goodbye my girl. Que yo no quiero mas complicaciones, por eso me liberé, libre yo soy Me liberé, me liberé, que yo no quiero mas complicaciones, por eso me liberé, y no me debo a nadie Me liberé, me liberé. Más complicaciones yo no quiero, ¿para qué?, de sombras y de ese olvido ya yo no quiero saber, más complicaciones yo no quiero, ¿para qué?, a gozar libre sin problema, buena vida me dare, sí, yo Me liberé, me liberé, me liberé Me liberé, me liberé, sí, yo Me liberé, me liberé, me liberé Me liberé, me liberé, más complicaciones yo no quiero, ¿para qué?, yo no quiero que me digan lo que yo tengo que hacer, más complicaciones yo no quiero, ¿para qué?, que yo no quiero cantaleta, de todo yo me cansé, sí, yo Me liberé, me liberé, me liberé Me liberé, me liberé, sí, yo Me liberé, me liberé, me liberé Me liberé, me liberé. Que yo no quiero mas complicaciones, por eso me liberé, sí, me siento bien Me liberé, me liberé, que yo no quiero mas complicaciones, por eso me liberé, preguntale a Julito, o a Ithier Me liberé, me liberé."
T1_TRAIN_1779,790158,NM,M,0.9433962264150944,"
[Letra de ""Bartender""]

[Intro: Alexis]
Yeah
Mr. ""A""
Señor ""F""

[Coro: Fido & Alexis]
Bartender (Oh)
Dame un trago (Oh-oh)
Que quiero bailar y hacer estrago (Oh-oh; yeah)
Sufro una desilusión
Hoy tomo una decisión (That's right)
Borrarte de mi corazón (Oh-oh)
Bartender (Oh)
Dame un trago (Oh-oh)
Que quiero bailar y hacer estrago (Oh-oh; yeah)
Sufro una desilusión
Hoy tomo una decisión (Yeah)
Borrarte de mi corazón (Oh-oh)

[Verso 1: Alexis]
Las mujeres son malas (Oh)
Algunas son malas (Yeah)
Otro viene y se la hace y uno viene y las paga (That's right)
Mejor que no vuelva, yo no la espero
Prefiero seguir vacilando soltero (No, ma')
Bartender, dame una copa de Blue (Come on; come on, come on)
DJ, apaga la luz (Hah)
Que hoy de una ve' y para siempre
Voy a olvidar lo que me hiciste tú (Come on, come on, come on!)
A fault, fuerte error, así son las cosas del amor (Hah)
Mientras más uno se porta mejor (Oh yeah)
Es cuando le pasa lo peor (Hoh)
Por eso me voy pa' hasta abajo (That's right)

[Coro: Fido]
Bartender (Oh)
Dame un trago (Oh-oh)
Que quiero bailar y hacer estrago (Oh-oh)
Sufro una desilusión
Hoy tomo una decisión
Borrarte de mi corazón (Oh-oh)

[Verso 2: Alexis]
(Oh, oh)
Hoy quiero hacer lo que no hacía hace tiempo (Yeah)
Volver a tener excitante' momento' (Plo, oh)
Olvidarme de esto, sanarme de esto (Oh, oh)
Obliga'o que una gata conecto (Ajá)
Hoy voy hacer un anónimo alcohólico (That's right)
Aunque beber no sea lo lógico
Pero ¿quién manda en el corazón? (Yeah)
No es fácil salir de una depresión (No, no)
So, búscame la botella completa (Ok)
Que pa'l dolor hay una fórmula secreta (Ouh, yeah)
Súmala, fúmala, alcohol y una discoteca (Ajá)
Esa es la receta

[Coro: Fido]
Bartender (Oh)
Dame un trago (Oh-oh)
Que quiero bailar y hacer estrago (Oh-oh)
Sufro una desilusión
Hoy tomo una decisión
Borrarte de mi corazón
Bartender (Oh)
Dame un trago (Oh-oh)
Que quiero bailar y hacer estrago (Oh-oh)
Sufro una desilusión
Hoy tomo una decisión
Borrarte de mi corazón

[Outro: Alexis]
That's right (Ouh)
Mr. ""A"" (Mr. ""A"")
Señor ""F"" (Señor ""F"")
Down to Earth
Oye, hah
Tainy (Yeah)
Si la ves, dile que yo no tengo reversa
Definitivamente, hoy te olvido
Master Chris
Hah, Chris","Yeah, mr. A, señor F. Bartender Oh, dame un trago Oh-oh, que quiero bailar y hacer estrago Oh-oh; yeah, sufro una desilusión, hoy tomo una decisión That's right, borrarte de mi corazón Oh-oh, bartender Oh, dame un trago Oh-oh, que quiero bailar y hacer estrago Oh-oh; yeah, sufro una desilusión, hoy tomo una decisión Yeah, borrarte de mi corazón Oh-oh. Las mujeres son malas Oh, algunas son malas Yeah, otro viene y se la hace y uno viene y las paga That's right, mejor que no vuelva, yo no la espero, prefiero seguir vacilando soltero No, ma', bartender, dame una copa de Blue Come on; come on, come on, dJ, apaga la luz Hah, que hoy de una ve' y para siempre, voy a olvidar lo que me hiciste tú Come on, come on, come on!, a fault, fuerte error, así son las cosas del amor Hah, mientras más uno se porta mejor Oh yeah, es cuando le pasa lo peor Hoh, por eso me voy pa' hasta abajo That's right. Bartender Oh, dame un trago Oh-oh, que quiero bailar y hacer estrago Oh-oh, sufro una desilusión, hoy tomo una decisión, borrarte de mi corazón Oh-oh. Oh, oh, hoy quiero hacer lo que no hacía hace tiempo Yeah, volver a tener excitante' momento' Plo, oh, olvidarme de esto, sanarme de esto Oh, oh, obliga'o que una gata conecto Ajá, hoy voy hacer un anónimo alcohólico That's right, aunque beber no sea lo lógico, pero ¿quién manda en el corazón? Yeah, no es fácil salir de una depresión No, no, so, búscame la botella completa Ok, que pa'l dolor hay una fórmula secreta Ouh, yeah, súmala, fúmala, alcohol y una discoteca Ajá, esa es la receta. Bartender Oh, dame un trago Oh-oh, que quiero bailar y hacer estrago Oh-oh, sufro una desilusión, hoy tomo una decisión, borrarte de mi corazón, bartender Oh, dame un trago Oh-oh, que quiero bailar y hacer estrago Oh-oh, sufro una desilusión, hoy tomo una decisión, borrarte de mi corazón. That's right Ouh, mr. A Mr. A, señor F Señor F, down to Earth, oye, hah, tainy Yeah, si la ves, dile que yo no tengo reversa, definitivamente, hoy te olvido, master Chris, hah, Chris."
T1_TRAIN_1792,1056780,M,NM,0.9090909090909091,"
Lo siento mi amor
Pero hoy te lo voy a decir
Aunque pueda faltarme el valor
Al hablarte a la cara
Lo siento mi amor
Pero ya me cansé de fingir
Y pretendo acabar de una vez
Para siempre esta farsa

Lo siento mi amor
Lo siento mi amor
Lo siento mi amor

Hace tiempo que no siento nada al hacerlo contigo
Que mi cuerpo no tiembla de ganas al verte encendido
Y tu cara y tu pecho y tus manos parecen escarchas
Y tus besos que ayer me excitaban no me dicen nada

Y es que existe otro amor que lo tengo callado callado
Escondido y vibrante en mi alma queriendo gritarlo
Y no puedo ocultarlo no puedo callarlo no puedo
Y prefiero decirlo y gritarlo a seguirte fingiendo

Lo siento mi amor
Lo siento
Lo siento mi amor
Lo siento
Lo siento mi amor
Pero hoy te lo voy a decir
Aunque puede faltarme el valor
Al hablarte a la cara
Lo siento mi amor
Pero ya me cansé de fingir
Y pretendo acabar de una vez
Para siempre esta farsa

Lo siento mi amor
Lo siento mi amor
Lo siento mi amor

Hace tiempo que no siento nada al hacerlo contigo
Que mi cuerpo no tiembla de ganas al verte encendido
Y tu cara y tu pecho y tus manos parecen escarchas
Y tus besos que ayer me excitaban no me dicen nada

Y es que existe otro amor que lo tengo callado callado
Escondido y vibrante en mi alma queriendo gritarlo
Y no puedo ocultarlo no puedo callarlo no puedo
Y prefiero decirlo y gritarlo a seguirte fingiendo
Hace tiempo que no siento nada al hacerlo contigo

Lo siento
Lo siento
Lo siento","Lo siento, mi amor, pero hoy te lo voy a decir, aunque pueda faltarme el valor, al hablarte a la cara, lo siento, mi amor, pero ya me cansé de fingir, y pretendo acabar de una vez, para siempre esta farsa, lo siento, mi amor, lo siento, mi amor, lo siento, mi amor, hace tiempo que no siento nada, al hacerlo contigo, que mi cuerpo no tiembla de ganas, al verte encendido, y tu cara y tu pecho y tus manos, parecen escarchas, y tus besos, que ayer me excitaban, no me dicen nada, y es que existe otro amor, que lo tengo callado, callado;, escondido y vibrando en mi alma, quiriendo gritarlo, ya no puedo ocultarlo, no puedo callarlo, no puedo, y prefiero decirlo y gritarlo, aseguirte fingiendo, lo siento, mi amor, lo siento, lo siento, mi amor, lo siento."
T1_TRAIN_1796,1581626,NM,M,0.9887640449438202,"e
Y se muera de amor
Le creí
Cuando dijo que estando conmigo no importaba nada
Le creí cada vez que decía cuanto me adoraba
Inclusive creí que era cierto
Cuando al darme un beso
En mis brazos temblaba

Le creí
Cuando al verme en sus ojos decia en silencio te amo
Me abrazaba con tanta ternura
Y a veces llorando
Me decia que solo la muerte podría separarnos

Le creí
Cuando dijo que fui lo mejor que ha pasado en su vida
Le creí
Y hoy resulta que todo ese amor era solo mentira

Que nunca me amo
Que era un capricho de su corazón
Que se divertia jugando al amor
Que al besarme fingia
Que no lo sentia
Cuando me decia eres todo mi amor
Me deja tan lleno de rabia y rencor
Deseando que un día ella sienta el dolor
Que me deja en el alma
Que alguien la lastime
La engañe y la humille
Y se muera de amor

Le creí
Cuando dijo que fui lo mejor que ha pasado en su vida
Le creí
Y hoy resulta que todo ese amor solo era mentira

Que nunca me amo
Que era un capricho de su corazón
Que se divertia jugando al amor
Que al besarme fingia
Que no lo sentia
Cuando me decia eres todo mi amor
Me deja tan lleno de rabia y rencor
Deseando que un día ella sienta el dolor
Que me deja en el alma
Que alguien la lastime
La engañe y la humille
Y se muera de amor","Y se muera de amor, le creí, cuando dijo que estando conmigo no importaba nada, le creí cada vez que decía cuanto me adoraba, inclusive creí que era cierto, cuando al darme un beso, en mis brazos temblaba, le creí, cuando al verme en sus ojos decia en silencio te amo, me abrazaba con tanta ternura, y a veces llorando, me decia que solo la muerte podría separarnos, le creí, cuando dijo que fui lo mejor que ha pasado en su vida, le creí, y hoy resulta que todo ese amor era solo mentira, que nunca me amo, que era un capricho de su corazón, que se divertia jugando al amor, que al besarme fingia, que no lo sentia, cuando me decia eres todo mi amor, me deja tan lleno de rabia y rencor, deseando que un día ella sienta el dolor, que me deja en el alma, que alguien la lastime, la engañe y la humille, y se muera de amor, le creí, cuando dijo que fui lo mejor que ha pasado en su vida, le creí, y hoy resulta que todo ese amor solo era mentira, que nunca me amo, que era un capricho de su corazón, que se divertia jugando al amor, que al besarme fingia, que no lo sentia, cuando me decia eres todo mi amor, me deja tan lleno de rabia y rencor, deseando que un día ella sienta el dolor, que me deja en el alma, que alguien la lastime, la engañe y la humille, y se muera de amor."
T1_TRAIN_1807,9416959,NM,M,0.8764044943820225,"
[Letra de ""Las Mujeres""]

[Verso 1: Carlos Vives & Juanes]
Ay, las mujeres, las mujeres, las mujeres
Hombre, qué vaina las mujeres
Ellas son las que tienen en tormento mi alma
Arruinada y sin calma porque ya no me quieren
Arruinada y sin calma porque ya no me quieren
Ay, mis amigos del amor y la parranda
Hombre, qué vaina mis amigos
Ahora están resentidos porque ellos no comprenden
Qué ingratas, las mujeres acabaron conmigo
Qué ingratas, las mujeres acabaron conmigo

[Coro: Carlos Vives]
Ay, qué vaina las mujeres, ¿por qué acabaron conmigo?
Ay, qué vaina las mujeres, ¿por qué acabaron conmigo?
¿Qué será del pobre Juanеs sin dinero y sin cariño?
¿Qué será de Juan Estеban sin dinero y sin cariño?

[Verso 2: Carlos Vives & Juanes]
Y ahora guardo de algún tiempo muy florido
Aquí en mi pecho cicatrices
Ahora me encuentro triste sin dinero y cariño
Y tirado al olvido por las que tanto quise
Y tirado al olvido por las que tanto quise
Pero tengo que encontrar una muchacha
Que me quiera y me comprenda
Porque todavía existe corazones sinceros
Y no solo el dinero, es la dicha completa
Y no solo el dinero, es la dicha completa

[Coro: Carlos Vives & Juanes]
Ay, qué vaina las mujeres, ¿por qué acabaron conmigo?
Ay, qué vaina las mujeres, ¿por qué acabaron conmigo?
¿Qué será del pobre Carlos sin dinero y sin cariño?
¿Qué será de Carlos Vives sin dinero y sin cariño?

[Puente: Juanes]
¡Oye!

[Coro: Carlos Vives, Carlos Vives & Juanes]
Ay que vaina las mujeres porque acabaron conmigo
Ay que vaina las mujeres porque acabaron conmigo
¿Qué será del pobre Carlos sin dinero y sin cariño?
¿Qué será de Carlos Huertas sin dinero y sin cariño?
Sin dinero y sin cariño, ¿qué será del pobre Carlos?
¿Qué será del pobre Carlos sin dinero y sin cariño?","Ay, las mujeres, las mujeres, las mujeres, hombre, qué vaina las mujeres, ellas son las que tienen en tormento mi alma, arruinada y sin calma porque ya no me quieren, arruinada y sin calma porque ya no me quieren, ay, mis amigos del amor y la parranda, hombre, qué vaina mis amigos, ahora están resentidos porque ellos no comprenden, qué ingratas, las mujeres acabaron conmigo, qué ingratas, las mujeres acabaron conmigo. Ay, qué vaina las mujeres, ¿por qué acabaron conmigo?, ay, qué vaina las mujeres, ¿por qué acabaron conmigo?, ¿Qué será del pobre Juanes sin dinero y sin cariño?, ¿Qué será de Juan Esteban sin dinero y sin cariño?. Y ahora guardo de algún tiempo muy florido, aquí en mi pecho cicatrices, ahora me encuentro triste sin dinero y cariño, y tirado al olvido por las que tanto quise, y tirado al olvido por las que tanto quise, pero tengo que encontrar una muchacha, que me quiera y me comprenda, porque todavía existe corazones sinceros, y no solo el dinero, es la dicha completa, y no solo el dinero, es la dicha completa. Ay, qué vaina las mujeres, ¿por qué acabaron conmigo?, ay, qué vaina las mujeres, ¿por qué acabaron conmigo?, ¿Qué será del pobre Carlos sin dinero y sin cariño?, ¿Qué será de Carlos Vives sin dinero y sin cariño?. ĄOye!. Ay que vaina las mujeres porque acabaron conmigo, ay que vaina las mujeres porque acabaron conmigo, ¿Qué será del pobre Carlos sin dinero y sin cariño?, ¿Qué será de Carlos Huertas sin dinero y sin cariño?, sin dinero y sin cariño, ¿qué será del pobre Carlos?, ¿Qué será del pobre Carlos sin dinero y sin cariño?."
T1_TRAIN_1811,179160,M,NM,0.9896907216494846,"
Aha…Copón de Dios… no…

No hace falta andar raro, ni ser el más malo
Ni fumar ni beber a destajo como yo lo hago
No hace falta llamar putas a todas las titis
Si hay más grupis tíos que tías en todas las citys
No hace falta vacilar de guita
Ni conducir carracos si yo no sé ni ir en bici aerostática
¿eres underground? Buff que rapper!
Y cuidas más tus videos que los quehaceres de este buen arte
¿Tienes manager y todo? que pro de mierda
Pensar antes en la pela antes que tocar y dormir en la acera
Para hacer el rap tienes que saber de dónde viene
Todo el que no se informa es porque no quiere, coño
Discursito de abuelo no pretendo, ni de broma
Mira lo viejo que es el viento y aún sopla
Mi lema es dame buen rap, de donde sea
Hablando de lo que sea, de todo menos perrea ¡aquí solo brea!
Es de las pocas músicas con más libertades
En la que puedes hablar de lo que te sale
¿tú mi tocayo? Tú mi toyaco
¿manchar el nombre de Sergio en vano? vamos te mato
¿vivir? No te favorece nada, pseudorapero
Que no te de pereza perecer pedazo de mierdo
Eres un ladillero, enemigo púbico numero uno o cero
Se la chupas a los del ayuntamiento para tocar en conciertos
Sal ya de tu pueblo, ya hueles pesao infecto
Tu Dj va con Serato sin haber pinchado nunca con vinilo en platos
Buen recurso pero se salta pasos
Y en tu sesión de vieja escuela
No hace falta pinchar el “Jump Around” que esta guapo pero ya huele el tema
Será por clásicos, jodo, tira de archivos
Canciones de antes no son canciones, son himnos
Yo me gano la vida haciéndolos, ¿algún problema?
Igual que tu grupo favorito americano al que veneras
Este año el evento fue mal
Para el año que viene llama a mi grupo y te arreglo el festival
R.A.P. me jode disfrutar de tan solo una vida por ser tu hijo predilecto
Estoy en el punto de mira
La gente no conoce una puta mierda de mí pero todo el mundo opina

[Estribillo]
Es mi visión, sin más dilación, “Hate es el rap”
Sin duda, no hay discusión, repito “Hate es el rap”
He dicho “Hate es el rap” insisto “Hate es el rap”
Esa es la conclusión

Es mi visión, sin más dilación, “Hate es el rap”
Sin duda, no hay discusión, repito “Hate es el rap”
He dicho “Hate es el rap” insisto “Hate es el rap”
Copón

Tu idilio con esto jamás será eterno
Lo tuyo fueron besos de verano y convirtieronse en recuerdos de invierno
Baja del carro (""Get Off the Bandwagon"")
A esos les ponía a barrer playas con cepillos de dientes usados
Soy el bandido de los ojos marrones
Pongo de uñas a unos cuantos que no comparten mis opiniones
¿respetar yo? Si no me respetan a mí
Que vuelvan CPV y Cloaka Company
Esos sí que son rapers
Hay gente que me tiene tirria y yo les deseo un cáncer
Que no te coman el coco como en Pac Man
Encefalogramas planos hablan no se qué de gorras planas
Ponte lo que te salga del haba, el attrezzo es lo de menos
Valoro MC, no pintas, so memos
Si, Sho Hai, hace más de lo mismo
Innovar no va ligado con el modernismo
Uso CD´s de diana sobre todo si salen las caras
O de posavasos o los fundo en el magma
Se me dilata el diafragma
De la mala puta ostia que llevo entre pecho y espalda
No eres ni mi amigo, ni siquiera mi colega
Por compartir conmigo unos minutos o unas cervezas
No se debe vacilar de lo que no se tiene
Cuando vivas una cuarta parte de esto como yo, vienes
Hacemos veladas maratonianas
De audiciones de discos viejos también de nuevas hornadas
En el local las moscas vuelan bajo y lento
Van colocadas más que los dueños de todo este invento
Os abro el camino y aún os quejáis tontolabas
A un burro le hacían obispo y aún rebuznaba
Cuadrilla de hijos de puta
Deberían sacaros del rap por la puerta de atrás en bolsas de basura
Pedazos de mierda qué vais de originales
Y sampleais de los “Dusty Fingers” para hacer instrumentales
So getas, os pillo, os fundo y humillo
No engañes, al Hip Hop, se nota, ¿me explico?
También soy un B-boy anclado en los noventa
Cuando todas las canciones de un disco se podían escuchar enteras
Tengo morriña, ah, tú tienes tiña, ah, lo digo por lo de la envidia

[Estribillo]
Es mi visión, sin más dilación, “Hate es el rap”
Sin duda, no hay discusión, repito “Hate es el rap”
He dicho “Hate es el rap” insisto “Hate es el rap”
Esa es la conclusión","Aha–ŚCopón de Dios–Ś no–Ś, no hace falta andar raro, ni ser el más malo, ni fumar ni beber a destajo como yo lo hago, no hace falta llamar putas a todas las titis, si hay más grupis tíos que tías en todas las citys, no hace falta vacilar de guita, ni conducir carracos si yo no sé ni ir en bici aerostática, ¿eres underground? Buff que rapper!, y cuidas más tus videos que los quehaceres de este buen arte, ¿Tienes manager y todo? que pro de mierda, pensar antes en la pela antes que tocar y dormir en la acera, para hacer el rap tienes que saber de dónde viene, todo el que no se informa es porque no quiere, coño, discursito de abuelo no pretendo, ni de broma, mira lo viejo que es el viento y aún sopla, mi lema es dame buen rap, de donde sea, hablando de lo que sea, de todo menos perrea Ąaquí solo brea!, es de las pocas músicas con más libertades, en la que puedes hablar de lo que te sale, ¿tú mi tocayo? Tú mi toyaco, ¿manchar el nombre de Sergio en vano? vamos te mato, ¿vivir? No te favorece nada, pseudorapero, que no te de pereza perecer pedazo de mierdo, eres un ladillero, enemigo púbico numero uno o cero, se la chupas a los del ayuntamiento para tocar en conciertos, sal ya de tu pueblo, ya hueles pesao infecto, tu Dj va con Serato sin haber pinchado nunca con vinilo en platos, buen recurso pero se salta pasos, y en tu sesión de vieja escuela, no hace falta pinchar el Jump Around que esta guapo pero ya huele el tema, será por clásicos, jodo, tira de archivos, canciones de antes no son canciones, son himnos, yo me gano la vida haciéndolos, ¿algún problema?, igual que tu grupo favorito americano al que veneras, este año el evento fue mal, para el año que viene llama a mi grupo y te arreglo el festival, r.A.P. me jode disfrutar de tan solo una vida por ser tu hijo predilecto, estoy en el punto de mira, la gente no conoce una puta mierda de mí pero todo el mundo opina. Es mi visión, sin más dilación, Hate es el rap, sin duda, no hay discusión, repito Hate es el rap, he dicho Hate es el rap insisto Hate es el rap, esa es la conclusión. Es mi visión, sin más dilación, Hate es el rap, sin duda, no hay discusión, repito Hate es el rap, he dicho Hate es el rap insisto Hate es el rap, copón, tu idilio con esto jamás será eterno, lo tuyo fueron besos de verano y convirtieronse en recuerdos de invierno, baja del carro Get Off the Bandwagon, a esos les ponía a barrer playas con cepillos de dientes usados, soy el bandido de los ojos marrones, pongo de uñas a unos cuantos que no comparten mis opiniones, ¿respetar yo? Si no me respetan a mí, que vuelvan CPV y Cloaka Company, esos sí que son rapers, hay gente que me tiene tirria y yo les deseo un cáncer, que no te coman el coco como en Pac Man, encefalogramas planos hablan no se qué de gorras planas, ponte lo que te salga del haba, el attrezzo es lo de menos, valoro MC, no pintas, so memos, si, Sho Hai, hace más de lo mismo, innovar no va ligado con el modernismo, uso CD´s de diana sobre todo si salen las caras, o de posavasos o los fundo en el magma, se me dilata el diafragma, de la mala puta ostia que llevo entre pecho y espalda, no eres ni mi amigo, ni siquiera mi colega, por compartir conmigo unos minutos o unas cervezas, no se debe vacilar de lo que no se tiene, cuando vivas una cuarta parte de esto como yo, vienes, hacemos veladas maratonianas, de audiciones de discos viejos también de nuevas hornadas, en el local las moscas vuelan bajo y lento, van colocadas más que los dueños de todo este invento, os abro el camino y aún os quejáis tontolabas, a un burro le hacían obispo y aún rebuznaba, cuadrilla de hijos de puta, deberían sacaros del rap por la puerta de atrás en bolsas de basura, pedazos de mierda qué vais de originales, y sampleais de los Dusty Fingers para hacer instrumentales, so getas, os pillo, os fundo y humillo, no engañes, al Hip Hop, se nota, ¿me explico?, también soy un B-boy anclado en los noventa, cuando todas las canciones de un disco se podían escuchar enteras, tengo morriña, ah, tú tienes tiña, ah, lo digo por lo de la envidia. Es mi visión, sin más dilación, Hate es el rap, sin duda, no hay discusión, repito Hate es el rap, he dicho Hate es el rap insisto Hate es el rap, esa es la conclusión."
T1_TRAIN_1832,535496,NM,M,0.9299065420560748,"
[Letra de ""Mal Necesario"" ft. Joyce Santana & Deborah Blues]

[Coro: Deborah Blues]
Pasan las horas y sigo pensando ¿Está bien o está mal?
Tocándome donde tocaste, a ver si se siente igual
Mi juicio falla cuando lo que quiero, va contra mi moral-al
Y siempre que quiero salir del vicio, me vuelve a encontrar

[Post-Coro: Deborah Blues]
(Uh-uh, uh-uh) Esto está mal, (uh-uh, uh-uh, uh-uh) pero lo haría otra vez
(Uh-uh, uh-uh) Esto está mal, (uh-uh, uh-uh, uh-uh) sé que lo haría otra vez

[Verso 1: Joyce Santana]
Le di tiempo al tiempo a ver si te olvidaba
Y me he visto con otras, pero ahí siempre esta tu cara
Yo negativo digo: “Pa' buscarte no hay motivo”
Y luego de drogas y alcohol, a ti es a quien le escribo
No esta malo na', si lo ves de este punto
Tú quieres yo quiero, pues estemos juntos
Si se oponen ¿Qué se supone que yo haga?
Si cuando el corazón se enciende, la razón se apaga
No está conmigo y no fue que le falle
Hay cosas que duelen más que ser infiel
Ah, ahora hablamos menos, pero hacemos mas
Parece mentira que toda esta guerra me de tanta paz
Se siente bien, se siente mal, se siente y ya
Te esperan ya tienes que irte, luego se repetirá
Seguro vendrá, seguro se ira, pero volverá
Yo le doy placer y él lo único que le da es inseguridad

[Coro: Deborah Blues]
Pasan las horas y sigo pensando ¿Está bien o está mal?
Tocándome donde tocaste, a ver si se siente igual
Mi juicio falla cuando lo que quiero, va contra mi moral-al
Y siempre que quiero salir del vicio, me vuelve a encontrar

[Post-Coro: Deborah Blues]
(Uh-uh, uh-uh) Esto está mal, (uh-uh, uh-uh, uh-uh) pero lo haría otra vez

[Verso 2: Álvaro Díaz]
Siempre eso de sexo na’ más, siempre termina en algo mas
Sabíamos que íbamos a terminar mal, pero nos dejamos llevar
Y lo mismo volvió a pasar, por el miedo a fracasar
Dices que me odias, pero estamos claros que tú vas a regresar
No soy un santo tú puedes comentar
Pero eso lo sabias antes de esto comenzar
Te lo juro yo no te quería lastimar
Una chica como tú no se consigue por ahí al azar
Acercarme fue tan fácil, alejarme es tan difícil
El sexo es lo único que mantiene esta crisis
Ya que rumores vienen y van, de que ahora todas se van
Tego ni Voltio están, te haces la pendeja
Pero sabes que la que me escribió no era una fan
Pero que vas a hacer, me vas a creer, porque tú no me quieres perder
Me vas a pelear pa' luego textearme “Negro, te quiero ver”
Regresas como un bumerang en menos de una hora
Tu y el dinero mi única droga
No tengo tiempo pa’ ti, como me gustaría a mi
Por eso mi corazón no es tuyo, mi pantalón si

[Puente: Álvaro Diaz]
Mi corazón no es tuyo, mi pantalón si
Mi corazón no es tuyo, mi pantalón si

[Coro: Deborah Blues]
Pasan las horas y sigo pensando ¿Está bien o está mal?
Tocándome donde tocaste, a ver si se siente igual
Mi juicio falla cuando lo que quiero, va contra mi moral-al
Y siempre que quiero salir del vicio, me vuelve a encontrar

[Post-Coro: Deborah Blues]
(Uh-uh, uh-uh) Esto está mal, (uh-uh, uh-uh, uh-uh) pero lo haría otra vez
(Uh-uh, uh-uh) Esto está mal, (uh-uh, uh-uh, uh-uh) sé que lo haría otra vez
(Uh-uh, uh-uh) Esto está mal, (uh-uh, uh-uh, uh-uh) pero lo haría otra vez
(Uh-uh, uh-uh) Esto está mal, (uh-uh, uh-uh, uh-uh) sé que lo haría otra vez","Pasan las horas y sigo pensando ¿Está bien o está mal?, tocándome donde tocaste, a ver si se siente igual, mi juicio falla cuando lo que quiero, va contra mi moral-al, y siempre que quiero salir del vicio, me vuelve a encontrar. Uh-uh, uh-uh Esto está mal, uh-uh, uh-uh, uh-uh pero lo haría otra vez, uh-uh, uh-uh Esto está mal, uh-uh, uh-uh, uh-uh sé que lo haría otra vez. Le di tiempo al tiempo a ver si te olvidaba, y me he visto con otras, pero ahí siempre esta tu cara, yo negativo digo: Pa' buscarte no hay motivo, y luego de drogas y alcohol, a ti es a quien le escribo, no esta malo na', si lo ves de este punto, tú quieres yo quiero, pues estemos juntos, si se oponen ¿Qué se supone que yo haga?, si cuando el corazón se enciende, la razón se apaga, no está conmigo y no fue que le falle, hay cosas que duelen más que ser infiel, ah, ahora hablamos menos, pero hacemos mas, parece mentira que toda esta guerra me de tanta paz, se siente bien, se siente mal, se siente y ya, te esperan ya tienes que irte, luego se repetirá, seguro vendrá, seguro se ira, pero volverá, yo le doy placer y él lo único que le da es inseguridad. Pasan las horas y sigo pensando ¿Está bien o está mal?, tocándome donde tocaste, a ver si se siente igual, mi juicio falla cuando lo que quiero, va contra mi moral-al, y siempre que quiero salir del vicio, me vuelve a encontrar. Uh-uh, uh-uh Esto está mal, uh-uh, uh-uh, uh-uh pero lo haría otra vez. Siempre eso de sexo na' más, siempre termina en algo mas, sabíamos que íbamos a terminar mal, pero nos dejamos llevar, y lo mismo volvió a pasar, por el miedo a fracasar, dices que me odias, pero estamos claros que tú vas a regresar, no soy un santo tú puedes comentar, pero eso lo sabias antes de esto comenzar, te lo juro yo no te quería lastimar, una chica como tú no se consigue por ahí al azar, acercarme fue tan fácil, alejarme es tan difícil, el sexo es lo único que mantiene esta crisis, ya que rumores vienen y van, de que ahora todas se van, tego ni Voltio están, te haces la pendeja, pero sabes que la que me escribió no era una fan, pero que vas a hacer, me vas a creer, porque tú no me quieres perder, me vas a pelear pa' luego textearme Negro, te quiero ver, regresas como un bumerang en menos de una hora, tu y el dinero mi única droga, no tengo tiempo pa' ti, como me gustaría a mi, por eso mi corazón no es tuyo, mi pantalón si. Mi corazón no es tuyo, mi pantalón si, mi corazón no es tuyo, mi pantalón si. Pasan las horas y sigo pensando ¿Está bien o está mal?, tocándome donde tocaste, a ver si se siente igual, mi juicio falla cuando lo que quiero, va contra mi moral-al, y siempre que quiero salir del vicio, me vuelve a encontrar. Uh-uh, uh-uh Esto está mal, uh-uh, uh-uh, uh-uh pero lo haría otra vez, uh-uh, uh-uh Esto está mal, uh-uh, uh-uh, uh-uh sé que lo haría otra vez, uh-uh, uh-uh Esto está mal, uh-uh, uh-uh, uh-uh pero lo haría otra vez, uh-uh, uh-uh Esto está mal, uh-uh, uh-uh, uh-uh sé que lo haría otra vez."
T1_TRAIN_1835,3424656,NM,M,0.9357798165137615,"
[Letra de ""Grita""]

[Verso 1]
Hace días que te observo
Y he contado con los dedos
Cuantas veces te has reído
Y una mano me ha valido
Hace días que me fijo
No sé que guardas ahí dentro
Y a juzgar por lo que veo
Nada bueno, nada bueno

[Verso 2]
¿De qué tienes miedo?
A reír y a llorar luego
A romper el hielo
Que recubre tu silencio
Suéltate ya y cuéntame
Que aquí estamos para eso
Pa' lo bueno y pa' lo malo
Llora ahora y ríe luego

[Estribillo]
Si salgo corriendo, tú me agarras por el cuello
Y si no te escucho, grita
Te tiendo la mano tú agarra todo el brazo
Y si quieres más pues, grita

[Verso 3]
Hace tiempo alguien me dijo
Cual era el mejor remedio
Cuando sin motivo alguno
Se te iba el mundo al suelo
Y si quieres yo te explico
En que consiste el misterio
Que no hay cielo, mar ni tierra
Que la vida es un sueño

[Estribillo]
Si salgo corriendo, tú me agarras por el cuello
Y si no te escucho, grita
Te tiendo la mano tú agarra todo el brazo
Y si quieres más pues, ¡Grita, ah-ah!
¡Grita, ah-ah!¡Grita, ah-ah!¡Grita, ah-ah!
Si salgo corriendo, tú me agarras por el cuello
Y si no te escucho, grita
Te tiendo la mano tú agarra todo el brazo
Y si quieres más pues, grita","Hace días que te observo, y he contado con los dedos, cuantas veces te has reído, y una mano me ha valido, hace días que me fijo, no sé que guardas ahí dentro, y a juzgar por lo que veo, nada bueno, nada bueno, ¿De qué tienes miedo?, a reír y a llorar luego, a romper el hielo, que recubre tu silencio, suéltate ya y cuéntame, que aquí estamos para eso, pa' lo bueno y pa' lo malo, llora ahora y ríe luego, si salgo corriendo, tú me agarras por el cuello, y si no te escucho, grita, te tiendo la mano tú agarra todo el brazo, y si quieres más pues, grita, hace tiempo alguien me dijo, cual era el mejor remedio, cuando sin motivo alguno, se te iba el mundo al suelo, y si quieres yo te explico, en que consiste el misterio, que no hay cielo, mar ni tierra, que la vida es un sueño, si salgo corriendo, tú me agarras por el cuello, y si no te escucho, grita, te tiendo la mano tú agarra todo el brazo, y si quieres más pues, ĄGrita, ah-ah!, ąGrita, ah-ah!ĄGrita, ah-ah!ĄGrita, ah-ah!, si salgo corriendo, tú me agarras por el cuello, y si no te escucho, grita, te tiendo la mano tú agarra todo el brazo, y si quieres más pues, grita."
T1_TRAIN_1861,751789,NM,M,0.987012987012987,"s
Hay que laureles tan verdes que rosas tan encendidas
Si piensas abandonarme mejor quítame la vida
Alza los ojos a verme, si no estas comprometida

Eres rosa de algodón que vives en el capullo
Hay que tristeza me da cuando te llenas de orgullo
De ver a mi corazón, enredado con el tuyo

Eres rosa de castilla, que solo en mayo se ve
Quisiera serte un envite pero la verdad no se
Si tienes quien te lo evite, mejor me separare

Por ahí va la despedida, chita por tus quereres
La perdición de los hombres son las benditas mujeres
Aquí se acaban cantando los versos de los laureles","Hay que laureles tan verdes que rosas tan encendidas, si piensas abandonarme mejor quítame la vida, alza los ojos a verme, si no estas comprometida, eres rosa de algodón que vives en el capullo, hay que tristeza me da cuando te llenas de orgullo, de ver a mi corazón, enredado con el tuyo, eres rosa de castilla, que solo en mayo se ve, quisiera serte un envite pero la verdad no se, si tienes quien te lo evite, mejor me separare, por ahí va la despedida, chita por tus quereres, la perdición de los hombres son las benditas mujeres, aquí se acaban cantando los versos de los laureles."
T1_TRAIN_1864,9459415,NM,M,0.9867256637168141,"
[Ruben Sam]
Somos de la Fundación
De la Fundación
De la Fundación del hampón
Ruben Sam, Ruben Sam
Nebula en la casa el más temido criminal

[Nebula]
Mi nombre es Nebula, yeah
The Hip hop creator
Para la competencia el verdadero Exterminator
I'm a Puerto Rican cuz my skin is brown
Este no es mi estilo y la pegué Underground
Las rimas están saliendo de mi mente como balas
Fumo esta weed y boto el humo en tu cara
Nebula y Ruben Sam combinación que no se para
Suelta el microfono, ¿Por quе tu no te callas?
Yo te aseguro, pеrderás en la batalla
Qué es lo que tu quieres, que rimando te knockee
O te lleve hasta el toilet y en el baño te flushee
Sé que puedo con usted y haciendo un chiste lo demuestro
A.Z. y DJ Black combinación de dos maestros
Supercalifragilistico-espialitoso
My name's not Yogi tampoco es Mosso
I'm straight form the Ghetto, no soy narco ni soy negro
Todo el mundo en mi corillo dice que es un negro
I got a pistol in my pocket, say what, huh
I got a pistol in my pocket, no te pegues motherfucker
Si no te gusta esto ya tyu sabes shut the fuck up
Yo digo Mic Check, nunca diggidy-mic check'a
Si quieres unas clases saca el lapiz y la libreta
A toda la competencia you can go to hell
Rest in peace to my nigga Bimbo and my socio Michelle

[Ruben Sam]
Somos de la Fundación
De la Fundación
De la Fundación del hampón
Ruben Sam, Ruben Sam
Nebula en la casa el más temido criminal

[Nebula]
Pon tu tres cuatro, pon el microfono en On
I got you cray with my grupo behind the microphone
All the watcher M.C. cojan el microfono hablan mierda
Prestame atención y que tu mente bno se pierda
Como un mago en su show dice Abra-Kadabra
Nebula te da la llave pa' que el cerebro abra
Mucha gente frontea sin ser dueño de puntos
Ser alicate y alcahuete ese es su asunto
Conectando mujeres que son unas palgas
Que se ponen pantalones y se le ven las nalgas
Lo que tiramos de costumbre va directo a tu face
Somos to's puertorriqueños como Carlito's Way
Me dicen el verdugo de to' envidioso
Celoso, apestoso y al aplastar lo gozo
Mi arma el microfono, palabras son mis balas
Que van disparando con dirección a tu cara
Straight up, kid (Eh-eh)

[Ruben Sam]
Somos de la Fundación
De la Fundación
De la Fundación del hampón
Ruben Sam, Ruben Sam
Nebula en la casa el más temido criminal
Somos de la Fundación
De la Fundación
De la Fundación del hampón
Ruben Sam, Ruben Sam
Nebula en la casa el más temido criminal...","Somos de la Fundación, de la Fundación, de la Fundación del hampón, ruben Sam, Ruben Sam, nebula en la casa el más temido criminal. Mi nombre es Nebula, yeah, the Hip hop creator, para la competencia el verdadero Exterminator, i'm a Puerto Rican cuz my skin is brown, este no es mi estilo y la pegué Underground, las rimas están saliendo de mi mente como balas, fumo esta weed y boto el humo en tu cara, nebula y Ruben Sam combinación que no se para, suelta el microfono, ¿Por que tu no te callas?, yo te aseguro, perderás en la batalla, qué es lo que tu quieres, que rimando te knockee, o te lleve hasta el toilet y en el baño te flushee, sé que puedo con usted y haciendo un chiste lo demuestro, a.Z. y DJ Black combinación de dos maestros, supercalifragilistico-espialitoso, my name's not Yogi tampoco es Mosso, i'm straight form the Ghetto, no soy narco ni soy negro, todo el mundo en mi corillo dice que es un negro, i got a pistol in my pocket, say what, huh, i got a pistol in my pocket, no te pegues motherfucker, si no te gusta esto ya tyu sabes shut the fuck up, yo digo Mic Check, nunca diggidy-mic check'a, si quieres unas clases saca el lapiz y la libreta, a toda la competencia you can go to hell, rest in peace to my nigga Bimbo and my socio Michelle. Somos de la Fundación, de la Fundación, de la Fundación del hampón, ruben Sam, Ruben Sam, nebula en la casa el más temido criminal. Pon tu tres cuatro, pon el microfono en On, i got you cray with my grupo behind the microphone, all the watcher M.C. cojan el microfono hablan mierda, prestame atención y que tu mente bno se pierda, como un mago en su show dice Abra-Kadabra, nebula te da la llave pa' que el cerebro abra, mucha gente frontea sin ser dueño de puntos, ser alicate y alcahuete ese es su asunto, conectando mujeres que son unas palgas, que se ponen pantalones y se le ven las nalgas, lo que tiramos de costumbre va directo a tu face, somos to's puertorriqueños como Carlito's Way, me dicen el verdugo de to' envidioso, celoso, apestoso y al aplastar lo gozo, mi arma el microfono, palabras son mis balas, que van disparando con dirección a tu cara, straight up, kid Eh-eh. Somos de la Fundación, de la Fundación, de la Fundación del hampón, ruben Sam, Ruben Sam, nebula en la casa el más temido criminal, somos de la Fundación, de la Fundación, de la Fundación del hampón, ruben Sam, Ruben Sam, nebula en la casa el más temido criminal...."
T1_TRAIN_1888,1854942,NM,M,0.9387755102040817," final de todo
Vas a llorar por mí
[Letra de ""Vas A Llorar Por Mi""]

[Verso 1]
Así como te quise, ahora te maldigo
El amor se hace odio, lo comprobé contigo
De veras que agradezco que ya no estés conmigo
Tú no vales mi llanto
De haberte amado tanto estoy arrepentido

[Verso 2]
Hoy niegas que mis besos te hacían sentir bonito
Y el que estás sin mirarme, no duele ni un poquito
Que por nada del mundo regresarías conmigo
Me quieres y lo niegas
Y yo, aunque no lo creas, ya no te necesito

[Coro]
Maldita sea mi suerte, ¿por qué te conocí?
Malditos sean los besos que tú me diste a mí
Malditas las caricias con las que me enviciaste a no vivir sin ti
Maldito sea el momento, aquel que te encontré
Porque como un idiota de ti me enamoré
Bendito tu abandono, porque al final de todo
Vas a llorar por mí

[Interludio]
Y te juro que vas a llorar
Pero lágrimas de sangre, ingrata

[Coro]
Maldita sea mi suerte, ¿por qué te conocí?
Malditos sean los besos que tú me diste a mí
Malditas las caricias con las que me enviciaste a no vivir sin ti
Maldito sea el momento, aquel que te encontré
Porque como un idiota de ti me enamoré
Bendito tu abandono, porque al final de todo
Vas a llorar por mí","final de todo, vas a llorar por mí. Así como te quise, ahora te maldigo, el amor se hace odio, lo comprobé contigo, de veras que agradezco que ya no estés conmigo, tú no vales mi llanto, de haberte amado tanto estoy arrepentido. Hoy niegas que mis besos te hacían sentir bonito, y el que estás sin mirarme, no duele ni un poquito, que por nada del mundo regresarías conmigo, me quieres y lo niegas, y yo, aunque no lo creas, ya no te necesito. Maldita sea mi suerte, ¿por qué te conocí?, malditos sean los besos que tú me diste a mí, malditas las caricias con las que me enviciaste a no vivir sin ti, maldito sea el momento, aquel que te encontré, porque como un idiota de ti me enamoré, bendito tu abandono, porque al final de todo, vas a llorar por mí. Y te juro que vas a llorar, pero lágrimas de sangre, ingrata. Maldita sea mi suerte, ¿por qué te conocí?, malditos sean los besos que tú me diste a mí, malditas las caricias con las que me enviciaste a no vivir sin ti, maldito sea el momento, aquel que te encontré, porque como un idiota de ti me enamoré, bendito tu abandono, porque al final de todo, vas a llorar por mí."
T1_TRAIN_1921,927870,NM,M,0.9852941176470589,"
[Letra de ""Hociquito de Ratón""]

Censores moralistas
Ya todo terminó
Yo siento en el pecho una extraña sensación
Se me cae el pucho y luego se me cae el pantalón
Trataba de explicarle a esta gran nación que paren
La campaña de desratización
Que no persigan al hociquito de ratón

Hociquito de ratón
Hociquito de ratón
Hociquito de ratón
Hociquito de ratón
Yo quiero pronto en mi puchero a un hociquito de ratón

Manliba enojada
Muy pronto protestó
En tachos de basura corpiños encontró
La vida es libre estamos todos corriendo
Ejército de tetas atacan la nación
De lejos se divisan hociquitos de ratón
Con su lechita estamos bañados de amor

Hociquito de ratón
Hociquito de ratón
Hociquito de ratón
Hociquito de ratón
Yo quiero pronto en mi puchero a un hociquito de ratón

Hociquito de ratón
Hociquito de ratón
Hociquito de ratón
Hociquito de ratón
Yo quiero pronto en mi puchero a un hociquito de ratón","Censores moralistas, ya todo terminó, yo siento en el pecho una extraña sensación, se me cae el pucho y luego se me cae el pantalón, trataba de explicarle a esta gran nación que paren, la campaña de desratización, que no persigan al hociquito de ratón, hociquito de ratón, hociquito de ratón, hociquito de ratón, hociquito de ratón, yo quiero pronto en mi puchero a un hociquito de ratón, manliba enojada, muy pronto protestó, en tachos de basura corpiños encontró, la vida es libre estamos todos corriendo, ejército de tetas atacan la nación, de lejos se divisan hociquitos de ratón, con su lechita estamos bañados de amor, hociquito de ratón, hociquito de ratón, hociquito de ratón, hociquito de ratón, yo quiero pronto en mi puchero a un hociquito de ratón, hociquito de ratón, hociquito de ratón, hociquito de ratón, hociquito de ratón, yo quiero pronto en mi puchero a un hociquito de ratón."
T1_TRAIN_1954,2209344,NM,M,0.9038461538461539,"
[Letra de ""Allá en el Rancho Grande""]

[Coro]
Allá en el rancho grande
Allá donde vivía
Había una rancherita
Que alegre me decía
Que alegre me decía (¿Qué te decía, manito?)

[Verso 1]
""Te voy hacer tus calzones (¿Cómo?)
Como los usa el ranchero (¿De qué?)
Te los comienzo de lana (¿Y luego?)
Te los acabo de cuero""

[Coro]
(Allá en el rancho grande)
(Allá donde vivía)
(Había una rancherita)
(Que alegre me decía)
(Que alegre me decía)

[Verso 2]
""El gusto de lo ranchero
Es tener su buen caballo (¿'Pa qué?)
Pa' ensillarlo por la tarde (¿Y luego?)
Darle la vuelta al vallado""

[Coro]
(Allá en el rancho grande)
(Allá donde vivía)
(Había una rancherita)
(Que alegre me decía)
(Que alegre me decía)","Allá en el rancho grande, allá donde vivía, había una rancherita, que alegre me decía, que alegre me decía ¿Qué te decía, manito?, te voy hacer tus calzones ¿Cómo?, como los usa el ranchero ¿De qué?, te los comienzo de lana ¿Y luego?, te los acabo de cuero, allá en el rancho grande, allá donde vivía, había una rancherita, que alegre me decía, que alegre me decía, el gusto de lo ranchero, es tener su buen caballo ¿'Pa qué?, pa' ensillarlo por la tarde ¿Y luego?, darle la vuelta al vallado, allá en el rancho grande, allá donde vivía, había una rancherita, que alegre me decía, que alegre me decía."
T1_TRAIN_1958,7947922,M,NM,0.8925619834710744,"
[Letra de ''Cara Bonita'' ft. Barroso]

[Pre-coro: Dani MDR, Barroso]
Ozarus
Tu amor es mi veneno, me alegra la mañana
Tu olor a caramelo, me nubla la mirada
Lánzame un beso al cielo, al cielo
Y grita que me amas
Yo te daré consuelo toda la madrugada

[Estribillo: Dani MDR, Barroso]
Que cara más bonita tiene esa niña
Cada vez que me besas, dice la biblia
Que nació pa ser princesa de un cuento de hadas
Ella es mi reina mora no la cambio por nada
Que cara más bonita tiene esa niña
Cada vez que me besas, dice la biblia
Que nació pa sеr princesa de un cuento dе hadas
Ella es mi reina mora no la cambio por nada

[Verso 1: Dani MDR]
Porque bailando contigo yo siento
Que en el amor, niña, todo se olvida
Nuestro futuro siempre fue perfecto
Y hoy es nuestro día
Contando gotas en la ventana del coche
Donde un detalle era simple eternidad
Y después tú pintabas mi nombre en el cristal
Te encontré, bajo la lluvia te encontré
Y hoy confieso, que de tus besos, te juro que me enamoré

[Estribillo: Dani MDR, Barroso]
Que cara más bonita tiene esa niña
Cada vez que me besas, dice la biblia
Que nació pa ser princesa de un cuento de hadas
Ella es mi reina mora no la cambio por nada
Que cara más bonita tiene esa niña
Cada vez que me besas, dice la biblia
Que nació pa ser princesa de un cuento de hadas
Ella es mi reina mora no la cambio por nada

[Verso 2: Barroso]
Y cada noche que navego por su cielo
Mientras yo remo, me acaricia por detrás
Con esas manos suaves como el terciopelo
Siento que me ama de verdad

[Pre-coro: Dani MDR, Barroso]
Tu amor es mi veneno, me alegra la mañana
Tu olor a caramelo, me nubla la mirada
Lánzame un beso al cielo, al cielo
Y grita que me amas
Yo te daré consuelo toda la madrugada

[Estribillo: Dani MDR, Barroso]
Que cara más bonita tiene esa niña
Cada vez que me besas, dice la biblia
Que nació pa ser princesa de un cuento de hadas
Ella es mi reina mora no la cambio por nada
Que cara más bonita tiene esa niña
Cada vez que me besas, dice la biblia
Que nació pa ser princesa de un cuento de hadas
Ella es mi reina mora no la cambio por nada","Ozarus, tu amor es mi veneno, me alegra la mañana, tu olor a caramelo, me nubla la mirada, lánzame un beso al cielo, al cielo, y grita que me amas, yo te daré consuelo toda la madrugada, que cara más bonita tiene esa niña, cada vez que me besas, dice la biblia, que nació pa ser princesa de un cuento de hadas, ella es mi reina mora no la cambio por nada, que cara más bonita tiene esa niña, cada vez que me besas, dice la biblia, que nació pa ser princesa de un cuento de hadas, ella es mi reina mora no la cambio por nada, porque bailando contigo yo siento, que en el amor, niña, todo se olvida, nuestro futuro siempre fue perfecto, y hoy es nuestro día, contando gotas en la ventana del coche, donde un detalle era simple eternidad, y después tú pintabas mi nombre en el cristal, te encontré, bajo la lluvia te encontré, y hoy confieso, que de tus besos, te juro que me enamoré, que cara más bonita tiene esa niña, cada vez que me besas, dice la biblia, que nació pa ser princesa de un cuento de hadas, ella es mi reina mora no la cambio por nada, que cara más bonita tiene esa niña, cada vez que me besas, dice la biblia, que nació pa ser princesa de un cuento de hadas, ella es mi reina mora no la cambio por nada, y cada noche que navego por su cielo, mientras yo remo, me acaricia por detrás, con esas manos suaves como el terciopelo, siento que me ama de verdad, tu amor es mi veneno, me alegra la mañana, tu olor a caramelo, me nubla la mirada, lánzame un beso al cielo, al cielo, y grita que me amas, yo te daré consuelo toda la madrugada, que cara más bonita tiene esa niña, cada vez que me besas, dice la biblia, que nació pa ser princesa de un cuento de hadas, ella es mi reina mora no la cambio por nada, que cara más bonita tiene esa niña, cada vez que me besas, dice la biblia, que nació pa ser princesa de un cuento de hadas, ella es mi reina mora no la cambio por nada."
T1_TRAIN_1965,10219172,NM,M,0.935064935064935,"r
[Letra de ""Calientita""]

[Verso]
No puedo creer tanta belleza
Tú debes de ser de otro planeta
Te veo y en corto me prendes todos los sentidos
Cuando el calor de tu aliento me llega a un oído
Y un suspiro se me sale si te miro sin vestido

[Coro]
Y te quiero besar y tu cuello morder
Mis manos deslizar por todita tu piel
Quisiera saber tus fantasías
Pa' poderlas cumplir
Ya te quiero comer todita, natural
Contigo amanecer para desayunar
Calientita tu anatomía
Te voy a pervertir

[Interludio]
Dándole, compadre
Y puro Fiera de Ojinaga, mi primo
Chiquitita

[Coro]
Y te quiero besar y tu cuello morder
Mis manos deslizar por todita tu piel
Quisiera saber tus fantasías
Pa' poderlas cumplir
Ya te quiero comer todita, natural
Contigo amanecer para desayunar
Calientita tu anatomía
Te voy a pervertir","No puedo creer tanta belleza, tú debes de ser de otro planeta, te veo y en corto me prendes todos los sentidos, cuando el calor de tu aliento me llega a un oído, y un suspiro se me sale si te miro sin vestido, y te quiero besar y tu cuello morder, mis manos deslizar por todita tu piel, quisiera saber tus fantasías, pa' poderlas cumplir, ya te quiero comer todita, natural, contigo amanecer para desayunar, calientita tu anatomía, te voy a pervertir, dándole, compadre, y puro Fiera de Ojinaga, mi primo, chiquitita, y te quiero besar y tu cuello morder, mis manos deslizar por todita tu piel, quisiera saber tus fantasías, pa' poderlas cumplir, ya te quiero comer todita, natural, contigo amanecer para desayunar, calientita tu anatomía, te voy a pervertir."
T1_TRAIN_1974,793811,M,NM,0.8106060606060606,"[Verso 1]
Don Diablo se ha escapado
Tú no sabes la que ha armado
Ten cuidado, yo lo digo por si...

[Verso 2]
Anda por rincones
Y se esconde en los cajones
De la presa que decida conseguir

[Pre-estribillo]
Conseguir
Si sigue así yo se lo voy a decir
Que te cante: ""Ay mi niña""
Cómo gozo cuando guiñas
Yo quisiera darte un beso chiquitín

Con un swing por aquí por allí
Un beso chiquitín con un swing haa!
Un beso chiquitín con un swing

[Estribillo]
Te agarra muy suavemente
Te acaba en un pis pas
No tiene moral
Y es difícil de saciar
Te gusta y todo lo das

[Verso 3]
Don Diablo que es muy cuco
Siempre sale con el truco
Del futuro colorado colorín

[Verso 4]
Y si acaso cedes
Usará sus mil poderes
Para ver como te puede conseguir

[Pre-estribillo]
Conseguir
Si sigue así yo se lo voy a decir
Que te cante: ""Ay mi niña""
Cómo gozo cuando guiñas
Yo quisiera darte un beso chiquitín

Con un swing por aquí por allí
Un beso chiquitín con un swing sí!
Un beso chiquitín con un swing

[Estribillo]
Te agarra muy suavemente
Te acaba en un pis pas
No tiene moral
Y es difícil de saciar
Te gusta y todo lo das

[Interludio]
2, 3, 4, 5, 6, 7, 8, 9, 10, 11, 12

[Verso 5]
Don Diablo se perfuma
Y se afeita con espuma
Es un zorro al que le gusta presumir

[Verso 6]
Su encanto poco a poco
A cualquiera vuelve loco
Reza y pide si te empieza a perseguir

[Pre-estribillo]
Perseguir
Si sigue así yo se lo voy a decir
Que te cante: ""Ay mi niña""
Cómo gozo cuando guiñas
Yo quisiera darte un beso chiquitín

Con un swing por aquí por allí
Un beso chiquitín con un swing sí!
Un beso chiquitín con un swing...

[Estribillo]
Te agarra muy suavemente
Te acaba en un pis pas
No tiene moral
Y es difícil de saciar
Te gusta y todo lo das

[Puente]
No, no
Ni hablar
No voy a caer
Vete tú a saber

[Estribillo]
Te agarra muy suavemente
Te acaba en un pis pas
No tiene moral
Y es difícil de saciar
Te gusta y todo lo das

[Outro]
Vete tú a saber
Vete tú a saber
Vete tú a saber

(Ron con coca-cola)
(Ron con coca-cola)
Un beso chiquitito
(Ron con coca-cola)
Un swing agarradito
(Ron con coca-cola)
(Ron con coca-cola)
Na, na, na, na, na, na, por allí
(Ron con coca-cola)
Aay! Un beso chiquitito
(Ron con coca-cola)
Un swing agarradito
(Ron con coca-cola)
(Ron con coca-cola)
Na, na, na, na, na, na, por aquí
(Ron con coca-cola)
(Ron con coca-cola)","Don Diablo se ha escapado, tú no sabes la que ha armado, ten cuidado, yo lo digo por si..., conseguir, si sigue así yo se lo voy a decir, que te cante: Ay mi niña, cómo gozo cuando guiñas, yo quisiera darte un beso chiquitín, con un swing por aquí por allí, un beso chiquitín con un swing haa!, un beso chiquitín con un swing. Conseguir, si sigue así yo se lo voy a decir, que te cante: Ay mi niña, cómo gozo cuando guiñas, yo quisiera darte un beso chiquitín. Con un swing por aquí por allí, un beso chiquitín con un swing haa!, un beso chiquitín con un swing, don Diablo que es muy cuco, siempre sale con el truco, del futuro colorado colorín. Y si acaso cedes, usará sus mil poderes, para ver como te puede conseguir. Don Diablo que es muy cuco, siempre sale con el truco, del futuro colorado colorín, te agarra muy suavemente, te acaba en un pis pas, no tiene moral, y es difícil de saciar, te gusta y todo lo das. Conseguir, si sigue así yo se lo voy a decir, que te cante: Ay mi niña, cómo gozo cuando guiñas, yo quisiera darte un beso chiquitín. Con un swing por aquí por allí, un beso chiquitín con un swing sí!, un beso chiquitín con un swing, don Diablo se perfuma, y se afeita con espuma, es un zorro al que le gusta presumir. Su encanto poco a poco, a cualquiera vuelve loco, reza y pide si te empieza a perseguir, perseguir, si sigue así yo se lo voy a decir, que te cante: Ay mi niña, cómo gozo cuando guiñas, yo quisiera darte un beso chiquitín, con un swing por aquí por allí, un beso chiquitín con un swing sí!, un beso chiquitín con un swing.... Don Diablo se perfuma, y se afeita con espuma, es un zorro al que le gusta presumir, no, no, ni hablar, no voy a caer, vete tú a saber. Perseguir, si sigue así yo se lo voy a decir, que te cante: Ay mi niña, cómo gozo cuando guiñas, yo quisiera darte un beso chiquitín. Con un swing por aquí por allí, un beso chiquitín con un swing sí!, un beso chiquitín con un swing..., vete tú a saber, vete tú a saber, vete tú a saber, ron con coca-cola, ron con coca-cola, un beso chiquitito, ron con coca-cola, un swing agarradito, ron con coca-cola, ron con coca-cola, na, na, na, na, na, na, por allí, ron con coca-cola, aay! Un beso chiquitito, ron con coca-cola, un swing agarradito, ron con coca-cola, ron con coca-cola, na, na, na, na, na, na, por aquí, ron con coca-cola, ron con coca-cola. No, no, ni hablar, no voy a caer, vete tú a saber. Te agarra muy suavemente, te acaba en un pis pas, no tiene moral, y es difícil de saciar, te gusta y todo lo das. Vete tú a saber, vete tú a saber, vete tú a saber. Ron con coca-cola, ron con coca-cola, un beso chiquitito, ron con coca-cola, un swing agarradito, ron con coca-cola, ron con coca-cola, na, na, na, na, na, na, por allí, ron con coca-cola, aay! Un beso chiquitito, ron con coca-cola, un swing agarradito, ron con coca-cola, ron con coca-cola, na, na, na, na, na, na, por aquí, ron con coca-cola, ron con coca-cola."
T1_TRAIN_1990,4488609,NM,M,0.930327868852459,"
Enciéndela y fúmala
[Letra de ""Humo en la Trampa"" ft. Dee, Cozy Cuz, Yoga Fire & Fntxy]

[Intro: Alemán]
Préndete esa madre a la verga
Otro pinche gallo, güe'
Todo el día marihuano

[Coro: Alemán]
Ya destronché, la rolé, la prendí, la quemé
Tengo verde hasta la piel, Sour Diesel en papel
Se me acabó, ya amarré, levanté, me forjé
Marihuano otra vez, es mi estado de siempre

[Verso 1: Dee, Yoga Fire & Cozy Cuz]
Mota, pasto, quemo diario, ganja, gramos, los fumamos
Prendo de la bonga, está repleta, médica la planta en mi receta
Neta, checa cómo apesta mi hierba
Yo tengo un par de libras y cien joints forjados
La caja de zigzag, veinte pre-rolados
Mota, wax, mucho hach', fumo mota, ando high
Mucho humo aquí en la trampa (Traphouse)
Bitch, no abras la ventana (Hotbox) (Súbela, ya, ya)
Pura weed de la armada (CBD most)
De la que crece encerrada (Homegrown)
Ya no llega en avionetas (Ni tampoco en camionetas)
La compramos con recetas (Con doctor)
Ya no crece allá en la sierra (Lejos, uh)
No, pura luz ultra violeta, ¡rah!
Saca ese gallón, préndelo, mamón
Tiene buen sabor, kush amalayon
La quemo en el bong, agusto en mi cantón
Y para los joints tengo un forjador
Fumo to' los días, no me falla en la semana
Tiro mucho humo, nos encanta la morada
Ando bien agusto, me echo cinco en la mañana
Ando en el estudio y me siento en la NASA

[Coro: Alemán]
Ya destronché, la rolé, la prendí, la quemé
Tengo verde hasta la piel, Sour Diesel en papel
Se me acabó, ya amarré, levanté, me forjé
Marihuano otra vez, es mi estado de siempre

[Verso 2: Alemán & Fntxy]
Para que voy a mentir si siempre voy a quemar
Marihuano soy feliz, así me voy a quedar
Siempre fumo, fumo, fumo wax
Siempre fumo, fumo, fumo hach'
Y si vas pa'l trabajo molesto porque es temprano
Sólo saca la pipa y ponte bien marihuano
Puro pinche loco mexicano, saca má' y ahorita nos forjamos
Ey, onzas, kilos, tengo mucho dope
Yo no vendo, me la fumo to'
Mijo, me la prendo con un par de hoes
En todo' los vídeos y en todos los shows
Y ahora me la envían directo en avión
Paquete' con mi nombre, sácate otro blunt
Si salgo de viaje pluma de sabor, toda' mi' puta' vaporizador
Con cuidado salgo pa' la street, lo prendemo' si no hay police
Donde sea siempre traigo green, no me importa, vo' a seguir así
Lo combino con un Hennessy, Kush Nation, pura OG
Chécate la nube encima de mi team
No levantes ola' cuando prenda weed

[Coro: Alemán]
Ya destronché, la rolé, la prendí, la quemé
Tengo verde hasta la piel, Sour Diesel en papel
Se me acabó, ya amarré, levanté, me forjé
Marihuano otra vez, es mi estado de siempre

[Outro]
Oye, eso huele muy bien
Podemos crear un mundo verde con marihuana
Enciéndela y fúmala
Enciéndela y fúmala
Enciéndela y fúmala
Enciéndela y fúmala
Enciéndela y fúmala
Enciéndela y fúmala","Enciéndela y fúmala. Préndete esa madre a la verga, otro pinche gallo, güe', todo el día marihuano. Ya destronché, la rolé, la prendí, la quemé, tengo verde hasta la piel, Sour Diesel en papel, se me acabó, ya amarré, levanté, me forjé, marihuano otra vez, es mi estado de siempre. Mota, pasto, quemo diario, ganja, gramos, los fumamos, prendo de la bonga, está repleta, médica la planta en mi receta, neta, checa cómo apesta mi hierba, yo tengo un par de libras y cien joints forjados, la caja de zigzag, veinte pre-rolados, mota, wax, mucho hach', fumo mota, ando high, mucho humo aquí en la trampa Traphouse, bitch, no abras la ventana Hotbox Súbela, ya, ya, pura weed de la armada CBD most, de la que crece encerrada Homegrown, ya no llega en avionetas Ni tampoco en camionetas, la compramos con recetas Con doctor, ya no crece allá en la sierra Lejos, uh, no, pura luz ultra violeta, Ąrah!, saca ese gallón, préndelo, mamón, tiene buen sabor, kush amalayon, la quemo en el bong, agusto en mi cantón, y para los joints tengo un forjador, fumo to' los días, no me falla en la semana, tiro mucho humo, nos encanta la morada, ando bien agusto, me echo cinco en la mañana, ando en el estudio y me siento en la NASA. Ya destronché, la rolé, la prendí, la quemé, tengo verde hasta la piel, Sour Diesel en papel, se me acabó, ya amarré, levanté, me forjé, marihuano otra vez, es mi estado de siempre. Para que voy a mentir si siempre voy a quemar, marihuano soy feliz, así me voy a quedar, siempre fumo, fumo, fumo wax, siempre fumo, fumo, fumo hach', y si vas pa'l trabajo molesto porque es temprano, sólo saca la pipa y ponte bien marihuano, puro pinche loco mexicano, saca má' y ahorita nos forjamos, ey, onzas, kilos, tengo mucho dope, yo no vendo, me la fumo to', mijo, me la prendo con un par de hoes, en todo' los vídeos y en todos los shows, y ahora me la envían directo en avión, paquete' con mi nombre, sácate otro blunt, si salgo de viaje pluma de sabor, toda' mi' puta' vaporizador, con cuidado salgo pa' la street, lo prendemo' si no hay police, donde sea siempre traigo green, no me importa, vo' a seguir así, lo combino con un Hennessy, Kush Nation, pura OG, chécate la nube encima de mi team, no levantes ola' cuando prenda weed. Ya destronché, la rolé, la prendí, la quemé, tengo verde hasta la piel, Sour Diesel en papel, se me acabó, ya amarré, levanté, me forjé, marihuano otra vez, es mi estado de siempre. Oye, eso huele muy bien, podemos crear un mundo verde con marihuana, enciéndela y fúmala, enciéndela y fúmala, enciéndela y fúmala, enciéndela y fúmala, enciéndela y fúmala, enciéndela y fúmala."
T1_TRAIN_2003,9346661,NM,M,0.8939393939393939,"[Intro:]
(Paccoss on the beat)
You know sometimes
I think love is the most beautiful thing in the world
But it could also be the most evil thing in this world

[Chorus:]
El amor que me diste
No era verdad
Se en mi corazón
Tengo razón
Que nunca cambiarás
Mira la mujer a tu lado
Mentiste, es lo que estoy pensando
El diablo me dijo ""te amo""
El diablo eres tu

[Hook:]
Dile la verdad
Robas almas
Dile la verdad
No amas nada
Dile la verdad
Eres falso
Dile la verdad
Eres malvado

Dile la vеrdad
Robas almas
Dile la verdad
No amas nada
Dile la vеrdad
Eres falso
Dile la verdad
Eres malvado

[Verse 1:]
Ya quita esa cara nada te ha pasado
Ya tuve la mala suerte de tirar tu dado
Hoy tengo la suerte de no estar a tu lado
Eres un pobre fuckin diablo

[Verse 2:]
Sabes de que hablo
Que tiene de malo
Que te quite la máscara con la que me has engañado

[Chrous:]
El amor que me diste
No era verdad
Se en mi corazón
Tengo razón
Que nunca cambiarás
Mira la mujer a tu lado
Mentiste, es lo que estoy pensando
El diablo me dijo ""te amo""
El diablo eres tu

[Hook:]
Dile la verdad
Robas almas
Dile la verdad
No amas nada
Dile la verdad
Eres falso
Dile la verdad
Eres malvado

Dile la verdad
Robas almas
Dile la verdad
No amas nada
Dile la verdad
Eres falso
Dile la verdad
Eres malvado

[Bridge: Jay Roxxx & Fabiø Guerra]
No tengo razón pero te quiero sin tu amor
Mi amor, me muero
Mi amor, me muero
Tu alma está en mi colección
De tu tipo, ya tengo un montón
Me quieres aunque sabes lo que soy
Es difícil decirme a mi que no
No te hagas
Sabes con quien hablas
No me hacen falta palabras
Soy tu pobre diablo

[Outro:]
You know sometimes
I think love is the most beautiful thing in the world
But it could also be the most evil thing in this world
Because the same thing that gives me life
Be the same thing that takes it away
And to my pobre diablo..
Tú sabes quien eres
Te amo","Paccoss on the beat, you know sometimes, i think love is the most beautiful thing in the world, but it could also be the most evil thing in this world, el amor que me diste, no era verdad, se en mi corazón, tengo razón, que nunca cambiarás, mira la mujer a tu lado, mentiste, es lo que estoy pensando, el diablo me dijo te amo, el diablo eres tu, dile la verdad, robas almas, dile la verdad, no amas nada, dile la verdad, eres falso, dile la verdad, eres malvado. Dile la verdad, robas almas, dile la verdad, no amas nada, dile la verdad, eres falso, dile la verdad, eres malvado, ya quita esa cara nada te ha pasado, ya tuve la mala suerte de tirar tu dado, hoy tengo la suerte de no estar a tu lado, eres un pobre fuckin diablo, sabes de que hablo, que tiene de malo, que te quite la máscara con la que me has engañado, el amor que me diste, no era verdad, se en mi corazón, tengo razón, que nunca cambiarás, mira la mujer a tu lado, mentiste, es lo que estoy pensando, el diablo me dijo te amo, el diablo eres tu, dile la verdad, robas almas, dile la verdad, no amas nada, dile la verdad, eres falso, dile la verdad, eres malvado. Dile la verdad, robas almas, dile la verdad, no amas nada, dile la verdad, eres falso, dile la verdad, eres malvado, no tengo razón pero te quiero sin tu amor, mi amor, me muero, mi amor, me muero, tu alma está en mi colección, de tu tipo, ya tengo un montón, me quieres aunque sabes lo que soy, es difícil decirme a mi que no, no te hagas, sabes con quien hablas, no me hacen falta palabras, soy tu pobre diablo, you know sometimes, i think love is the most beautiful thing in the world, but it could also be the most evil thing in this world, because the same thing that gives me life, be the same thing that takes it away, and to my pobre diablo.., tú sabes quien eres, te amo."
T1_TRAIN_2009,9226381,NM,M,0.9505494505494505,"ba La Empresa SM
Puro CT
[Letra de ""En Corto""]

[Verso 1: Chino Pacas & Natanael Cano]
Y en corto se nota cuando llego
Con la motita que fumo despego
Varias morritas vienen luego luego
Y sí, es la neta, al chile no es un juego
Desde morrillo me gustó el refuego
Rosa pastel, les acomodo LEGOs
También privado, los mandamos llenos
Pacas ya sobran y aumenta los ceros
Si hay que gastar, para eso está el dinero
Ya últimamente como lo que quiero
Con varios tratos en el extranjero
Y se lo mandamos de diciembre a enero
Ya agarré vuelo, pócheseme bien, carnal
Que la noche apenas nos va a empezar
Norinco un cuerno si es para tirar
Y de La H el viejón pa' confirmar
De Dickies porta bien, tumba'o los trae
Marimba kush le gusta rostizar
En un leñón dos veces pa' volar
Y afirma el viejo, bien listo a accionar

[Interludio: Natanael Cano & Chino Pacas]
Y bien jalados, compa Chinito
Y arriba la bandera, mi viejo
Arriba Guanajuato
Que sigan llegando las pacas, compa Nata
Chau

[Verso 2: Natanael Cano & Chino Pacas]
Yendo pa' arriba, ahora voy en aumento
Y cómo le llegamos no fue lento
Gracias a Dios, ahorita el movimiento
Ya se está dando, ya ando bien contento
De lado a lado ahora me ven sonriendo
Y ya se preguntan qué es lo que ando haciendo
De la María hay corridos moviendo
La vida se hizo fácil, fui creciendo
De L.A. pa' Guanas y Florida Centro
Y a las morritas las llevo pa'dentro
Con la de BackPack que arriba la siento
Ya se hizo noche y un fiestón presiento
No fue de a gratis, sí le tuvimos que entrar
Desde abajo salí, guacha dónde ando ahora
De Amiri la chamarra y pa' jalar
Y en verguiza al viejo lo ven pasar
En la clica pura gente a accionar
En las Cadillac para trabajar
Pa'l gabacho zumbando a veces va
Y con su carnal se va a destrampar

[Outro: Chino Pacas]
Arriba La Empresa SM
Puro CT","ba La Empresa SM, puro CT. Y en corto se nota cuando llego, con la motita que fumo despego, varias morritas vienen luego luego, y sí, es la neta, al chile no es un juego, desde morrillo me gustó el refuego, rosa pastel, les acomodo LEGOs, también privado, los mandamos llenos, pacas ya sobran y aumenta los ceros, si hay que gastar, para eso está el dinero, ya últimamente como lo que quiero, con varios tratos en el extranjero, y se lo mandamos de diciembre a enero, ya agarré vuelo, pócheseme bien, carnal, que la noche apenas nos va a empezar, norinco un cuerno si es para tirar, y de La H el viejón pa' confirmar, de Dickies porta bien, tumba'o los trae, marimba kush le gusta rostizar, en un leñón dos veces pa' volar, y afirma el viejo, bien listo a accionar. Y bien jalados, compa Chinito, y arriba la bandera, mi viejo, arriba Guanajuato, que sigan llegando las pacas, compa Nata, chau. Yendo pa' arriba, ahora voy en aumento, y cómo le llegamos no fue lento, gracias a Dios, ahorita el movimiento, ya se está dando, ya ando bien contento, de lado a lado ahora me ven sonriendo, y ya se preguntan qué es lo que ando haciendo, de la María hay corridos moviendo, la vida se hizo fácil, fui creciendo, de L.A. pa' Guanas y Florida Centro, y a las morritas las llevo pa'dentro, con la de BackPack que arriba la siento, ya se hizo noche y un fiestón presiento, no fue de a gratis, sí le tuvimos que entrar, desde abajo salí, guacha dónde ando ahora, de Amiri la chamarra y pa' jalar, y en verguiza al viejo lo ven pasar, en la clica pura gente a accionar, en las Cadillac para trabajar, pa'l gabacho zumbando a veces va, y con su carnal se va a destrampar. Arriba La Empresa SM, puro CT."
T1_TRAIN_2011,2070066,NM,M,0.752,"
Rodeados en la mesa mis hijos y yo
Mнramos con tristeza la silla vacнa
Vacнa que con tu engaсo y tu infamia quedу
La ruina de tu vida, la de ellos y mнa

A veces me preguntan que donde estarбs
Y el hecho de mentirles me llena de espanto
Les digo que en el cielo y de allб nos verбs
Que nos quisiste mucho y que fuiste un santo

Les tuve que mentir por no hacerlos sufrir
Y me tocу llorar sangre del alma mнa
No podнa decirles que fuiste capaz
De abandonar por otra tu hogar y tus hijos

Hablado:
A veces me preguntan sн estбs en el cielo
Y me muerdo los labios al decir que sн
No el mas grandecito que ya entiende tu infamia
Y baja la vista sin verme de frente;
Nunca entra a tu cuarto, nн tu nombre aclama
Y le gusta aislarse, lejos, lejos de la gente
Veo a la mas pequeсa correr por la casa
Con su sonrisa infantil y su inocente alegrнa
Luego se detiene, te besa y te abraza
Aunque solo acaricia... La silla vacнa

Les tuve que mentir por no hacerlos sufrir
Y me tocу llorar sangre del alma mнa
No podнa decirles que fuiste capaz
De abandonar por otra tu hogar y tus hijos","Rodeados en la mesa mis hijos y yo, mĐ˝ramos con tristeza la silla vacĐ˝a, vacĐ˝a que con tu engaŃo y tu infamia quedŃ, la ruina de tu vida, la de ellos y mĐ˝a, a veces me preguntan que donde estarĐąs, y el hecho de mentirles me llena de espanto, les digo que en el cielo y de allĐą nos verĐąs, que nos quisiste mucho y que fuiste un santo, les tuve que mentir por no hacerlos sufrir, y me tocŃ llorar sangre del alma mĐ˝a, no podĐ˝a decirles que fuiste capaz, de abandonar por otra tu hogar y tus hijos, hablado:, a veces me preguntan sĐ˝ estĐąs en el cielo, y me muerdo los labios al decir que sĐ˝, no el mas grandecito que ya entiende tu infamia, y baja la vista sin verme de frente;, nunca entra a tu cuarto, nĐ˝ tu nombre aclama, y le gusta aislarse, lejos, lejos de la gente, veo a la mas pequeŃa correr por la casa, con su sonrisa infantil y su inocente alegrĐ˝a, luego se detiene, te besa y te abraza, aunque solo acaricia... La silla vacĐ˝a, les tuve que mentir por no hacerlos sufrir, y me tocŃ llorar sangre del alma mĐ˝a, no podĐ˝a decirles que fuiste capaz, de abandonar por otra tu hogar y tus hijos."
T1_TRAIN_2016,765260,NM,M,0.8740157480314961,"[Intro]
Esa negrita que va caminando
Esa negrita tiene su tumba'o
Y cuando la gente la va mirando
Ella baila de lao', tambien apreta'o, apreta'o, apreta'o

[Refrain]
La negra tiene tumba'o
¡Azúcar! ¡Azúcar!
Y no camina de la'o

[Verse 1: Celia Cruz]
Si quieres llegar derecho
Mejor camina de frente
Para que no hayan tropiezos
Y vengan y te lamentes
Si quieres llegar primero
Mejor se corre despacio
Disfruta bien de la vida (Cariño)
Aunque tomando medidas
¡Azúcar!

[Chorus: Celia Cruz & Mikey]
La negra tiene tumba'o
Tiene tumba'o, tiene tumba'o
Y no camina de la'o
Y no camina de la'o, y no camina de la'o
La negra tiene tumba'o
¡Ay! tumba'o
Nunca camina de la'o
Nunca camina de la'o, de la'o

Tiene tumba'o, tiene tumba'o
Anda derechito, no camina de la'o
Tiene tumba'o, tiene tumba'o

[Verse 2: Celia Cruz]
Cuando la gente se muere (¡Ay, Dios mío!)
Se dice que era tan buena (Tan buena)
Tan buena cuando vivía
Como la noche y el día (¿Tú crees?)
Que a mí me vengan a decir la verdad
No aguanto ya más mentiras (Siempre lo mismo)
Disfruto bien de la vida
Aunque tomando medidas
¡Azúcar!

[Chorus: Celia Cruz & Mikey]
La negra tiene tumba'o
Tiene tumba'o, tiene tumba'o
Y no camina de la'o
Y no camina de la'o, y no camina de la'o
La negra tiene tumba'o
¡Ay! tumba'o
Nunca camina de la'o
Nunca camina de la'o, de la'o

Anda derechito, anda derechito, no camina de la'o
La negra tiene tumba'o

[Verse 3: Mikey Perfecto]
Tiene tumba'o
Anda derechito no camina de la'o
Diosa de la noche, dulce como el mela'o
Otra como ella yo nunca he encontra'o
Ven aquí para poder compartir
Porque eres tú la negra linda que me hace feliz
Otra no quiero (Eres tú la que me da inspiración)
Sin ti me muero (Me hace falta aparte tu corazón)
Otra no quiero (Si no estás, siento desesperación)
Sin ti me muero (Siempre me haces el amigo de ocasión)
Tiene tumba'o
Anda derechito no camina de la'o
Diosa de la noche, dulce como el mela'o
Otra como ella yo nunca he encontra'o

[Bridge]
Esa negrita tiene tumba'o
Todos la siguen por su camina'o
Esa negrita tiene tumbao'
Todos la siguen por su camina'o

[Chorus]
La negra tiene tumba'o
Y no camina de la'o

Esa negrita que va caminando
Esa negrita tiene su tumba'o
Y cuando la gente la va mirando
Ella baila de la'o, también apreta'o, apreta'o, apreta'o
¡Azúcar!

[Chorus]
La negra tiene tumba'o (Tiene tumba'o, tiene tumba'o)
Y no camina de lao' (Tiene tumba'o, tiene tumba'o)
¡Ay! tumba'o (¡Ay! tumba'o)
Nunca camina de la'o, de la'o
La negra tiene tumba'o (Tiene tumba'o, tiene tumba'o)
Y no camina de la'o (Nunca camina de la'o, de la'o)
La negra tiene tumba'o (Tiene tumba'o, tiene tumba'o)
Nunca camina de la'o (Nunca camina de la'o, de la'o)","Esa negrita que va caminando, esa negrita tiene su tumba'o, y cuando la gente la va mirando, ella baila de lao', tambien apreta'o, apreta'o, apreta'o. La negra tiene tumba'o, ąAzúcar! ĄAzúcar!, y no camina de la'o. Si quieres llegar derecho, mejor camina de frente, para que no hayan tropiezos, y vengan y te lamentes, si quieres llegar primero, mejor se corre despacio, disfruta bien de la vida Cariño, aunque tomando medidas, ąAzúcar!. La negra tiene tumba'o, tiene tumba'o, tiene tumba'o, y no camina de la'o, y no camina de la'o, y no camina de la'o, la negra tiene tumba'o, ąAy! tumba'o, nunca camina de la'o, nunca camina de la'o, de la'o. Tiene tumba'o, tiene tumba'o, anda derechito, no camina de la'o, tiene tumba'o, tiene tumba'o. Cuando la gente se muere ĄAy, Dios mío!, se dice que era tan buena Tan buena, tan buena cuando vivía, como la noche y el día ¿Tú crees?, que a mí me vengan a decir la verdad, no aguanto ya más mentiras Siempre lo mismo, disfruto bien de la vida, aunque tomando medidas, ąAzúcar!. La negra tiene tumba'o, tiene tumba'o, tiene tumba'o, y no camina de la'o, y no camina de la'o, y no camina de la'o, la negra tiene tumba'o, ąAy! tumba'o, nunca camina de la'o, nunca camina de la'o, de la'o. Anda derechito, anda derechito, no camina de la'o, la negra tiene tumba'o. Tiene tumba'o, anda derechito no camina de la'o, diosa de la noche, dulce como el mela'o, otra como ella yo nunca he encontra'o, ven aquí para poder compartir, porque eres tú la negra linda que me hace feliz, otra no quiero Eres tú la que me da inspiración, sin ti me muero Me hace falta aparte tu corazón, otra no quiero Si no estás, siento desesperación, sin ti me muero Siempre me haces el amigo de ocasión, tiene tumba'o, anda derechito no camina de la'o, diosa de la noche, dulce como el mela'o, otra como ella yo nunca he encontra'o. Esa negrita tiene tumba'o, todos la siguen por su camina'o, esa negrita tiene tumbao', todos la siguen por su camina'o. La negra tiene tumba'o, y no camina de la'o. Esa negrita que va caminando, esa negrita tiene su tumba'o, y cuando la gente la va mirando, ella baila de la'o, también apreta'o, apreta'o, apreta'o, ąAzúcar!. La negra tiene tumba'o Tiene tumba'o, tiene tumba'o, y no camina de lao' Tiene tumba'o, tiene tumba'o, ąAy! tumba'o ĄAy! tumba'o, nunca camina de la'o, de la'o, la negra tiene tumba'o Tiene tumba'o, tiene tumba'o, y no camina de la'o Nunca camina de la'o, de la'o, la negra tiene tumba'o Tiene tumba'o, tiene tumba'o, nunca camina de la'o Nunca camina de la'o, de la'o."
T1_TRAIN_2022,1832454,NM,M,0.9294117647058824,"raga LiveGet tickets as low as $44
Sufro terrible la ausencia
Por una ingrata mujer que me abandonó
Al cielo pido clemencia
Que me haga olvidar las penas que paso yo

Qué sentimiento tan grande
Cuando me paso las horas velando por ti
Quiero hacer por olvidarte
Pero más y más me siento juntito a ti

Quiero no verte ni volver a hablarte
Jamás en la vida ingrata mujer
Ya lo pagarás con Dios

Voy a jugarme un albur
Entre la baraja y yo, y lo voy a perder
Porque presiento que al fin me voy a volver
A echar a la perdición

Yo vivo triste, olvidado
Sin tener nada en la vida más que una ilusión
Tú eres la llama que ardía en mi corazón
Que muy pronto se apagó

Quiero no verte ni volver a hablarte","Sufro terrible la ausencia, por una ingrata mujer que me abandonó, al cielo pido clemencia, que me haga olvidar las penas que paso yo, qué sentimiento tan grande, cuando me paso las horas velando por ti, quiero hacer por olvidarte, pero más y más me siento juntito a ti, quiero no verte ni volver a hablarte, jamás en la vida ingrata mujer, ya lo pagarás con Dios, voy a jugarme un albur, entre la baraja y yo, y lo voy a perder, porque presiento que al fin me voy a volver, a echar a la perdición, yo vivo triste, olvidado, sin tener nada en la vida más que una ilusión, tú eres la llama que ardía en mi corazón, que muy pronto se apagó, quiero no verte ni volver a hablarte."
T1_TRAIN_2034,7136596,M,NM,0.9487179487179487,"
[Letra de ""Dilema""]

[Intro]
Aquí 'tamo tú y yo de nuevo
Como si to' esta mierda fuera nueva
¿Pa' qué pelear si despué' volvemo'?
A ti te gusta andar de problema en problema
Baby, contigo to' e' un dilema, y, y, y

[Coro]
Dime si tú quiere' seguir
O dime ya si lo dejamo' morir
Y aunque dice' que sí, me volviste a llamar
Y yo volví, y te comí
Dime si tú quiere' seguir
O dime ya si lo dejamo' morir
Y aunque dice' que sí, me volviste a llamar
Y yo volví, y te comí

[Verso]
Baby, otra ve' la misma miеrda
Tú peleando por puta', ella' pеleando que la' atienda'
Tú 'tá buscando que me pierda
Y que me quite del cuello esta relación, como mis prenda'
Ya de nadie me enamoro
A vece', siento que Dios no me escucha, y comoquiera oro
No todo lo que brilla e' oro
Y no toda' la' que me escriben, baby, yo le' hago coro
Y de nuevo discutimo' y mi número borraste
Le llegué y pa'l carajo me mandaste
Esa noche, par de trago' te tomaste
Y de nuevo encima de mí terminaste
Borraste las foto' y to' los mensaje'
Yo compré el vuelo y no me gustó el viaje
Agua con arena, pero sin oleaje, eh, eh-eh

[Outro]
Dime si tú
O dime ya","Aquí 'tamo tú y yo de nuevo, como si to' esta mierda fuera nueva, ¿Pa' qué pelear si despué' volvemo'?, a ti te gusta andar de problema en problema, baby, contigo to' e' un dilema, y, y, y. Dime si tú quiere' seguir, o dime ya si lo dejamo' morir, y aunque dice' que sí, me volviste a llamar, y yo volví, y te comí, dime si tú quiere' seguir, o dime ya si lo dejamo' morir, y aunque dice' que sí, me volviste a llamar, y yo volví, y te comí. Baby, otra ve' la misma mierda, tú peleando por puta', ella' peleando que la' atienda', tú 'tá buscando que me pierda, y que me quite del cuello esta relación, como mis prenda', ya de nadie me enamoro, a vece', siento que Dios no me escucha, y comoquiera oro, no todo lo que brilla e' oro, y no toda' la' que me escriben, baby, yo le' hago coro, y de nuevo discutimo' y mi número borraste, le llegué y pa'l carajo me mandaste, esa noche, par de trago' te tomaste, y de nuevo encima de mí terminaste, borraste las foto' y to' los mensaje', yo compré el vuelo y no me gustó el viaje, agua con arena, pero sin oleaje, eh, eh-eh. Dime si tú, o dime ya."
T1_TRAIN_2043,9064544,M,NM,0.8691588785046729,"
[Letra de ""Que te remmplace""]

[Intro]
(¡Sori!)
Y vuelta a empezar
Nunca deje' esa carita llorar
Valorate que to' esa gente nunca importa
Sé feliz babe que yo sé; ""La vida es corta""
Cambia la nota

[Verso 1]
Al mundo le gritaba; ""Dame una señal""
De que todo irá bien, que todo pasará
Destapé mis miedos, dije la verdad
Y ahora no sé si puedo ayudarte

[Estribillo]
Y tú llegaste a salvarme
Con miedos delante
A contracorriente esperando ayudarme
Sé; ""soy un desastre"", si quieres gritarme
Yo sé que nunca encontraría a nadie que te reemplace

[Puente]
Oh-oh-oh, oh-oh-oh
Oh-oh-oh, oh-oh-oh
Oh-oh-oh, oh-oh

[Verso 2]
Y verte llorar me está dañando pero me hago el fuerte
Lady perdón si soy insuficiente
Mi mente no miente
Baby, es que no se calla aunque lo intente

[Estribillo]
Y tú llegaste a salvarme
Con miedos delante
A contracorriente esperando ayudarme
Sé; ""soy un desastre"", si quieres gritarme
Yo sé que nunca encontraría a nadie que te reemplace

[Drop/Estribillo]
Oh-oh-oh, oh-oh-oh (¡Que te reemplace!)
Oh-oh-oh, oh-oh-oh (¡Que te reemplace!)
Oh-oh-oh, oh-oh (Yo sé que nunca encontraría a nadie que te reemplace)
Oh-oh-oh, oh-oh-oh (No-oh-oh-oh)
Oh-oh-oh, oh-oh-oh
Oh-oh-oh, oh-oh (Yo sé que nunca encontraría a nadie que te reemplace)

[Outro]
Y si algún día tú te vas de aquí
No temas por lo que pase por mi
Tu sonrisa no se borra de mi mente
Yo sé soy fuerte, yeah-yeah

[Outro/Instrumental]","ĄSori!, y vuelta a empezar, nunca deje' esa carita llorar, valorate que to' esa gente nunca importa, sé feliz babe que yo sé; La vida es corta, cambia la nota. Al mundo le gritaba; Dame una señal, de que todo irá bien, que todo pasará, destapé mis miedos, dije la verdad, y ahora no sé si puedo ayudarte. Y tú llegaste a salvarme, con miedos delante, a contracorriente esperando ayudarme, sé; soy un desastre, si quieres gritarme, yo sé que nunca encontraría a nadie que te reemplace. Oh-oh-oh, oh-oh-oh, oh-oh-oh, oh-oh-oh, oh-oh-oh, oh-oh. Y verte llorar me está dañando pero me hago el fuerte, lady perdón si soy insuficiente, mi mente no miente, baby, es que no se calla aunque lo intente. Y tú llegaste a salvarme, con miedos delante, a contracorriente esperando ayudarme, sé; soy un desastre, si quieres gritarme, yo sé que nunca encontraría a nadie que te reemplace. Oh-oh-oh, oh-oh-oh ĄQue te reemplace!, oh-oh-oh, oh-oh-oh ĄQue te reemplace!, oh-oh-oh, oh-oh Yo sé que nunca encontraría a nadie que te reemplace, oh-oh-oh, oh-oh-oh No-oh-oh-oh, oh-oh-oh, oh-oh-oh, oh-oh-oh, oh-oh Yo sé que nunca encontraría a nadie que te reemplace. Y si algún día tú te vas de aquí, no temas por lo que pase por mi, tu sonrisa no se borra de mi mente, yo sé soy fuerte, yeah-yeah."
T1_TRAIN_2044,2455264,NM,M,0.8536585365853658,"miento que te hace llorar
[Letra de ""DUELE EL CORAZÓN"" ft. Wisin]

[Intro: Enrique Iglesias]
One love, one love

[Verso 1: Enrique Iglesias]
Solo en tu boca yo quiero acabar
Todos esos besos que te quiero dar
A mí no me importa que duermas con él
Porque sé que sueñas con poderme ver

[Pre-Coro: Enrique Iglesias]
Mujer, ¿qué vas a hacer?
Decídete pa' ver
Si te quedas o te vas
Si no, no me busques más

[Coro: Enrique Iglesias]
Si te vas, yo también me voy
Si me das, yo también te doy mi amor
Bailamos hasta las diez
Hasta que duelan los pies
Si te vas, yo también me voy
Si me das, yo también te doy mi amor
Bailamos hasta las diez
Hasta que duelan los pies

[Post-Coro: Enrique Iglesias]
Con él te duele el corazón
Y conmigo te duelen los pies
Con él te duele el corazón
Y conmigo te duelen los pies

[Verso 2: Enrique Iglesias]
Solo con un beso yo te haría acabar
Ese sufrimiento que te hace llorar
A mí no me importa que vivas con él
Porque sé que mueres con poderme ver

[Pre-Coro: Enrique Iglesias]
Mujer qué vas a hacer
Decídete pa' ver
Si te quedas o te vas
Si no, no me busques más

[Coro: Enrique Iglesias]
Si te vas, yo también me voy
Si me das, yo también te doy mi amor
Bailamos hasta las diez
Hasta que duelan los pies
Si te vas, yo también me voy
Si me das, yo también te doy mi amor
Bailamos hasta las diez
Hasta que duelan los pies

[Post-Coro: Enrique Iglesias & Wisin]
Con él te duele el corazón
Y conmigo te duelen los pies (Yeah)
Con él te duele el corazón
Y conmigo te duelen los pies (Doble)

[Verso 3: Wisin]
¿Quién es el que te quita el frío? (Tú sabes que soy yo)
Te vas conmigo, rumbeamos, con él lloras casi un río
Tal vez te da dinero y tiene poderío
Pero no te llena, tu corazón sigue vacío (Sí)
Pero conmigo rompe la carretera
Bandolera, si en tu vida hay algo que no sirve, ¡sácalo pa' fuera!
A ti nadie te frena, la superguerrera (Vamo' pa' encima)
Yo sé que tú eres una fiera, dale, ¡sácalo pa' fuera!

[Coro: Enrique Iglesias]
Si te vas, yo también me voy
Si me das, yo también te doy mi amor
Bailamos hasta las diez
Hasta que duelan los pies
Si te vas, yo también me voy
Si me das, yo también te doy mi amor
Bailamos hasta las diez
Hasta que duelan los pies

[Post-Coro: Enrique Iglesias]
Con él te duele el corazón
Y conmigo te duelen los pies
Con él te duele el corazón
Y conmigo te duelen los pies

[Outro: Enrique Iglesias]
Solo con un beso yo quiero acabar
Ese sufrimiento que te hace llorar","One love, one love, solo en tu boca yo quiero acabar, todos esos besos que te quiero dar, a mí no me importa que duermas con él, porque sé que sueñas con poderme ver, mujer, ¿qué vas a hacer?, decídete pa' ver, si te quedas o te vas, si no, no me busques más, si te vas, yo también me voy, si me das, yo también te doy mi amor, bailamos hasta las diez, hasta que duelan los pies, si te vas, yo también me voy, si me das, yo también te doy mi amor, bailamos hasta las diez, hasta que duelan los pies, con él te duele el corazón, y conmigo te duelen los pies, con él te duele el corazón, y conmigo te duelen los pies, solo con un beso yo te haría acabar, ese sufrimiento que te hace llorar, a mí no me importa que vivas con él, porque sé que mueres con poderme ver, mujer qué vas a hacer, decídete pa' ver, si te quedas o te vas, si no, no me busques más, si te vas, yo también me voy, si me das, yo también te doy mi amor, bailamos hasta las diez, hasta que duelan los pies, si te vas, yo también me voy, si me das, yo también te doy mi amor, bailamos hasta las diez, hasta que duelan los pies, con él te duele el corazón, y conmigo te duelen los pies Yeah, con él te duele el corazón, y conmigo te duelen los pies Doble, ¿Quién es el que te quita el frío? Tú sabes que soy yo, te vas conmigo, rumbeamos, con él lloras casi un río, tal vez te da dinero y tiene poderío, pero no te llena, tu corazón sigue vacío Sí, pero conmigo rompe la carretera, bandolera, si en tu vida hay algo que no sirve, Ąsácalo pa' fuera!, a ti nadie te frena, la superguerrera Vamo' pa' encima, yo sé que tú eres una fiera, dale, Ąsácalo pa' fuera!, si te vas, yo también me voy, si me das, yo también te doy mi amor, bailamos hasta las diez, hasta que duelan los pies, si te vas, yo también me voy, si me das, yo también te doy mi amor, bailamos hasta las diez, hasta que duelan los pies, con él te duele el corazón, y conmigo te duelen los pies, con él te duele el corazón, y conmigo te duelen los pies, solo con un beso yo quiero acabar, ese sufrimiento que te hace llorar."
T1_TRAIN_2053,3232401,NM,M,0.9550561797752809,"
[Intro]

Crisis, desempleo, violencia
Si nomas en lo que va del año
Ya van como trece mil muertos
Casi casi como una guerra civil
A todos, a todos
Nos cayó la maldición

{Verso 1 Aczino]

El mundo es hardcore
La vida es hardcore
El cielo y la tierra no están pintados de colores
No hay que ser observadores para darse cuenta
Que el ser humano no vive cantando aventando flores
Yo digo que están perdidos en el vicio
Al borde del precipicio como una estrella de rock (rock)
Si te encuentran muerto tendido en el piso
Lo que harán es acercarse
Para robarte el reloj (lock)
No importa cuánto corras o cuanto te escondas
El universo y el tiempo es sabio y todo te lo cobran
En estos días no confías ni en tu sombra
Porque hasta el más decente esconde un cadáver en su alfombra
Saben que en el barrio hay droga y saben quién la mueve
Y es normal que niños de doce ya carguen una nueve
¿Qué?, ¿no has visto el ambiente de las esquinas?
Es más fácil conseguir coca que medicinas
Eso pasa en calle que pasa en el hogar
No hay problemas de infidelidad si no es nada formal
Si los vecinos no se enteran nada está mal
Si los golpes no son visibles sigues tu vida normal
La vida no es rosa
Una rosa es la vida
En la cual los pétalos se encuentran en la cima
Solo descansaras al llegar a donde termina
Mientras tanto jodete escalando por las espinas

{Coro}

El mundo es...
El mundo es hardcore
El cielo y la tierra huelen a temor
Entre sangre y sudor
Lágrimas y dolor
El mundo es...
El mundo es...
El mundo es hardcore

La vida es...
La vida es hardcore
El cielo y la tierra huelen a temor
Entre sangre y sudor
Lágrimas y dolor
La vida es...
La vida es...
La vida es hardcore

{Verso 2}

La droga que a los narcos les queda decomisada
El gobierno la revende pero diez veces más cara
En mi cuadra hay morros que queman y venden piedra
Y en los medios se espantan porque Justin fuma hierba
¡Que mierda!
Como entregar tu vida como esclavo
Y que luego te despidan sin darte medio centavo
Día a día intentando llenar la alcancía
En manos de un patrón que te ve como mercancía
(El clima es lo más triste llueven lágrimas y sangre)
Todo el año se celebran los juegos del hambre
Se abren las puertas del infierno sobre el piso
Y la iglesia no tiene preventas pa'l paraíso

{Outro}

El demonio colapsó mi territorio pero obvio
Mis calles no se alcanzan a ver desde su escritorio
Con todo respeto señor presidente es inmundo
¡Jah! Maldigo a la vagina que lo trajo al mundo
El país se va a la mierda pero no hay preocupación
Lo malo es que no va para el mundial la selección
Ya no hay elección para escapar de ese ciclo
Los pobres serán mas pobres, el rico será más rico
¡Oh! ¿Y ahora quién podrá ayudarme? ha llegado el fin
Y a los problemas de la vida real no llega el chapulín
Bienvenido al mundo y la lucha por sobrevivir
Esto no es vivir es matar o morir","Crisis, desempleo, violencia, si nomas en lo que va del año, ya van como trece mil muertos, casi casi como una guerra civil, a todos, a todos, nos cayó la maldición. El mundo es hardcore, la vida es hardcore, el cielo y la tierra no están pintados de colores, no hay que ser observadores para darse cuenta, que el ser humano no vive cantando aventando flores, yo digo que están perdidos en el vicio, al borde del precipicio como una estrella de rock rock, si te encuentran muerto tendido en el piso, lo que harán es acercarse, para robarte el reloj lock, no importa cuánto corras o cuanto te escondas, el universo y el tiempo es sabio y todo te lo cobran, en estos días no confías ni en tu sombra, porque hasta el más decente esconde un cadáver en su alfombra, saben que en el barrio hay droga y saben quién la mueve, y es normal que niños de doce ya carguen una nueve, ¿Qué?, ¿no has visto el ambiente de las esquinas?, es más fácil conseguir coca que medicinas, eso pasa en calle que pasa en el hogar, no hay problemas de infidelidad si no es nada formal, si los vecinos no se enteran nada está mal, si los golpes no son visibles sigues tu vida normal, la vida no es rosa, una rosa es la vida, en la cual los pétalos se encuentran en la cima, solo descansaras al llegar a donde termina, mientras tanto jodete escalando por las espinas. El mundo es..., el mundo es hardcore, el cielo y la tierra huelen a temor, entre sangre y sudor, lágrimas y dolor, el mundo es..., el mundo es..., el mundo es hardcore. La vida es..., la vida es hardcore, el cielo y la tierra huelen a temor, entre sangre y sudor, lágrimas y dolor, la vida es..., la vida es..., la vida es hardcore. La droga que a los narcos les queda decomisada, el gobierno la revende pero diez veces más cara, en mi cuadra hay morros que queman y venden piedra, y en los medios se espantan porque Justin fuma hierba, ąQue mierda!, como entregar tu vida como esclavo, y que luego te despidan sin darte medio centavo, día a día intentando llenar la alcancía, en manos de un patrón que te ve como mercancía, el clima es lo más triste llueven lágrimas y sangre, todo el año se celebran los juegos del hambre, se abren las puertas del infierno sobre el piso, y la iglesia no tiene preventas pa'l paraíso. El demonio colapsó mi territorio pero obvio, mis calles no se alcanzan a ver desde su escritorio, con todo respeto señor presidente es inmundo, ąJah! Maldigo a la vagina que lo trajo al mundo, el país se va a la mierda pero no hay preocupación, lo malo es que no va para el mundial la selección, ya no hay elección para escapar de ese ciclo, los pobres serán mas pobres, el rico será más rico, ąOh! ¿Y ahora quién podrá ayudarme? ha llegado el fin, y a los problemas de la vida real no llega el chapulín, bienvenido al mundo y la lucha por sobrevivir, esto no es vivir es matar o morir."
T1_TRAIN_2083,1355903,NM,M,0.8955223880597015,"ablemente bella bella
[Letra de ""Insoportablemente Bella""]

[Verso 1]
Sí, era bella, sí, era muy bella
Como una rosa, como una estrella
Como una hoja nacida en el aire de la primavera

Sí (sí), era muy bella (Bella)
Sí (sí), era muy bella (Bella)
Y era orgullosa como una hiedra
Y me fingía un amor que jamás lo sentía de veras
Sólo quería sentirse halagada y oír que era bella

[Coro]
Bella, (bella), insoportablemente bella bella
Bella, (bella), inaguantablemente bella bella
Bella, (bella), insoportablemente bella bella, bella, bella
Bella, (bella), inaguantablemente bella bella

[Verso 2]
Sí, era muy bella, sí, era muy bella
Pero vacía, pero tan fría
Que al abrazarla pensaba que estaba abrazando a una piedra

Sí, era bella, sí, era muy bella
Para mirarla, para adorarla
Para cuidarla igual que se cuida la cosa más tierna
Para decir que uno tiene guardado una cosa muy bella

[Outro]
Bella, (bella), insoportablemente bella bella
Bella, (bella), inaguantablemente bella bella
Bella, (bella), insoportablemente bella bella","Sí, era bella, sí, era muy bella, como una rosa, como una estrella, como una hoja nacida en el aire de la primavera. Sí sí, era muy bella Bella, sí sí, era muy bella Bella, y era orgullosa como una hiedra, y me fingía un amor que jamás lo sentía de veras, sólo quería sentirse halagada y oír que era bella, bella, bella, insoportablemente bella bella, bella, bella, inaguantablemente bella bella, bella, bella, insoportablemente bella bella, bella, bella, bella, bella, inaguantablemente bella bella, sí, era muy bella, sí, era muy bella, pero vacía, pero tan fría, que al abrazarla pensaba que estaba abrazando a una piedra. Sí, era bella, sí, era muy bella, para mirarla, para adorarla, para cuidarla igual que se cuida la cosa más tierna, para decir que uno tiene guardado una cosa muy bella, bella, bella, insoportablemente bella bella, bella, bella, inaguantablemente bella bella, bella, bella, insoportablemente bella bella."
T1_TEST_0026,9025827,NM,M,0.912751677852349,"' llegamo' hasta die'
[Letra de ""Contra la Pared (GTA Remix)""]

[Intro: J Balvin & Sean Paul]
SP 'longside
J Balvin, man
El negocio socio

[Coro: J Balvin]
Cúcara, mácara, di qué fue
Ya me tiene' contra la pared
Pide una ve', pide do', pide tre'
Otra ve' llegamo' hasta die'
Cúcara, mácara, di qué fue
Ya me tiene' contra la pared
Pide una ve', pide do', pide tre'
Otra ve' llegamo' hasta die'

[Interludio: Sean Paul]
Well, in come the ting dem call chicks-chicks pack it, and we don't play games
Straight business
Baby girl, Tainy pon the track
Hear what mi sayin', Balvin, tell dem again
Contra la pare'

[Verso: Sean Paul]
Becau' me sеt fire to the ting when mi gi' hеr one time
She lovin' it so much she have it 'pon speed dial
Ay, de mamita, me gi' ya two time
That's a when me start see di gyal a get wild
Three time me gi' her the wickedest wine
She lovin' that style and she love the profile (Wuh)
Fourth time, me give her that grind
Se vuelve loca, losin' her mind

[Pre-Coro: J Balvin & Sean Paul]
De día y de noche me llama (Night and day)
Que quiere de nuevo en mi cama (Want me in her bed, come on)
No fue suficiente una vez (Fuego, fuego, uh-yeah)
Ahora de día y de noche reclama (Fuego, fuego, that's what she said)
Ya lo sabe', leggo

[Coro: J Balvin & Sean Paul]
Cúcara, mácara, di qué fue (Wuh)
Ya me tiene' contra la pared
Pide una ve', pide do', pide tre' (De día)
Otra ve' llegamo' hasta die' (Me llama)
Cúcara, mácara, di qué fue (Eh)
Que me tienes contra la pared (Contra la pare')
Pide una vez, pide dos, pide tres (Wuh)
Otra vez llegamo' hasta diez (Wuh-wuh-wuh)

[Puente: Sean Paul]
—gamo' hasta diez, —gamo' hasta diez
—gamo' hasta diez, —gamo' hasta diez
—gamo', —gamo', —gamo', —gamo', —gamo', —gamo'
GTA
Say the gyal a bawl, f—
Say the gyal a bawl, f—
Say the, say the gyal a bawl, fuego-go-go-go-go, fuego
Say the, say the gyal a bawl
Say the gyal a bawl

[Coro: J Balvin]
Cúcara, mácara, di qué fue
Ya me tiene' contra la pared
Pide una ve', pide do', pide tre'
Otra ve' llegamo' hasta die'
Cúcara, mácara, di qué fue
Ya me tiene' contra la pared
Pide una ve', pide do', pide tre'
Otra ve' llegamo' hasta die'","' llegamo' hasta die'. SP 'longside, j Balvin, man, el negocio socio. Cúcara, mácara, di qué fue, ya me tiene' contra la pared, pide una ve', pide do', pide tre', otra ve' llegamo' hasta die', cúcara, mácara, di qué fue, ya me tiene' contra la pared, pide una ve', pide do', pide tre', otra ve' llegamo' hasta die'. Well, in come the ting dem call chicks-chicks pack it, and we don't play games, straight business, baby girl, Tainy pon the track, hear what mi sayin', Balvin, tell dem again, contra la pare'. Becau' me set fire to the ting when mi gi' her one time, she lovin' it so much she have it 'pon speed dial, ay, de mamita, me gi' ya two time, that's a when me start see di gyal a get wild, three time me gi' her the wickedest wine, she lovin' that style and she love the profile Wuh, fourth time, me give her that grind, se vuelve loca, losin' her mind. De día y de noche me llama Night and day, que quiere de nuevo en mi cama Want me in her bed, come on, no fue suficiente una vez Fuego, fuego, uh-yeah, ahora de día y de noche reclama Fuego, fuego, that's what she said, ya lo sabe', leggo. Cúcara, mácara, di qué fue Wuh, ya me tiene' contra la pared, pide una ve', pide do', pide tre' De día, otra ve' llegamo' hasta die' Me llama, cúcara, mácara, di qué fue Eh, que me tienes contra la pared Contra la pare', pide una vez, pide dos, pide tres Wuh, otra vez llegamo' hasta diez Wuh-wuh-wuh. gamo' hasta diez, –gamo' hasta diez, gamo' hasta diez, –gamo' hasta diez, gamo', –gamo', –gamo', –gamo', –gamo', –gamo', gTA, say the gyal a bawl, f–, say the gyal a bawl, f–, say the, say the gyal a bawl, fuego-go-go-go-go, fuego, say the, say the gyal a bawl, say the gyal a bawl. Cúcara, mácara, di qué fue, ya me tiene' contra la pared, pide una ve', pide do', pide tre', otra ve' llegamo' hasta die', cúcara, mácara, di qué fue, ya me tiene' contra la pared, pide una ve', pide do', pide tre', otra ve' llegamo' hasta die'."
T1_TEST_0117,1748209,M,NM,0.9829059829059829," chica embarazada chica
Esto que tú ves
Que escondo aquí adentro

Es parte de una estupidez
Por no usar el cerebro me olvidé de las pastillas
Los condones me valían todo por la calentura
De querer coger

No quiero un bebé y menos mantenerlo
Simplemente me acosté porque quería hacerlo
Ahora pienso en el aborto y qué tal si me equivoco?
Sé que nunca en la vida me perdonaré

Chica, chica embarazada chica
Chica, chica embarazada chica
Chica, chica embarazada chica
Chica, chica embarazada chica

Si lo disfruté ahora ni me acuerdo
Fue un momento de placer que ahora aborrezco
Y mi novio se hace menso, yo le llamo y no lo encuentro
Pues resulta que ahora no me quiere responder

Decirle a mi papá que siempre es tan violento
Traer un niño más sólo aumentar el censo?
Él es sólo una criatura que jamás tendrá la culpa
De que sea un problema para su mamá

Chica, chica embarazada chica
Chica, chica embarazada chica
Chica, chica embarazada chica
Chica, chica embarazada chica

Nunca imaginé sentirme tan confusa
Tengo náuseas al comer, parece que ando cruda
Voy perdiendo la figura cuando crece mi cintura
Y también crece el temor con ella mes a mes

Chica, chica embarazada chica
Chica, chica embarazada chica
Chica, chica embarazada chica
Chica, chica embarazada chica","chica embarazada chica, esto que tú ves, que escondo aquí adentro, es parte de una estupidez, por no usar el cerebro me olvidé de las pastillas, los condones me valían todo por la calentura, de querer coger, no quiero un bebé y menos mantenerlo, simplemente me acosté porque quería hacerlo, ahora pienso en el aborto y qué tal si me equivoco?, sé que nunca en la vida me perdonaré, chica, chica embarazada chica, chica, chica embarazada chica, chica, chica embarazada chica, chica, chica embarazada chica, si lo disfruté ahora ni me acuerdo, fue un momento de placer que ahora aborrezco, y mi novio se hace menso, yo le llamo y no lo encuentro, pues resulta que ahora no me quiere responder, decirle a mi papá que siempre es tan violento, traer un niño más sólo aumentar el censo?, çl es sólo una criatura que jamás tendrá la culpa, de que sea un problema para su mamá, chica, chica embarazada chica, chica, chica embarazada chica, chica, chica embarazada chica, chica, chica embarazada chica, nunca imaginé sentirme tan confusa, tengo náuseas al comer, parece que ando cruda, voy perdiendo la figura cuando crece mi cintura, y también crece el temor con ella mes a mes, chica, chica embarazada chica, chica, chica embarazada chica, chica, chica embarazada chica, chica, chica embarazada chica."
T1_TEST_0141,7637786,NM,M,0.9294117647058824,"
[Letra de ""El Coba""]

[Intro]
La cabra, illuminaty
Se tiró el COBA (Eh), daña'n el party
Lo' negro' vienen a pie' entrando por lo' matorrale' (3030)
Averigua con lo' chukie' si e' feria que hay que entrega'le
Que yo tengo una alta que no quiero que se me baje (Timón daña'o, eh)

[Coro]
Se tiró el COBA, daña'n el party
Vamo' pa' mi bloque, que hay pa'tilla' y mari (3030)
Se tiró el COBA, daña'n el party (Modo cabra)
Vamo' pa' mi bloque, que hay pastilla' y mari
(Con lo Chuky Nuny)

[Post-Coro]
Pa'tilla', pa'tilla', pa'tilla' y mari
Pa'tilla', pa'tilla', pa'tilla' y mari
Pa'tilla', pa'tilla', pa'tilla' y mari
Pa'tilla', pa'tilla', pa'tilla' y mari
(Modo cabra, oye cómo e' que dice, wa wa wa)

[Verso 1]
Pa'tilla' y mari (Eh) con los ojo' chino' (Eh)
En circuito, no' metimo' de Villa Duarte a Lo' Pino'
Me quedan to' lo' flow', y ya ni siquiera lo' combino (Eh)
Le' frenamo' a lo' jerarca', a e'te nivel ya no adivino (Ya)
Soy una para, y como un tiguere maquino (Eh)
Die' minuto' de pasa' la vuelta yo sé de a 'onde vino, ah
Yo tengo un bloque que no azaran lo' vecino'
Trae la molly y Coca-Cola, y pa' la alta prende un fino
Se tiró el COBA (Eh), daña'n el party (Eh, eh, eh)
Lo' negro' vienen a pie' entrando por lo' matorrale'
Averigua con lo' chukie' si e' feria que hay que entrega'le
Que yo tengo una alta que no quiero que se me baje (3030)

[Coro]
Se tiró el COBA (Eh), daña'n el party (Eh)
Vamo' pa' mi bloque, que hay pa'tilla' y mari (Mmm)
Se tiró el COBA, daña'n el party (Ah)
Vamo' pa' mi bloque, que hay pa'tilla' y mari
(Modo cabra; oye cómo e' que dice, wa wa wa)

[Post-Coro]
Pa'tilla', pa'tilla', pa'tilla' y mari (Modo cabra)
Pa'tilla', pa'tilla', pa'tilla' y mari
Pa'tilla', pa'tilla', pa'tilla' y mari
Pa'tilla', pa'tilla', pa'tilla' y mari (Gotti Gotti, eh)

[Verso 2]
Pa'tilla' y mari (Eh), pide lo que tú quiera' (Ya)
La Z de haze, do' peine' en la mariconera (Ah)
La cara tapa', la' prenda' y la Nueva Era (Eh)
Matando la' de mi paí' (Eh, eh) también la de allá afuera
Voy a despeja' mi mente: una bandida caliente
No le paro a na', la feria que ga'to no le doy mente
Ello' me tienen pendiente si no azaro con gente
Ello' quieren que cambie, pero me gu'ta el ambiente
Yo por no fracasa', pero hay que hace' de to' (Eh)
La' mujere', el trucheo, el pollo, el pedazo 'e blo'
Yo no metía perco, ya me metí una mita'
Yo mi'mo me tengo para a volve'me a desacata'
(La cabra, illuminaty)

[Coro]
Se tiró el COBA, daña'n el party (Eh)
Vamo' pa' mi bloque, que hay pa'tilla' y mari
Se tiró el COBA, daña'n el party
Vamo' pa' mi bloque, que hay pa'tilla' y mari
(Oye cómo e' que dice, wa wa wa)

[Post-Coro]
Pa'tilla', pa'tilla', pa'tilla' y mari (Modo cabra)
Pa'tilla', pa'tilla', pa'tilla' y mari
Pa'tilla', pa'tilla', pa'tilla' y mari
Pa'tilla', pa'tilla', pa'tilla' y mari

[Coda]
¿Qué lo que, wa wa wa?
¡Rochy!
¡Leo!
El que sabe del dembow, dije yo
Hablamo' ahora
Vamo' pa' mi blo', allá hay pastilla' y mari
Tripy03
(Mari, mari, mari, mari, mari, mari)","La cabra, illuminaty, se tiró el COBA Eh, daña'n el party, lo' negro' vienen a pie' entrando por lo' matorrale' 3030, averigua con lo' chukie' si e' feria que hay que entrega'le, que yo tengo una alta que no quiero que se me baje Timón daña'o, eh. Se tiró el COBA, daña'n el party, vamo' pa' mi bloque, que hay pa'tilla' y mari 3030, se tiró el COBA, daña'n el party Modo cabra, vamo' pa' mi bloque, que hay pastilla' y mari, con lo Chuky Nuny. Pa'tilla', pa'tilla', pa'tilla' y mari, pa'tilla', pa'tilla', pa'tilla' y mari, pa'tilla', pa'tilla', pa'tilla' y mari, pa'tilla', pa'tilla', pa'tilla' y mari, modo cabra, oye cómo e' que dice, wa wa wa. Pa'tilla' y mari Eh con los ojo' chino' Eh, en circuito, no' metimo' de Villa Duarte a Lo' Pino', me quedan to' lo' flow', y ya ni siquiera lo' combino Eh, le' frenamo' a lo' jerarca', a e'te nivel ya no adivino Ya, soy una para, y como un tiguere maquino Eh, die' minuto' de pasa' la vuelta yo sé de a 'onde vino, ah, yo tengo un bloque que no azaran lo' vecino', trae la molly y Coca-Cola, y pa' la alta prende un fino, se tiró el COBA Eh, daña'n el party Eh, eh, eh, lo' negro' vienen a pie' entrando por lo' matorrale', averigua con lo' chukie' si e' feria que hay que entrega'le, que yo tengo una alta que no quiero que se me baje 3030. Se tiró el COBA Eh, daña'n el party Eh, vamo' pa' mi bloque, que hay pa'tilla' y mari Mmm, se tiró el COBA, daña'n el party Ah, vamo' pa' mi bloque, que hay pa'tilla' y mari, modo cabra; oye cómo e' que dice, wa wa wa. Pa'tilla', pa'tilla', pa'tilla' y mari Modo cabra, pa'tilla', pa'tilla', pa'tilla' y mari, pa'tilla', pa'tilla', pa'tilla' y mari, pa'tilla', pa'tilla', pa'tilla' y mari Gotti Gotti, eh. Pa'tilla' y mari Eh, pide lo que tú quiera' Ya, la Z de haze, do' peine' en la mariconera Ah, la cara tapa', la' prenda' y la Nueva Era Eh, matando la' de mi paí' Eh, eh también la de allá afuera, voy a despeja' mi mente: una bandida caliente, no le paro a na', la feria que ga'to no le doy mente, ello' me tienen pendiente si no azaro con gente, ello' quieren que cambie, pero me gu'ta el ambiente, yo por no fracasa', pero hay que hace' de to' Eh, la' mujere', el trucheo, el pollo, el pedazo 'e blo', yo no metía perco, ya me metí una mita', yo mi'mo me tengo para a volve'me a desacata', la cabra, illuminaty. Se tiró el COBA, daña'n el party Eh, vamo' pa' mi bloque, que hay pa'tilla' y mari, se tiró el COBA, daña'n el party, vamo' pa' mi bloque, que hay pa'tilla' y mari, oye cómo e' que dice, wa wa wa. Pa'tilla', pa'tilla', pa'tilla' y mari Modo cabra, pa'tilla', pa'tilla', pa'tilla' y mari, pa'tilla', pa'tilla', pa'tilla' y mari, pa'tilla', pa'tilla', pa'tilla' y mari. ¿Qué lo que, wa wa wa?, ąRochy!, ąLeo!, el que sabe del dembow, dije yo, hablamo' ahora, vamo' pa' mi blo', allá hay pastilla' y mari, tripy03, mari, mari, mari, mari, mari, mari."
T1_TEST_0147,2090751,M,NM,0.9838709677419355,"
[Letra de ""Hazme Olvidarla""]

Tomame en tus brazos
Embriagame de amor
Y llena mis sentidos de ti...
Pon tu boca pequeña y dentro de la mia
Y dame un beso sin fin
Quitame el aliento
De tanto amarme amada
Y no me dejes pensar
Echa afuera de mi pecho
Este amor que aun le tengo
Abrigame, consuelame, liberame de este sufrimiento

[Coro]
Hazme olvidarla, por favor, hasme olvidarla
Hazme sentir que no es la unica mujer
Borra sus huellas de mi mente y de mi alma ... arrancala de mi piel
Hazme olvidarla, para siempre, hazme olvidarla
Llena el vacio que dejo mi corazon
Un aguijon con otro dicen que se saca
Hazme olvidarla con tu amor
Quedate a mi lado
Dame tu calor
Deja que me refugie en ti
Pon tu boca pequeña dentro de la mia
Abriagame, consuelame, liberame de esta pesadilla

Coro
Y hazme olvidarla, por favor, hazme olvidarla
Hazme sentir que no es la unica mujer
Borra sus huellas de mi mente y de mi alma ... arráncala de mi piel
Y Hazme olvidarla, para siempre, hazme olvidarla
Llena el vacío que dejo mi corazón
Un aguijon con otro dicen que se saca
Hazme olvidarla con tu amor
Ayudame
Hazme olvidarla por favor , con tu amor ...
Acompañame a creer de nuevo en el amor
Hazme olvidarla por favor , con tu amor ...
Dame una oportunidad a sentirme bien dichoso
Hazme olvidarla por favor, con tu amor ...
Abrigame que tengo frio, anda dame tu calor, dame tu amor
Hazme olvidarla por favor, con tu amor ...
Es q yo siento que sabes valorar; lo es amor verdadero
Hazme olvidarla por favor, con tu amor ...
Dame, dame un beso sin fin, llename de ti
Hazme olvidarla por favor, con tu amor ...
Consuelame, liberame, amandome con deseos inrrevocables
Hazme olvidarla por favor, con tu amor ...
Y con tus actos, desprende de mi la escencia de aquella mujer
Hazme olvidarla por favor, con tu amor ...
Amor, amor, amor, amor, amor, amor
Yo nunca habia sentido asi el amor
Hazme olvidarla por favor, con tu amor ...
Hoy te agradesco el calor que has brindado en mi
Hazme olvidarla por favor, con tu amor ...
Pido un aplauso para el amor que a mi ha llegado","Tomame en tus brazos, embriagame de amor, y llena mis sentidos de ti..., pon tu boca pequeña y dentro de la mia, y dame un beso sin fin, quitame el aliento, de tanto amarme amada, y no me dejes pensar, echa afuera de mi pecho, este amor que aun le tengo, abrigame, consuelame, liberame de este sufrimiento, hazme olvidarla, por favor, hasme olvidarla, hazme sentir que no es la unica mujer, borra sus huellas de mi mente y de mi alma ... arrancala de mi piel, hazme olvidarla, para siempre, hazme olvidarla, llena el vacio que dejo mi corazon, un aguijon con otro dicen que se saca, hazme olvidarla con tu amor, quedate a mi lado, dame tu calor, deja que me refugie en ti, pon tu boca pequeña dentro de la mia, abriagame, consuelame, liberame de esta pesadilla, y hazme olvidarla, por favor, hazme olvidarla, hazme sentir que no es la unica mujer, borra sus huellas de mi mente y de mi alma ... arráncala de mi piel, y Hazme olvidarla, para siempre, hazme olvidarla, llena el vacío que dejo mi corazón, un aguijon con otro dicen que se saca, hazme olvidarla con tu amor, ayudame, hazme olvidarla por favor , con tu amor ..., acompañame a creer de nuevo en el amor, hazme olvidarla por favor , con tu amor ..., dame una oportunidad a sentirme bien dichoso, hazme olvidarla por favor, con tu amor ..., abrigame que tengo frio, anda dame tu calor, dame tu amor, hazme olvidarla por favor, con tu amor ..., es q yo siento que sabes valorar; lo es amor verdadero, hazme olvidarla por favor, con tu amor ..., dame, dame un beso sin fin, llename de ti, hazme olvidarla por favor, con tu amor ..., consuelame, liberame, amandome con deseos inrrevocables, hazme olvidarla por favor, con tu amor ..., y con tus actos, desprende de mi la escencia de aquella mujer, hazme olvidarla por favor, con tu amor ..., amor, amor, amor, amor, amor, amor, yo nunca habia sentido asi el amor, hazme olvidarla por favor, con tu amor ..., hoy te agradesco el calor que has brindado en mi, hazme olvidarla por favor, con tu amor ..., pido un aplauso para el amor que a mi ha llegado."
T1_TEST_0155,1045947,NM,M,0.9666666666666667,"
[Letra de ""La Media Vuelta""]

Te vas porque yo quiero que te vayas
A la hora que yo quiera te detengo
Yo sé que mi cariño te hace falta
Porque, quieras o no, yo soy tu dueño

Yo quiero que te vayas por el mundo
Y quiero que conozcas mucha gente
Yo quiero que te besen otros labios
Para que me compares hoy como siempre

Si encuentras un amor que te comprenda
Y sientes que te quiere más que nadie
Entonces yo daré la media vuelta
Y me iré con el sol cuando muera la tarde
Entonces yo daré la media vuelta
Y me iré con el sol cuando muera la tarde

Si encuentras un amor que te comprenda
Y sientes que te quiere más que nadie
Entonces yo daré la media vuelta
Y me iré con el sol cuando muera la tarde
Entonces yo daré la media vuelta
Y me iré con el sol cuando muera la tarde

Te vas porque yo quiero que te vayas...","Te vas porque yo quiero que te vayas, a la hora que yo quiera te detengo, yo sé que mi cariño te hace falta, porque, quieras o no, yo soy tu dueño, yo quiero que te vayas por el mundo, y quiero que conozcas mucha gente, yo quiero que te besen otros labios, para que me compares hoy como siempre, si encuentras un amor que te comprenda, y sientes que te quiere más que nadie, entonces yo daré la media vuelta, y me iré con el sol cuando muera la tarde, entonces yo daré la media vuelta, y me iré con el sol cuando muera la tarde, si encuentras un amor que te comprenda, y sientes que te quiere más que nadie, entonces yo daré la media vuelta, y me iré con el sol cuando muera la tarde, entonces yo daré la media vuelta, y me iré con el sol cuando muera la tarde, te vas porque yo quiero que te vayas...."
T1_TEST_0164,5261869,NM,M,0.9236641221374046,"[Letra de ""No Quiero Verte"" ft. Keen Levy]

[Intro: RVFV]
RVFV
Keen Levy, la esencia
Nastu Music
Ophion Agency

[Verso 1: RVFV]
Y eh, esta noche me voy pa' la calle a joder
Yo ya me di cuenta que no me quieres ver
En qué mala hora de ti me enamoré
Pero luego no me busques cuando quieras volver
Porque ya no estamos pa' los tiempos de ayer
Yo sabía que tú no eras buena mujer
Ahora tus amigas me están hablando al cell
No quiero na' de ti, ya no quiero saber

[Estribillo 1: Keen Levy]
Y ya no quiero verte
Vete de mi vida
Déjate de mentiras
Y yo que me las creía
Y ya no quiero verte
Vete de mi vida
Déjate de mentiras
Y yo que me las creía

[Pre-Estribillo 2: RVFV]
Y ahora voy a gozarme la vida
No me llames más, ya no creo en tus mentiras
Tú sabías lo mucho que te quería
Yo estaba por ti, tú en un mundo fantasía

[Estribillo 2: RVFV]
Mami, ya no soy fácil
No quiero tus besos, no me digas ""papi""
Ya no estoy preso, ahora estoy happy
Tú loca por eso, yo loco por el money, mami
Mami, mami, ya no soy fácil
No quiero tus besos, no me digas ""papi""
Ya no estoy preso, ahora estoy happy
Tú loca por eso, yo loco por el money, mami

[Estribillo 1: Keen Levy]
Y ya no quiero verte
Vete de mi vida
Déjate de mentiras
Y yo que me las creía
Y ya no quiero verte
Vete de mi vida
Déjate de mentiras
Y yo que me las creía

[Verso 2: RVFV]
Vete de mi lado que ya no te quiero ver
Ahora búscate la vida que ya tengo otra mujer
Tú fuiste mala, me usaste y me jodiste
Mira cómo luego volviste y te arrepentiste
Mala, mala y marronera
Tiene un corazón que se lo roba a cualquiera
No quiero tus besos, no quiero que me quieras
Quiero que te vayas muy lejos de mi vera

[Puente: Keen Levy]
Duele, duele, duele, duele
Duele el corazón
Maldito dolor
Duele, duele, duele, duele
Duele el corazón
Maldito dolor

[Pre-Estribillo 2: RVFV]
Y ahora voy a gozarme la vida
No me llames más, ya no creo en tus mentiras
Tú sabías lo mucho que te quería
Yo estaba por ti, tú en un mundo fantasía

[Estribillo 2: RVFV]
Mami, ya no soy fácil
No quiero tus besos, no me digas ""papi""
Ya no estoy preso, ahora estoy happy
Tú loca por eso, yo loco por el money, mami
Mami, mami, ya no soy fácil
No quiero tus besos, no me digas ""papi""
Ya no estoy preso, ahora estoy happy
Tú loca por eso, yo loco por el money, mami

[Estribillo 1: Keen Levy & RVFV]
Y ya no quiero verte
Vete de mi vida
Déjate de mentiras
Y yo que me las creía
Que ya no quiero verte
Vete de mi vida
Déjate de mentiras
Y yo que me las creía

[Outro: Keen Levy]
Dímelo, Jimenez","RVFV, keen Levy, la esencia, nastu Music, ophion Agency. Y eh, esta noche me voy pa' la calle a joder, yo ya me di cuenta que no me quieres ver, en qué mala hora de ti me enamoré, pero luego no me busques cuando quieras volver, porque ya no estamos pa' los tiempos de ayer, yo sabía que tú no eras buena mujer, ahora tus amigas me están hablando al cell, no quiero na' de ti, ya no quiero saber. Y ya no quiero verte, vete de mi vida, déjate de mentiras, y yo que me las creía, y ya no quiero verte, vete de mi vida, déjate de mentiras, y yo que me las creía. Y ahora voy a gozarme la vida, no me llames más, ya no creo en tus mentiras, tú sabías lo mucho que te quería, yo estaba por ti, tú en un mundo fantasía. Mami, ya no soy fácil, no quiero tus besos, no me digas papi, ya no estoy preso, ahora estoy happy, tú loca por eso, yo loco por el money, mami, mami, mami, ya no soy fácil, no quiero tus besos, no me digas papi, ya no estoy preso, ahora estoy happy, tú loca por eso, yo loco por el money, mami. Y ya no quiero verte, vete de mi vida, déjate de mentiras, y yo que me las creía, y ya no quiero verte, vete de mi vida, déjate de mentiras, y yo que me las creía. Vete de mi lado que ya no te quiero ver, ahora búscate la vida que ya tengo otra mujer, tú fuiste mala, me usaste y me jodiste, mira cómo luego volviste y te arrepentiste, mala, mala y marronera, tiene un corazón que se lo roba a cualquiera, no quiero tus besos, no quiero que me quieras, quiero que te vayas muy lejos de mi vera. Duele, duele, duele, duele, duele el corazón, maldito dolor, duele, duele, duele, duele, duele el corazón, maldito dolor. Y ahora voy a gozarme la vida, no me llames más, ya no creo en tus mentiras, tú sabías lo mucho que te quería, yo estaba por ti, tú en un mundo fantasía. Mami, ya no soy fácil, no quiero tus besos, no me digas papi, ya no estoy preso, ahora estoy happy, tú loca por eso, yo loco por el money, mami, mami, mami, ya no soy fácil, no quiero tus besos, no me digas papi, ya no estoy preso, ahora estoy happy, tú loca por eso, yo loco por el money, mami. Y ya no quiero verte, vete de mi vida, déjate de mentiras, y yo que me las creía, que ya no quiero verte, vete de mi vida, déjate de mentiras, y yo que me las creía. Dímelo, Jimenez."
T1_TEST_0176,3314992,NM,M,0.9294871794871795,"
[Letra de ""Hacer el Amor""]

[Intro: De La Ghetto, Kevin Roldán]
Uh-uh
Eh-eh
Geezy
Kevin Roldán

¿Cómo explicarle al corazón?
Si habíamos quedado en algo (algo)
Juramos el no enamorarnos, uoh-oh
Pero llegaste derrepente
No sé si para siempre
Pero hoy (oh) voy a confesarlo

[Coro: Kevin Roldán, De La Ghetto]
Hacer el amor contigo
Es sentir cosas que ni yo mismo describo
Se detiene el tiempo
Al hacer el amor contigo (contigo)
Dije mil cosas sin conocerte (-te)
Dije que no me iba a enamorar, oh
Hasta que hice el amor contigo

[Verso 1: Kevin Roldán]
Porque no pensé nunca que fuera de esta manera
Ha sido insuperable esta experiencia
Siento que se está saliendo del control
Y qué puede decir, bebé, si seré el mejor
Sólo vívete el momento
Lo único que sé, bebé, es que cuando estoy contigo se detiene el tiempo

[Puente: Kevin Roldán]
Nadie se compara contigo
Cuando estás encima 'e mí
Cuando me besas así

[Coro: De La Ghetto, Kevin Roldán]
Hacer el amor contigo
Es sentir cosas que ni yo mismo describo
Se detiene el tiempo
Al hacer el amor contigo (contigo)
Dije mil cosas antes de conocerte
Dije que no iba a enamorarme (oh)
Hasta que hice el amor contigo (ajá, ya)

[Verso 2: De La Ghetto]
Hacerlo contigo, baby, me sentí ya como en las nube' (oh-oh)
Lo que yo siento por ti es algo grande, eso no lo dude' (yeh)
Tu cuerpo es tan perfecto, quiero que everybody desnude
Quiero sentir que tú sude' cuando encima de mí te sube'

[Puente: De La Ghetto]
Es como un sueño (sueño) tenerte de nuevo (de nuevo)
Eres lo que nunca imaginé (nunca)
Lo supe desde que te toqué

Es como un sueño (sueño) tenerte de nuevo (de nuevo)
Eres lo que nunca imaginé (nunca)
Lo supe desde que te toqué

[Coro: Kevin Roldán, De La Ghetto]
Hacer el amor contigo (oh-oh)
Es sentir cosas que ni yo mismo describo (oh)
Se detiene el tiempo (oh-oh-oh)
Al hacer el amor contigo (contigo)
Dije mil cosas antes de conocerte
Dije que no iba a enamorarme (oh)
Hasta que hice el amor contigo

[Cierre: Kevin Roldán, De La Ghetto]
De La Geezy, baby, De La G-
Yo sé que tú nunca olvidarás mi nombre
You know what time it is, homie
Kevin Roldán, The New King
Geezy, De La Geezy, baby
BF
Kevin Roldán, homie
Original Crissin
Dímelo Juan Jha
Kapital Music
King Records
Ajá

[Outro]
¿Cómo explicarle al corazón?
Ya habíamos quedado en algo
No íbamos a enamorarnos","Uh-uh, eh-eh, geezy, kevin Roldán. ¿Cómo explicarle al corazón?, si habíamos quedado en algo algo, juramos el no enamorarnos, uoh-oh, pero llegaste derrepente, no sé si para siempre, pero hoy oh voy a confesarlo. Hacer el amor contigo, es sentir cosas que ni yo mismo describo, se detiene el tiempo, al hacer el amor contigo contigo, dije mil cosas sin conocerte -te, dije que no me iba a enamorar, oh, hasta que hice el amor contigo. Porque no pensé nunca que fuera de esta manera, ha sido insuperable esta experiencia, siento que se está saliendo del control, y qué puede decir, bebé, si seré el mejor, sólo vívete el momento, lo único que sé, bebé, es que cuando estoy contigo se detiene el tiempo. Nadie se compara contigo, cuando estás encima 'e mí, cuando me besas así. Hacer el amor contigo, es sentir cosas que ni yo mismo describo, se detiene el tiempo, al hacer el amor contigo contigo, dije mil cosas antes de conocerte, dije que no iba a enamorarme oh, hasta que hice el amor contigo ajá, ya. Hacerlo contigo, baby, me sentí ya como en las nube' oh-oh, lo que yo siento por ti es algo grande, eso no lo dude' yeh, tu cuerpo es tan perfecto, quiero que everybody desnude, quiero sentir que tú sude' cuando encima de mí te sube'. Es como un sueño sueño tenerte de nuevo de nuevo, eres lo que nunca imaginé nunca, lo supe desde que te toqué. Es como un sueño sueño tenerte de nuevo de nuevo, eres lo que nunca imaginé nunca, lo supe desde que te toqué. Hacer el amor contigo oh-oh, es sentir cosas que ni yo mismo describo oh, se detiene el tiempo oh-oh-oh, al hacer el amor contigo contigo, dije mil cosas antes de conocerte, dije que no iba a enamorarme oh, hasta que hice el amor contigo. De La Geezy, baby, De La G-, yo sé que tú nunca olvidarás mi nombre, you know what time it is, homie, kevin Roldán, The New King, geezy, De La Geezy, baby, kevin Roldán, homie, original Crissin, dímelo Juan Jha, kapital Music, king Records, ajá. ¿Cómo explicarle al corazón?, ya habíamos quedado en algo, no íbamos a enamorarnos."
T1_TEST_0186,785931,NM,M,0.9853658536585366,"
[Chorus:]
Quiero ser
La unica mujer que solo puedas ver
Puedo ser lo que tu requieras
Djame
Te pido que me des una oportunidad
Porque yo si te quiero de verdad
Pues de nuevo ando en busca, de una chica para mi
Aventada, dejada, que sepa lo que me gusta (aqui estoy papi)
Se me hace que es tiempo de encontrarme
Con una muequita que sepa contemplarme
A gusto y me mantenga contento
Porque se me hace que ya me enfade de las que tengo
No es necesariamente pa' matrimonio
Tampoco para que ande presumiendo Tengo Novio!
Tengo uno que otro requisito
Porque s muy bien lo que necesito
De una chica dejadita pero sepa conservarse
Tambin que sepa como y cuando es tiempo de aflojarle
Sera que tienes tu esas calidades
Sera que a la primera no te fijes y te claves (quien sabe)
Tendr que buscar con cuidado
No quiero verme luego arrepentido y embarrado

[Chorus:]
Quiero ser
La unica mujer que solo puedas ver
Puedo ser lo que tu requieras
Djame
Te pido que me des una oportunidad
Porque yo si te quiero de verdad
(Oh yo) Si tienes algo que me gusta (a todos)
Por dentro siento algo y me asusta
Tengo costumbre de tener tres o cuatro
Pero por ti, yo presiento que me aplaco
Tu me dices que me quieres y que deje de chingar
Y que ya no ande cotorreando con mujeres
Cuando me explicas, que tu eres mas que ellas
Me preguntas que le veo yo a las bellas
No seas celosa, y dime que me ofreces
Algo me dice que tal vez si me mereces
Pueda ser que tu sola
Puedas complacer todas las cosas que ellas me hacen entre bola
Convnceme, y hazme comprender
Que contigo, no necesito otra mujer
Quiero que sepas
Que por lo tuyo ya me ando
Y espero que nomas me digas cuando
{brigde}
Y te prometo que yo, s
Como hacerte feliz, si
Cuando quieras de mi, yo
Estar siempre ahi

[Chorus:]
Quiero ser
La unica mujer que solo puedas ver
Puedo ser lo que tu requieras
Djame
Te pido que me des una oportunidad
Porque yo si te quiero de verdad
Pues lo que yo propongo
Aunque seas como seas
Puedes hacer lo que t de la gana cuando quieras
Na mas de vez en cuando guarda algo para mi
Para cuando te llame ests dispuesta a darme el si
Y luego le entramos en accin
Tu no te creas si te cuentan que ando de cabron
Porque lo que yo requiero
Cualquiera me lo pinta
Pero esta tiene que ser necesariamente linda (asi)
Mas y mas que te miro me concentro
En la manera que meneas la cadera y me admiro
Son las cositas, que tu haces
Espero que no mientas y complaces
Voy a dejar mucho
Por tenerte solo a ti
Y con nadie te voy a compartir
Eso es todo y las cosas son asi
Quiero que sepas que me gustas para mi

[Chorus:]
Quiero ser
La unica mujer que solo puedas ver
Puedo ser lo que tu requieras
Djame
Te pido que me des una oportunidad
Porque yo si te quiero de verdad","Quiero ser, la unica mujer que solo puedas ver, puedo ser lo que tu requieras, djame, te pido que me des una oportunidad, porque yo si te quiero de verdad, pues de nuevo ando en busca, de una chica para mi, aventurada, dejada, que sepa lo que me gusta aqui estoy papi, se me hace que es tiempo de encontrarme, con una muequita que sepa contemplarme, a gusto y me mantenga contento, porque se me hace que ya me enfade de las que tengo, no es necesariamente pa' matrimonio, tampoco para que ande presumiendo Tengo Novio!, tengo uno que otro requisito, porque s muy bien lo que necesito, de una chica dejadita pero sepa conservarse, tambin que sepa como y cuando es tiempo de aflojarle, sera que tienes tu esas calidades, sera que a la primera no te fijes y te claves quien sabe, tendr que buscar con cuidado, no quiero verme luego arrepentido y embarrado. Quiero ser, la unica mujer que solo puedas ver, puedo ser lo que tu requieras, djame, te pido que me des una oportunidad, porque yo si te quiero de verdad, oh yo Si tienes algo que me gusta a todos, por dentro siento algo y me asusta, tengo costumbre de tener tres o cuatro, pero por ti, yo presiento que me aplaco, tu me dices que me quieres y que deje de chingar, y que ya no ande cotorreando con mujeres, cuando me explicas, que tu eres mas que ellas, me preguntas que le veo yo a las bellas, no seas celosa, y dime que me ofreces, algo me dice que tal vez si me mereces, pueda ser que tu sola, puedas complacer todas las cosas que ellas me hacen entre bola, convnceme, y hazme comprender, que contigo, no necesito otra mujer, quiero que sepas, que por lo tuyo ya me ando, y espero que nomas me digas cuando, {brigde}, y te prometo que yo, s, como hacerte feliz, si, cuando quieras de mi, yo, estar siempre ahi. Quiero ser, la unica mujer que solo puedas ver, puedo ser lo que tu requieras, djame, te pido que me des una oportunidad, porque yo si te quiero de verdad, pues lo que yo propongo, aunque seas como seas, puedes hacer lo que t de la gana cuando quieras, na mas de vez en cuando guarda algo para mi, para cuando te llame ests dispuesta a darme el si, y luego le entramos en accin, tu no te creas si te cuentan que ando de cabron, porque lo que yo requiero, cualquiera me lo pinta, pero esta tiene que ser necesariamente linda asi, mas y mas que te miro me concentro, en la manera que meneas la cadera y me admiro, son las cositas, que tu haces, espero que no mientas y complaces, voy a dejar mucho, por tenerte solo a ti, y con nadie te voy a compartir, eso es todo y las cosas son asi, quiero que sepas que me gustas para mi. Quiero ser, la unica mujer que solo puedas ver, puedo ser lo que tu requieras, djame, te pido que me des una oportunidad, porque yo si te quiero de verdad."
T1_TEST_0200,6065522,NM,M,0.9536082474226805,"
[Letra de ""El Libro""]

[Intro]
Ay, jejeje
Ya tú chabelita (Y yo Che Guevara)
El Kinkilleroski
Ay, jeje

[Estribillo]
Llégale, my nigga, pa' que le llegues como hablo yo
Y si le llegas tú sabes to' (Ay)
Llégale, my nigga, pa' que le llegues como hablo yo
Y si le llegas tú sabes to'
Lle-Llégale, my nigga, pa' que le llegues como hablo yo
Y si le llegas tú sabes to'
Si eres un flipa'o, eres un torontontón
Y si das pila de tallo es que follas un montón (Ay)

[Verso]
Si tienеs mucho flow entonces es quе estás bajo perfil
La marihuana es la flor de mayo del jardín (Sí)
El blanco escama es el polvo de orinoco
Que te da por las narices y te pone como loco
Si jode la marrana es que desafina
¿La nota? Es la drogada que llevas encima
Yo estoy chilling y tu chilindrina
LFTS el efectivo y los chelitos la propina
Un penco fuiche es un culazo
Y un penco huevo es casi casi del tamaño de mi brazo
Una raya es un tiro y una punta un tarjetazo
Si mato un Mayweather, me fumo un porrazo
Un Robert es un robo, un Roberto
Si estás mosca y chivo tienes los ojos abiertos
Los rangos son códigos ocultos
No es Que U Que A, es que no es de boca, o sea no bulto
Un locario es un loco sicario
Y en los Cal de Soto es el centro penitenciario
Yo tengo cáncer, tú sagitario
Los peces gordos están en la selva de cemento, no en el acuario
Cuando me veas, grita ""¡wea, wea!""
Si eres el más criminal eres el que mejor rapea
Si tu primo te mete la mano entonces te golpea
Una sicariona es guapa y una fea es una fea
Un psicópata mental es un enfermo
Y Bárbara una come bolsas que pone cuernos
Si estoy activo es porque no me duermo
Este tema no es una psicopatada 1A, es el cuaderno

[Estribillo]
Llégale, my nigga, pa' que le llegues como hablo yo
Y si le llegas tú sabes to' (Ay)
Llégale, my nigga, pa' que le llegues como hablo yo
Y si le llegas tú sabes to'
Lle-Llégale, my nigga, pa' que le llegues como hablo yo
Y si le llegas tú sabes to'
Si eres un flipa'o, eres un torontontón
Y si das pila de tallo es que follas un montón (Ay)

[Outro]
Ay
Dale pa' allá, my nigga
Yo soy El Kinkillero Neto
Ya tú chabelita, jejeje
La Gente Fuerte
NB a los botoncitos
Ultra Mega Music
El Parla, qué lo que tú dices
Dame la luz monarca
Jeison El Mono
El sicario Yubel Mora
Chris Capell, la suprema de los Jincho maníacos","Ay, jejeje, ya tú chabelita Y yo Che Guevara, el Kinkilleroski, ay, jeje. Llégale, my nigga, pa' que le llegues como hablo yo, y si le llegas tú sabes to' Ay, llégale, my nigga, pa' que le llegues como hablo yo, y si le llegas tú sabes to', lle-Llégale, my nigga, pa' que le llegues como hablo yo, y si le llegas tú sabes to', si eres un flipa'o, eres un torontontón, y si das pila de tallo es que follas un montón Ay. Si tienes mucho flow entonces es que estás bajo perfil, la marihuana es la flor de mayo del jardín Sí, el blanco escama es el polvo de orinoco, que te da por las narices y te pone como loco, si jode la marrana es que desafina, ¿La nota? Es la drogada que llevas encima, yo estoy chilling y tu chilindrina, lFTS el efectivo y los chelitos la propina, un penco fuiche es un culazo, y un penco huevo es casi casi del tamaño de mi brazo, una raya es un tiro y una punta un tarjetazo, si mato un Mayweather, me fumo un porrazo, un Robert es un robo, un Roberto, si estás mosca y chivo tienes los ojos abiertos, los rangos son códigos ocultos, no es Que U Que A, es que no es de boca, o sea no bulto, un locario es un loco sicario, y en los Cal de Soto es el centro penitenciario, yo tengo cáncer, tú sagitario, los peces gordos están en la selva de cemento, no en el acuario, cuando me veas, grita Ąwea, wea!, si eres el más criminal eres el que mejor rapea, si tu primo te mete la mano entonces te golpea, una sicariona es guapa y una fea es una fea, un psicópata mental es un enfermo, y Bárbara una come bolsas que pone cuernos, si estoy activo es porque no me duermo, este tema no es una psicopatada 1A, es el cuaderno. Llégale, my nigga, pa' que le llegues como hablo yo, y si le llegas tú sabes to' Ay, llégale, my nigga, pa' que le llegues como hablo yo, y si le llegas tú sabes to', lle-Llégale, my nigga, pa' que le llegues como hablo yo, y si le llegas tú sabes to', si eres un flipa'o, eres un torontontón, y si das pila de tallo es que follas un montón Ay. Dale pa' allá, my nigga, yo soy El Kinkillero Neto, ya tú chabelita, jejeje, la Gente Fuerte, nB a los botoncitos, ultra Mega Music, el Parla, qué lo que tú dices, dame la luz monarca, jeison El Mono, el sicario Yubel Mora, chris Capell, la suprema de los Jincho maníacos."
T1_TEST_0201,2086414,NM,M,1.0,"
Coro
Que no te enteras..
A nadie le gusta de cruza una frontera...
Coro
Que no te enteras..
A nadie le gusta de cruza una frontera...
Paga lo que no tiene pa' meterse en pacera
Pa que cuando llegue tu le diga que te fuera, que no te entera...

Hayyy que no te entera...
A nadie le gusta de cruza una frontera... paga lo que no tiene pa' meterse en pacera pa que cuando llegue tu le diga que te fuera, que no te entera...

Ureron de ereii yo soy de otro lao' ####### # # # # vacalao' soy de la tierra, hay sano y fuerte y la bandera que levanto es por mi gente
No quiero guerra
Pero si un frente
Vamo a la lucha contra el sistema que miente

Si no te enteras
A nadie le gusta de cruza una frontera... paga lo que no tiene pa' meterce en pacera pa que cuuando llegue tu le diga que te fuera, que no te entera...

Hayyy que no te entera...
A nadie le gusta de cruza una frontera... paga lo que no tiene pa' meterce en pacera pa que cuuando llegue tu le diga que te fuera, que no te entera...

Es por el miedo
Temen los nuevo
No quieren ver
Como se mezcla su pueblo
Yo no lo entiendo
Ya no comprendo
Si somo hijo del mismo rey de los cielo
Y los de Jeaaa de toda parte
Quiere salir de la miseria que abate
Pero al llegaaaaar, si no ahi papeles, por el dinero hasta se vende las mujeres

Que no te enteras..
A nadie le gusta de cruza una frontera... paga lo que no tiene pa' meterce en pacera pa que cuuando llegue tu le diga que te fuera, que no te entera...

Hayyy que no te entera...
A nadie le gusta de cruza una frontera... paga lo que no tiene pa' meterce en pacera pa que cuuando llegue tu le diga que te fuera, que no te entera...

Porque no ah colore?
No entiendo de raza
Na' mas veo la pena
Que en la frente se pasa
Porque tu leyes y tu moral falsa?
Aqui son hermanos
De marruecos de asia...
Es una alabanza a los que trabaja, solo que se puede pa llevar pan a casa
A los cantan rasta ##### ###
Por la unidad y pa' que el amor se espanda

Que no te entera
Que to's nacemos de una madre
Que no te entera
Que pa mi Dios to somos iguales
Que no te entera que to' tenemos nuestro male
Que no te entera? que no te entera?

Hayyy que no te entera...
A nadie le gusta de cruza una frontera... paga lo que no tiene pa' meterce en pacera pa que cuuando llegue tu le diga que te fuera, que no te entera...

Little Pe'!","Coro, que no te enteras.., a nadie le gusta de cruza una frontera..., coro, que no te enteras.., a nadie le gusta de cruza una frontera..., paga lo que no tiene pa' meterse en pacera, pa que cuando llegue tu le diga que te fuera, que no te entera..., hayyy que no te entera..., a nadie le gusta de cruza una frontera... paga lo que no tiene pa' meterse en pacera pa que cuando llegue tu le diga que te fuera, que no te entera..., ureron de ereii yo soy de otro lao' ####### # # # # vacalao' soy de la tierra, hay sano y fuerte y la bandera que levanto es por mi gente, no quiero guerra, pero si un frente, vamo a la lucha contra el sistema que miente, si no te enteras, a nadie le gusta de cruza una frontera... paga lo que no tiene pa' meterce en pacera pa que cuuando llegue tu le diga que te fuera, que no te entera..., hayyy que no te entera..., a nadie le gusta de cruza una frontera... paga lo que no tiene pa' meterce en pacera pa que cuuando llegue tu le diga que te fuera, que no te entera..., es por el miedo, temen los nuevo, no quieren ver, como se mezcla su pueblo, yo no lo entiendo, ya no comprendo, si somo hijo del mismo rey de los cielo, y los de Jeaaa de toda parte, quiere salir de la miseria que abate, pero al llegaaaaar, si no ahi papeles, por el dinero hasta se vende las mujeres, que no te enteras.., a nadie le gusta de cruza una frontera... paga lo que no tiene pa' meterce en pacera pa que cuuando llegue tu le diga que te fuera, que no te entera..., hayyy que no te entera..., a nadie le gusta de cruza una frontera... paga lo que no tiene pa' meterce en pacera pa que cuuando llegue tu le diga que te fuera, que no te entera..., porque no ah colore?, no entiendo de raza, na' mas veo la pena, que en la frente se pasa, porque tu leyes y tu moral falsa?, aqui son hermanos, de marruecos de asia..., es una alabanza a los que trabaja, solo que se puede pa llevar pan a casa, a los cantan rasta ##### ###, por la unidad y pa' que el amor se espanda, que no te entera, que to's nacemos de una madre, que no te entera, que pa mi Dios to somos iguales, que no te entera que to' tenemos nuestro male, que no te entera? que no te entera?, hayyy que no te entera..., a nadie le gusta de cruza una frontera... paga lo que no tiene pa' meterce en pacera pa que cuuando llegue tu le diga que te fuera, que no te entera..., little Pe'!."
T1_TEST_0233,5113364,NM,M,0.9555555555555556,"melo, Colla
Colla, eh
[Letra de ""Infiel""]

[Intro: EIX, Brytiago]
No me digas que me ama' porque sabes que no puedo amarte
Yo la quiero a ella pero contigo es que yo viajo hacia Marte (Ooh)
Si las paredes hablaran dirían todo lo que tú y yo hacemos (Ooh)
Pero mientras esté en secreto disfrutemo' lo que hacemos, amor

[Coro: Brytiago, EIX, Rauw Alejandro]
Contigo es que yo me presto pa' ser infiel
Pa' serlo hoy y mañana también
Contigo es que me quiero ir a to'a'
No importa el día ni la hora

Contigo es que yo me presto pa' ser infiel
Pa' serlo hoy y mañana también
Contigo es que me quiero ir a to'a'
No importa el día ni la hora (Ey, Rauw-Rauw, yeah)

[Verso 1: Rauw Alejandro]
¿Por qué no te conocí antes?
Eres perfecta pa' mí
Sabes que no puedo quedarme
Hay otra que espera por mí (Yah)
De todas manera'
Llegué hasta aquí solo pa' que tú me vieras
Aunque en mi vida no seas la primera
Siempre hace' algo pa' ganar delantera, si alguien se entera
Nunca nos conocimo' (Eh)
Mucho meno' en las rede' nos seguimo' (No)
Y si algún día toca cortar contigo (Hmm)
Que se joda porque rico lo hicimo', rico lo hicimo'

[Coro: EIX, Rauw Alejandro]
Contigo es que yo me presto pa' ser infiel
Pa' serlo hoy y mañana también
Contigo es que me quiero ir a to'a'
No importa el día ni la hora

Contigo es que yo me presto pa' ser infiel
Pa' serlo hoy y mañana también
Contigo yo me quiero ir a to'a' (To'a')
No importa el día ni la hora, ooh, yeah

[Verso 2: Brytiago]
Empezamo' bebiendo y terminamo' sin ropa
Sabes bien cómo hablarme, al oído me provoca, ey
Contigo yo me voy a to'a' solo contigo (Contigo)
Tú me conoces como a nadie pero no estoy contigo
Lo de nosotro' e' ilegal, una glopa con chip
Infieles de aventura siempre la tengo en repeat
Tú durmiendo con el enemigo
Cada vez que se acuesta en las redes te ligo
¿Cómo pasó esto?
Todo empezó con un shot, un beso y un reto
Código secreto
Estoy con ella pero a ti en la mente e' a quién se lo meto

[Puente: EIX]
Hola, llámame a cualquier hora
Pa'l carajo lo que la gente rumora
Si lo de nosotro' no es de ahora
Hola, llámame a cualquier hora
Pa'l carajo lo que la gente rumora
Si lo de nosotro' no es de ahora, porque

[Coro: Brytiago, Rauw Alejandro]
Contigo es que yo me presto pa' ser infiel
Pa' serlo hoy y mañana también
Contigo es que me quiero ir a to'a'
No importa el día ni la hora

Contigo es que yo me presto pa' ser infiel
Pa' serlo hoy y mañana también
Contigo yo me quiero ir a to'a' (To'a')
No importa el día ni la hora, ooh, yeah

[Outro: EIX, Rauw Alejandro, Brytiago]
Yo soy EIX
Ra-Rauw Alejandro
Stary en el beat
Con EIX
Brytiago, bebé-eh
Duars Entertainment con lo' fuckin' sensei, con lo' fuckin' sensei
Jay Music
Dímelo, Colla
Colla, eh","melo, Colla, colla, eh. No me digas que me ama' porque sabes que no puedo amarte, yo la quiero a ella pero contigo es que yo viajo hacia Marte Ooh, si las paredes hablaran dirían todo lo que tú y yo hacemos Ooh, pero mientras esté en secreto disfrutemo' lo que hacemos, amor. Contigo es que yo me presto pa' ser infiel, pa' serlo hoy y mañana también, contigo es que me quiero ir a to'a', no importa el día ni la hora. Contigo es que yo me presto pa' ser infiel, pa' serlo hoy y mañana también, contigo es que me quiero ir a to'a', no importa el día ni la hora Ey, Rauw-Rauw, yeah. ¿Por qué no te conocí antes?, eres perfecta pa' mí, sabes que no puedo quedarme, hay otra que espera por mí Yah, de todas manera', llegué hasta aquí solo pa' que tú me vieras, aunque en mi vida no seas la primera, siempre hace' algo pa' ganar delantera, si alguien se entera, nunca nos conocimo' Eh, mucho meno' en las rede' nos seguimo' No, y si algún día toca cortar contigo Hmm, que se joda porque rico lo hicimo', rico lo hicimo'. Contigo es que yo me presto pa' ser infiel, pa' serlo hoy y mañana también, contigo es que me quiero ir a to'a', no importa el día ni la hora. Contigo es que yo me presto pa' ser infiel, pa' serlo hoy y mañana también, contigo yo me quiero ir a to'a' To'a', no importa el día ni la hora, ooh, yeah. Empezamo' bebiendo y terminamo' sin ropa, sabes bien cómo hablarme, al oído me provoca, ey, contigo yo me voy a to'a' solo contigo Contigo, tú me conoces como a nadie pero no estoy contigo, lo de nosotro' e' ilegal, una glopa con chip, infieles de aventura siempre la tengo en repeat, tú durmiendo con el enemigo, cada vez que se acuesta en las redes te ligo, ¿Cómo pasó esto?, todo empezó con un shot, un beso y un reto, código secreto, estoy con ella pero a ti en la mente e' a quién se lo meto. Hola, llámame a cualquier hora, pa'l carajo lo que la gente rumora, si lo de nosotro' no es de ahora, hola, llámame a cualquier hora, pa'l carajo lo que la gente rumora, si lo de nosotro' no es de ahora, porque. Contigo es que yo me presto pa' ser infiel, pa' serlo hoy y mañana también, contigo es que me quiero ir a to'a', no importa el día ni la hora. Contigo es que yo me presto pa' ser infiel, pa' serlo hoy y mañana también, contigo yo me quiero ir a to'a' To'a', no importa el día ni la hora, ooh, yeah. Yo soy EIX, ra-Rauw Alejandro, stary en el beat, con EIX, brytiago, bebé-eh, duars Entertainment con lo' fuckin' sensei, con lo' fuckin' sensei, jay Music, dímelo, Colla, colla, eh."
T1_TEST_0266,766275,M,NM,1.0,"
Yo soy la más cumbanchera del solar
La negra más linda que nació
En La Habana en el barrio 'e Belén

Yo, yo soy la que llega al baile
Y al bailar con mi cinturita de panqué
Arrastro a los hombres más guapos
Y valientes de la población

Yo tengo salsa y pimienta
En mi atómica cintura
Y cuando bailo la rumba
Que yo le imprimo sabrosura, sí señor!

Porque yo soy la más cumbanchera en Belén
Por mi cinturita
Los hombres se vuelven locos por mí
Por mi cinturita

(Por tu cinturita)
Pero yo soy la más cumbanchera en Belén
(por tu cinturita)
Oye, los hombres se vuelven locos por mí
(por tu cinturita)
Es que yo tengo salsa y pimienta en mi andar
(por tu cinturita)
Oye, Belén, Mari Belén, Mari Belén que me muero
(por tu cinturita)

A mí me dicen la guarachera de Cuba
(por tu cinturita)
Ay, Belén, Mari Belén, Mari Belén que me muero
(por tu cinturita)
Belén, Belén, Belén, Belén, Belén, Belén...","Yo soy la más cumbanchera del solar, la negra más linda que nació, en La Habana en el barrio 'e Belén, yo, yo soy la que llega al baile, y al bailar con mi cinturita de panqué, arrastro a los hombres más guapos, y valientes de la población, yo tengo salsa y pimienta, en mi atómica cintura, y cuando bailo la rumba, que yo le imprimo sabrosura, sí señor!, porque yo soy la más cumbanchera en Belén, por mi cinturita, los hombres se vuelven locos por mí, por mi cinturita, por tu cinturita, pero yo soy la más cumbanchera en Belén, por tu cinturita, oye, los hombres se vuelven locos por mí, por tu cinturita, es que yo tengo salsa y pimienta en mi andar, por tu cinturita, oye, Belén, Mari Belén, Mari Belén que me muero, por tu cinturita, a mí me dicen la guarachera de Cuba, por tu cinturita, ay, Belén, Mari Belén, Mari Belén que me muero, por tu cinturita, belén, Belén, Belén, Belén, Belén, Belén...."
T1_TEST_0267,1278081,NM,M,1.0,"
En esta ciudad no puedes besar
Ahora el amor, es vil subversión
Nos quieren restar las fuerzas de amar

La tira en acción
Dispersa el amor
Por parte se ve
En el metro el hotel
El mitin de hoy
Es cosa de dos

Si vienen por mí, vendrán por los dos
Si vienen por dos, vendrán por los tres
Si vienen por tres, por todos vendrán

Tres noches atrás
Estaba yo acá
Y al coche asomó
Un gendarme y tosió
Faltándole están
Dizque a la moral

Y luego agregó
Con ojos de león
Ay muere no’ mas
Invita a pasar
Pus como la ven parejas de tres

Si vienen por mí, vendrán por los dos
Si vienen por dos, vendrán por los tres
Si vienen por tres, por todos vendrán

Aquí está el altar
Te puedes casar
Después dirá el juez
Tu luna de miel
Y claro que está
La ilegalidad

En esta ciudad no puedes fajar
Ahora el amor, es vil subversión
Nos quieren restar las fuerzas de amar
Nos quieren quitar las ganas de amar
Me quieres quitar las ganas de amar","En esta ciudad no puedes besar, ahora el amor, es vil subversión, nos quieren restar las fuerzas de amar, la tira en acción, dispersa el amor, por parte se ve, en el metro el hotel, el mitin de hoy, es cosa de dos, si vienen por mí, vendrán por los dos, si vienen por dos, vendrán por los tres, si vienen por tres, por todos vendrán, tres noches atrás, estaba yo acá, y al coche asomó, un gendarme y tosió, faltándole están, dizque a la moral, y luego agregó, con ojos de león, ay muere no' mas, invita a pasar, pus como la ven parejas de tres, si vienen por mí, vendrán por los dos, si vienen por dos, vendrán por los tres, si vienen por tres, por todos vendrán, aquí está el altar, te puedes casar, después dirá el juez, tu luna de miel, y claro que está, la ilegalidad, en esta ciudad no puedes fajar, ahora el amor, es vil subversión, nos quieren restar las fuerzas de amar, nos quieren quitar las ganas de amar, me quieres quitar las ganas de amar."
T1_TEST_0275,4169344,M,NM,0.9426229508196722,"
[Letra de ""Lamento Tu Pérdida""]

[Verso 1]
Me extrañas
Ya tu cara me lo dice
Y yo sé que lo sabes (Sabes)
Que no puedes apreciarme
Porque ya no estaré ahí (Natti Nat, Natti Nat)
Así de fácil
Ya no estaré ahí
¿Qué será de ti?
Un infeliz

[Verso 2]
Después de tu perdida
Ahora te das cuenta de tu realidad
Que sin mi no eres na'
Tienes tu vida desorganiza’ (-organiza')
Te sientes como basura
Ahora si no cabe duda
De que en tu vida yo era la dura, pa'
Sé que extraña la noche de travesura, pa’
Poder tocarme sin ninguna censura
Mi hermosura

[Pre-Coro]
Y pensar que tuviste que perder
Para aprenderme a valorar
Pero ya no hay na' que valorar
Tan cerca que estuve
Y ahora que me ofreces hasta las nubes
Ya yo no quiero na'
Tus panas te ven y te dicen ""Lamento tu pérdida""

[Coro]
Mucho que te lo dije
Pero mucho que te lo advertí
Que te pusiera' pa' mí (Pa' mí)
Pero ya pasó el tiempo
Y me tengo que ir
Tanto que te lo dije, vida
Pero tanto que te lo advertí
Que te pusieras pa' mí (Pa' mí)
Pero ya pasó el tiempo
Y me tengo que ir

[Verso 3]
Toa’ las veces que fallaste y yo lo sé (Yo lo sé)
Toa’ las veces que me fuiste infiel (Infiel)
También sé que de mi cuerpo
Sigues teniendo sed (Sed)
Pero, tenerme como me tenías
Ahora se quedará en fantasía
Tanto que tu madre te lo decía
Valora esa niña, que algún día la puedes perder

[Pre-Coro]
Y pensar que tuviste que perder
Para aprenderme a valorar
Pero ya no hay na' que valorar
Tan cerca que estuve
Y ahora que me ofreces hasta las nubes
Ya yo no quiero na’
Tus panas te ven y te dicen ""Lamento tu pérdida""

[Coro]
Mucho que te lo dije
Pero mucho que te lo advertí (Advertí)
Que te pusiera' pa' mí (Pa' mí)
Pero ya pasó el tiempo
Y me tengo que ir
Tanto que te lo dije, vida
Pero tanto que te lo advertí
Que te pusieras pa’ mí (Pa' mí)
Pero ya pasó el tiempo
Y me tengo que ir (Que ir)","Me extrañas, ya tu cara me lo dice, y yo sé que lo sabes Sabes, que no puedes apreciarme, porque ya no estaré ahí Natti Nat, Natti Nat, así de fácil, ya no estaré ahí, ¿Qué será de ti?, un infeliz, después de tu perdida, ahora te das cuenta de tu realidad, que sin mi no eres na', tienes tu vida desorganiza' -organiza', te sientes como basura, ahora si no cabe duda, de que en tu vida yo era la dura, pa', sé que extraña la noche de travesura, pa', poder tocarme sin ninguna censura, mi hermosura, y pensar que tuviste que perder, para aprenderme a valorar, pero ya no hay na' que valorar, tan cerca que estuve, y ahora que me ofreces hasta las nubes, ya yo no quiero na', tus panas te ven y te dicen Lamento tu pérdida, mucho que te lo dije, pero mucho que te lo advertí, que te pusiera' pa' mí Pa' mí, pero ya pasó el tiempo, y me tengo que ir, tanto que te lo dije, vida, pero tanto que te lo advertí, que te pusieras pa' mí Pa' mí, pero ya pasó el tiempo, y me tengo que ir, toa' las veces que fallaste y yo lo sé Yo lo sé, toa' las veces que me fuiste infiel Infiel, también sé que de mi cuerpo, sigues teniendo sed Sed, pero, tenerme como me tenías, ahora se quedará en fantasía, tanto que tu madre te lo decía, valora esa niña, que algún día la puedes perder, y pensar que tuviste que perder, para aprenderme a valorar, pero ya no hay na' que valorar, tan cerca que estuve, y ahora que me ofreces hasta las nubes, ya yo no quiero na', tus panas te ven y te dicen Lamento tu pérdida, mucho que te lo dije, pero mucho que te lo advertí Advertí, que te pusiera' pa' mí Pa' mí, pero ya pasó el tiempo, y me tengo que ir, tanto que te lo dije, vida, pero tanto que te lo advertí, que te pusieras pa' mí Pa' mí, pero ya pasó el tiempo, y me tengo que ir Que ir."
T1_TEST_0294,8755449,M,NM,0.9830508474576272,"Aquel verano en París

En Mallorca haciendo escala

Todos esos recuerdos que ahora guardo y me acompañan



Nunca nos faltó frenesí

Dejarlo todo en la batalla

Bucear y ver tus ojos

En mi lado de la cama

Y pedirle a la luna

Otra noche mas de hambruna



Porque me vuelvo loco si no te rozo

Quiero tenerte muy poco a poco

Y que bailen los lobos que este mar me sabe a poco

Porque me vuelvo loco si no te toco

Quiero besartе muy poco a poco

Y quemar esta noche como si fuеra ayer



Y vamos a fundirnos como animales

Y vamos a perder todos los modales

Que si llegamos tarde es que todo ha ido bien

Nos vamos a beber hasta el amanecer

Y vamos a bailarlo como tú sabes

Perdamos el control hasta que todo acabe

Solamente hace falta una buena canción

Y ahogar nuestros cuerpos en sal y limón



Las noches por Madrid, nunca tuvimos fin

Cerrábamos los bares, olvidamos que era dormir

Las ganas de vivir, solo éramos dos locos



Y ahora le pido a la luna otra noche mas de hambruna



Porque me vuelvo loco si no te rozo

Quiero tenerte muy poco a poco

Y que bailen los lobos que este mar me sabe a poco

Porque me vuelvo loco si no te toco

Quiero besarte muy poco a poco

Y quemar esta noche como si fuera ayer



Y vamos a fundirnos como animales

Y vamos a perder todos los modales

Que si llegamos tarde es que todo ha ido bien

Nos vamos a beber hasta el amanecer

Y vamos a bailarlo como tú sabes

Perdamos el control hasta que todo acabe

Solamente hace falta una buena canción

Y ahogar nuestros cuerpos en sal y limón



Porque me vuelvo loco si no te toco (Oooh)

Quiero besarte muy poco a poco (Ooooh)

Y quemar esta noche

Y ahogar nuestros cuerpos en sal y limón","Aquel verano en París, en Mallorca haciendo escala, todos esos recuerdos que ahora guardo y me acompañan, nunca nos faltó frenesí, dejarlo todo en la batalla, bucear y ver tus ojos, en mi lado de la cama, y pedirle a la luna, otra noche mas de hambruna, porque me vuelvo loco si no te rozo, quiero tenerte muy poco a poco, y que bailen los lobos que este mar me sabe a poco, porque me vuelvo loco si no te toco, quiero besarte muy poco a poco, y quemar esta noche como si fuera ayer, y vamos a fundirnos como animales, y vamos a perder todos los modales, que si llegamos tarde es que todo ha ido bien, nos vamos a beber hasta el amanecer, y vamos a bailarlo como tú sabes, perdamos el control hasta que todo acabe, solamente hace falta una buena canción, y ahogar nuestros cuerpos en sal y limón, las noches por Madrid, nunca tuvimos fin, cerrábamos los bares, olvidamos que era dormir, las ganas de vivir, solo éramos dos locos, y ahora le pido a la luna otra noche mas de hambruna, porque me vuelvo loco si no te rozo, quiero tenerte muy poco a poco, y que bailen los lobos que este mar me sabe a poco, porque me vuelvo loco si no te toco, quiero besarte muy poco a poco, y quemar esta noche como si fuera ayer, y vamos a fundirnos como animales, y vamos a perder todos los modales, que si llegamos tarde es que todo ha ido bien, nos vamos a beber hasta el amanecer, y vamos a bailarlo como tú sabes, perdamos el control hasta que todo acabe, solamente hace falta una buena canción, y ahogar nuestros cuerpos en sal y limón, porque me vuelvo loco si no te toco Oooh, quiero besarte muy poco a poco Ooooh, y quemar esta noche, y ahogar nuestros cuerpos en sal y limón."
T1_TEST_0303,1814193,NM,M,0.9807692307692307,"ablan, algunos nos aman
Desde que ya no está
Él no descansa en paz
Su alma llora, llora
Él no se conforma con la soledad

Desde que ya no está
Él empezó a vagar
Su alma penitente
Sin opción a muerte por la eternidad

Se conocieron en un frío diciembre
Tres años atrás
Él quería asustarla por el ventana
Ella lo asustó cuando le sonrió
Él miró sus ojos y cayó en su fondo
Hasta su corazón

Ella es una loca, loca perdida
Él adora su alma herida
Yse amaron bailando sin tiempos
Psicofonías que él cantaba en el viento

Ella es una loca, loca perdida
Él se aparece en fuego y policromías
El fantasma y la loca se quieren casar
El padre de ella no lo quiere aceptar

Más una maldición
Lo ata en la mansión
Por eso él canta, canta y el viento se lleva su lamentación

Si pones atención
Escucharás su voz
Y seguro que ella ya en su blanca celda
Baila psicofonías de amor

Ella es una loca, loca perdida
Él adora su alma herida
Y se amaron bailando sin tiempos
Psicofonías que él cantaba en el viento

Ella es una loca, loca perdida
Él se aparece en fuego y policromías
El fantasma y la loca se quieren casar
El padre de ella no lo quiere aceptar

Ella es una loca, loca perdida
Él la adora, ella nunca lo olvida
Pues la envuelve en psicofonías

Los muertos nos hablan, algunos nos aman","ablan, algunos nos aman, desde que ya no está, çl no descansa en paz, su alma llora, llora, çl no se conforma con la soledad, desde que ya no está, çl empezó a vagar, su alma penitente, sin opción a muerte por la eternidad, se conocieron en un frío diciembre, tres años atrás, çl quería asustarla por el ventana, ella lo asustó cuando le sonrió, çl miró sus ojos y cayó en su fondo, hasta su corazón, ella es una loca, loca perdida, çl adora su alma herida, yse amaron bailando sin tiempos, psicofonías que él cantaba en el viento, ella es una loca, loca perdida, çl se aparece en fuego y policromías, el fantasma y la loca se quieren casar, el padre de ella no lo quiere aceptar, más una maldición, lo ata en la mansión, por eso él canta, canta y el viento se lleva su lamentación, si pones atención, escucharás su voz, y seguro que ella ya en su blanca celda, baila psicofonías de amor, ella es una loca, loca perdida, çl adora su alma herida, y se amaron bailando sin tiempos, psicofonías que él cantaba en el viento, ella es una loca, loca perdida, çl se aparece en fuego y policromías, el fantasma y la loca se quieren casar, el padre de ella no lo quiere aceptar, ella es una loca, loca perdida, çl la adora, ella nunca lo olvida, pues la envuelve en psicofonías, los muertos nos hablan, algunos nos aman."
T1_TEST_0311,5361125,NM,M,1.0,"
Falsas relaciones y bajas intenciones
No podía comenzar mejor;
Película de amor en technicolor
El héroe y su heroína a go-go

Violencia en tu vestido, violencia desvestida
Te creíste la mujer maravilla;
Tampoco me arrepiento, ni digo que lo siento
Son romances en la línea amarilla

Oh-oh, oh-oh, oh-oh;
Oh-oh, oh-oh, oh-oh

Ya cancelé esta vida, sólo quiero salida
De este mal... romance;
No importa lo que digas, tan sólo quiero olvidar
Este mal... romance
Vil... romance, mal...romance

Bye, bye nena, todo esto es una pena
No se entienden tu emoción y la mía;
Ahora me reposo, romance escandaloso
Y el vacio lentamente se enfría

Crisis amorosa, me diste cada cosa
Que muy pocos se imaginan en vos;
Muy mal entretenidos, en juegos retorcidos
Que ganamos y perdimos los dos

Oh-oh, oh-oh, oh-oh;
Oh-oh, oh-oh, oh-oh

Ya cancelé esta vida, sólo quiero salida
De este mal... romance;
No importa lo que digas, tan sólo quiero olvidar
Este mal... romance
Vil... romance, mal...romance
Vil... romance, mal...romance
Vil... romance, mal...romance","Falsas relaciones y bajas intenciones, no podía comenzar mejor;, película de amor en technicolor, el héroe y su heroína a go-go, violencia en tu vestido, violencia desvestida, te creíste la mujer maravilla;, tampoco me arrepiento, ni digo que lo siento, son romances en la línea amarilla, oh-oh, oh-oh, oh-oh;, oh-oh, oh-oh, oh-oh, ya cancelé esta vida, sólo quiero salida, de este mal... romance;, no importa lo que digas, tan sólo quiero olvidar, este mal... romance, vil... romance, mal...romance, bye, bye nena, todo esto es una pena, no se entienden tu emoción y la mía;, ahora me reposo, romance escandaloso, y el vacio lentamente se enfría, crisis amorosa, me diste cada cosa, que muy pocos se imaginan en vos;, muy mal entretenidos, en juegos retorcidos, que ganamos y perdimos los dos, oh-oh, oh-oh, oh-oh;, oh-oh, oh-oh, oh-oh, ya cancelé esta vida, sólo quiero salida, de este mal... romance;, no importa lo que digas, tan sólo quiero olvidar, este mal... romance, vil... romance, mal...romance, vil... romance, mal...romance, vil... romance, mal...romance."
T1_TEST_0317,1691571,NM,M,0.8571428571428571,"
[Letra de ""Muñeca""]

[Verso 1]
Todo lo que necesites, sólo yo lo puedo dar
Todo lo que tú quieras, yo lo tengo
Necesitas un abrigo, entre mis brazos estarás
Necesitas un camino, yo lo pinto

[Coro]
Mi muñeca está llorando
Mi muñeca está
Mi muñeca está llorando
Mi muñeca está

[Verso 2]
Mi muñeca está llorando, pero yo no sé por qué
¿Será que no me quiere?, no me quiere
Necesitas un amigo, aquí yo mero estaré
Pero te pido que me mates, mátame

[Coro]
Mi muñeca está llorando
Mi muñeca está
Mi muñeca está llorando
Mi muñeca está

[Interludio]

Mi muñeca está llorando
Mi muñeca está
Mi muñeca está llorando
Mi muñeca está

[Puente]
¿Sabes quién fue?, ¿tal vez por qué ella lloró? (Nadie la hizo llorar)
Yo la quiero, mas no quiero verla feliz (Nadie la hizo llorar)

[Outro]
Nadie la hizo llorar
Nadie la hizo llorar
Nadie la hizo llorar
Nadie la hizo llorar","Todo lo que necesites, sólo yo lo puedo dar, todo lo que tú quieras, yo lo tengo, necesitas un abrigo, entre mis brazos estarás, necesitas un camino, yo lo pinto. Mi muñeca está llorando, mi muñeca está, mi muñeca está llorando, mi muñeca está. Mi muñeca está llorando, pero yo no sé por qué, ¿Será que no me quiere?, no me quiere, necesitas un amigo, aquí yo mero estaré, pero te pido que me mates, mátame. Mi muñeca está llorando, mi muñeca está, mi muñeca está llorando, mi muñeca está. Mi muñeca está llorando, mi muñeca está, mi muñeca está llorando, mi muñeca está. ¿Sabes quién fue?, ¿tal vez por qué ella lloró? Nadie la hizo llorar, yo la quiero, mas no quiero verla feliz Nadie la hizo llorar. Nadie la hizo llorar, nadie la hizo llorar, nadie la hizo llorar, nadie la hizo llorar."
T1_TEST_0327,4059053,M,NM,0.9298245614035088,"
[Letra de ""Mala Santa""]

[Verso 1]
Dicen que hay peligro cuando salgo
Que no le temo a lo malo (A veces soy candela)
No te confundas que no soy nada de buena
En mis ojos ves maldad

[Coro]
No soy ni mala ni santa
Tráeme alcohol pa' que se moje la garganta
Una como yo a ti te hace falta
Calladita pero a veces soy mala
Empiezo y no quiero parar
No soy ni mala ni santa
Tráeme alcohol pa' que se moje la garganta
Una como yo a ti te hace falta
Calladita pero a veces soy mala
Empiezo y no quiero parar
No soy ni mala ni santa

[Verso 2]
Muevo el boom-boom como un sismo
Par de trago' y entro en erotismo
No digo na' pero quiero lo mismo
Y cuando yo bailo así
Me agarra la cintura
Me sube la calentura
Veo su cuerpo cómo suda
Y eso que todavía
No me ha visto desnuda en su cama
Estoy pa' perder la cabeza
No me hablen de amor
Eso a mí no me interesa
Te gusta el juego, yo soy la que empieza
Pero recuerda que

[Coro]
No soy ni mala ni santa
Tráeme alcohol pa' que se moje la garganta
Una como yo a ti te hace falta
Calladita pero a veces soy mala
Empiezo y no quiero parar
No soy ni mala ni santa

[Verso 3]
Quiero un shot de tequila
Rumba hasta el otro día
Soltera, así me quería
Que yo daba fuego decían

[Puente]
Y que esto no pare
Que a penas comienza
Apaguen celulare'
Estamo' pa' maldade'
Y que esto no pare
Que a penas comienza
Apaguen celulare'
Estamo' pa' maldade'

[Outro]
Santa
Tráeme alcohol pa' que se moje la garganta
Una como yo a ti te hace falta
Calladita pero a veces soy mala
Empiezo y no quiero parar
No soy ni mala ni santa","Dicen que hay peligro cuando salgo, que no le temo a lo malo A veces soy candela, no te confundas que no soy nada de buena, en mis ojos ves maldad. No soy ni mala ni santa, tráeme alcohol pa' que se moje la garganta, una como yo a ti te hace falta, calladita pero a veces soy mala, empiezo y no quiero parar, no soy ni mala ni santa, tráeme alcohol pa' que se moje la garganta, una como yo a ti te hace falta, calladita pero a veces soy mala, empiezo y no quiero parar, no soy ni mala ni santa. Muevo el boom-boom como un sismo, par de trago' y entro en erotismo, no digo na' pero quiero lo mismo, y cuando yo bailo así, me agarra la cintura, me sube la calentura, veo su cuerpo cómo suda, y eso que todavía, no me ha visto desnuda en su cama, estoy pa' perder la cabeza, no me hablen de amor, eso a mí no me interesa, te gusta el juego, yo soy la que empieza, pero recuerda que. No soy ni mala ni santa, tráeme alcohol pa' que se moje la garganta, una como yo a ti te hace falta, calladita pero a veces soy mala, empiezo y no quiero parar, no soy ni mala ni santa. Quiero un shot de tequila, rumba hasta el otro día, soltera, así me quería, que yo daba fuego decían. Y que esto no pare, que a penas comienza, apaguen celulare', estamo' pa' maldade', y que esto no pare, que a penas comienza, apaguen celulare', estamo' pa' maldade'. Santa, tráeme alcohol pa' que se moje la garganta, una como yo a ti te hace falta, calladita pero a veces soy mala, empiezo y no quiero parar, no soy ni mala ni santa."
T1_TEST_0336,1981602,NM,M,0.9863013698630136,"
[Letra de ""Tu Recuerdo y Yo""]

Estoy en el rincón de una cantina
Oyendo una canción que yo pedí
Me están sirviendo ahorita mi tequila
Ya va mi pensamiento rumbo a ti

Yo se que tu recuerdo es mi desgracia
Y vengo aquí nomas a recordar
Que amargas son las cosas que nos pasan
Cuando hay una mujer que paga mal

Quien no sabe en esta vida, la traición tan conocida
Que nos deja un mal amor
Quien no llega a la cantina
Exigiendo su tequila y exigiendo su canción

Me están sirviendo ya la del estribo
Ahorita, ya no se si tengo fe
Ahorita, solamente ya les pido
Que toque otra vez ""La que se fue""

Quien no sabe en esta vida, la traición tan conocida
Que nos deja un mal amor
Quien no llega a la cantina
Exigiendo su tequila y exigiendo su canción

Me están sirviendo ya la del estribo
Ahorita, ya no se si tengo fe
Ahorita, solamente ya les pido
Que toque otra vez ""La que se fue""","Estoy en el rincón de una cantina, oyendo una canción que yo pedí, me están sirviendo ahorita mi tequila, ya va mi pensamiento rumbo a ti, yo se que tu recuerdo es mi desgracia, y vengo aquí nomas a recordar, que amargas son las cosas que nos pasan, cuando hay una mujer que paga mal, quien no sabe en esta vida, la traición tan conocida, que nos deja un mal amor, quien no llega a la cantina, exigiendo su tequila y exigiendo su canción, me están sirviendo ya la del estribo, ahorita, ya no se si tengo fe, ahorita, solamente ya les pido, que toque otra vez La que se fue, quien no sabe en esta vida, la traición tan conocida, que nos deja un mal amor, quien no llega a la cantina, exigiendo su tequila y exigiendo su canción, me están sirviendo ya la del estribo, ahorita, ya no se si tengo fe, ahorita, solamente ya les pido, que toque otra vez La que se fue."
T1_TEST_0343,3164742,NM,M,0.9290780141843972,"
[Letra de ""Criminal""]

[Intro: Ozuna]
Uoh-oh-oh (Jeje), yeah
El Negrito Ojos Claro'
Ozuna

[Pre-Coro: Ozuna & Natti Natasha]
Miento si te digo que en ti no ando pensando
Quisiera saber lo que estás haciendo
Te llamo, pero me sale ocupado, woh-oh (Woh-oh)
Tú me robaste el corazón como un criminal
(Bebé, yo no puedo negarlo)
Esto que siento por ti no puede ser legal, ah

[Coro: Natti Natasha & Ozuna]
Criminal, cri-criminal
Tu estilo, tu flow; baby, muy criminal
Criminal, uh, criminal, ah (Criminal, ah)
Criminal, cri-criminal
Tu estilo, tu flow; mami, muy criminal
Criminal, cri-criminal, ah (Criminal, ah)

[Refrán: Ozuna]
Ya tú me mira' como que te pongo mal
De lejo', yo puedo observar lo que tu mente puede pensar
Tú me dice', que yo me dejo llevar
¿Será porque tiene' un flow demasia'o de cri-criminal, baby?

[Verso 1: Ozuna]
Similar no la he visto por ahí
Que solo la mire de lejito' y se ponga así, salvaje
Báilame, pero con coraje
Y deja que esta pista haga que te suba el traje

[Pre-Coro: Natti Natasha]
Miento si te digo que en ti no ando pensando
Quisiera saber lo que estás haciendo
Te llamo, pero me sale ocupado, woh-oh
Tú me robaste el corazón como un criminal
(Bebé yo no puedo negarlo)
Esto que siento por ti no puede ser legal, ah

[Coro: Natti Natasha & Ozuna]
Criminal, cri-criminal
Tu estilo, tu flow; baby, muy criminal
Criminal, uh, criminal, ah (Criminal, ah)
Criminal, cri-criminal
Tu estilo, tu flow; mami, muy criminal
Criminal, cri-criminal, ah

[Verso 2: Natti Natasha]
Como tú lo hace', rompe la ley
Tú eres un delito que yo quiero cometer
Si por eso dieran tiempo, perpetua debieras ver
Para mí, un problema que no quiero resolver, no
Tú me encantas, yo no te quiero mentir
(Tú), tú eres para mí, no te quiero compartir
Sin malas maña', la cosa se nos daña
(Tú), no te has ido y ya mi cuerpo a ti te extraña

[Refrán: Ozuna]
Tú me mira' como que te pongo mal
De lejo', yo puedo observar lo que tu mente puede pensar
Tú me dice', que yo me dejo llevar
¿Será porque tiene' un flow demasia'o de cri-criminal, baby?

[Coro: Natti Natasha & Ozuna]
Criminal, cri-criminal
Tu estilo, tu flow; baby, muy criminal
Criminal, uh, criminal, ah (Criminal, ah)
Criminal, cri-criminal
Tu estilo, tu flow; mami, muy criminal
Criminal, cri-criminal, ah (Ah)

[Outro: Ozuna]
Pina Records
Dímelo Vi
Natti Nat, Natti Nat
La Formula","Uoh-oh-oh Jeje, yeah, el Negrito Ojos Claro', ozuna, miento si te digo que en ti no ando pensando, quisiera saber lo que estás haciendo, te llamo, pero me sale ocupado, woh-oh Woh-oh, tú me robaste el corazón como un criminal, bebé, yo no puedo negarlo, esto que siento por ti no puede ser legal, ah, criminal, cri-criminal, tu estilo, tu flow; baby, muy criminal, criminal, uh, criminal, ah Criminal, ah, criminal, cri-criminal, tu estilo, tu flow; mami, muy criminal, criminal, cri-criminal, ah Criminal, ah, ya tú me mira' como que te pongo mal, de lejo', yo puedo observar lo que tu mente puede pensar, tú me dice', que yo me dejo llevar, ¿Será porque tiene' un flow demasia'o de cri-criminal, baby?, similar no la he visto por ahí, que solo la mire de lejito' y se ponga así, salvaje, báilame, pero con coraje, y deja que esta pista haga que te suba el traje, miento si te digo que en ti no ando pensando, quisiera saber lo que estás haciendo, te llamo, pero me sale ocupado, woh-oh, tú me robaste el corazón como un criminal, bebé yo no puedo negarlo, esto que siento por ti no puede ser legal, ah, criminal, cri-criminal, tu estilo, tu flow; baby, muy criminal, criminal, uh, criminal, ah Criminal, ah, criminal, cri-criminal, tu estilo, tu flow; mami, muy criminal, criminal, cri-criminal, ah, como tú lo hace', rompe la ley, tú eres un delito que yo quiero cometer, si por eso dieran tiempo, perpetua debieras ver, para mí, un problema que no quiero resolver, no, tú me encantas, yo no te quiero mentir, tú, tú eres para mí, no te quiero compartir, sin malas maña', la cosa se nos daña, tú, no te has ido y ya mi cuerpo a ti te extraña, tú me mira' como que te pongo mal, de lejo', yo puedo observar lo que tu mente puede pensar, tú me dice', que yo me dejo llevar, ¿Será porque tiene' un flow demasia'o de cri-criminal, baby?, criminal, cri-criminal, tu estilo, tu flow; baby, muy criminal, criminal, uh, criminal, ah Criminal, ah, criminal, cri-criminal, tu estilo, tu flow; mami, muy criminal, criminal, cri-criminal, ah Ah, pina Records, dímelo Vi, natti Nat, Natti Nat, la Formula."
T1_TEST_0365,5360998,NM,M,0.8888888888888888,"
[Letra de ""Yo Ya No Vuelvo Contigo""]

[Verso 1]
¿Qué se siente ser feliz solamente cuando tomas?
No llenar ese vacío porque únicamente es mío
Por eso es que te abandonan y es que siempre ha sido así
Lo que quiero lo consigo, a tu nombre alzo mi copa
Porque dormiré con otra y tú soñarás conmigo
Te lo dije, corazón, quien lastima este cabrón
Siempre tiene su castigo

[Coro]
Dime, ¿cómo quieres que te explique?
Que por más que llores y supliques
Yo ya no vuelvo contigo
La verdad sí me arrepiento por haberte conocido
Y vete, porque causas pena ajena
Creo que en realidad tienes problemas
Cuánto quieres que te pague?
Solo quiero que te largues
Te lo doy en efectivo

[Interludio]
Échele, mi compa, Lenin Ramírez
Y así suena Grupo Firme, viejo
¡Salud!

[Coro]
Dime, ¿cómo quieres que te explique?
Que por más que llores y supliques
Yo ya no vuelvo contigo
La verdad sí me arrepiento por haberte conocido
Y vete, porque causas pena ajena
Creo que en realidad tienes problemas
Cuánto quieres que te pague?
Solo quiero que te largues
Te lo doy en efectivo","¿Qué se siente ser feliz solamente cuando tomas?, no llenar ese vacío porque únicamente es mío, por eso es que te abandonan y es que siempre ha sido así, lo que quiero lo consigo, a tu nombre alzo mi copa, porque dormiré con otra y tú soñarás conmigo, te lo dije, corazón, quien lastima este cabrón, siempre tiene su castigo, dime, ¿cómo quieres que te explique?, que por más que llores y supliques, yo ya no vuelvo contigo, la verdad sí me arrepiento por haberte conocido, y vete, porque causas pena ajena, creo que en realidad tienes problemas, cuánto quieres que te pague?, solo quiero que te largues, te lo doy en efectivo, çchele, mi compa, Lenin Ramírez, y así suena Grupo Firme, viejo, ąSalud!, dime, ¿cómo quieres que te explique?, que por más que llores y supliques, yo ya no vuelvo contigo, la verdad sí me arrepiento por haberte conocido, y vete, porque causas pena ajena, creo que en realidad tienes problemas, cuánto quieres que te pague?, solo quiero que te largues, te lo doy en efectivo."
T1_TEST_0366,1854694,M,NM,1.0,")
Chulada de maiz prieto
Cuanta pena a mi me das
¿que te apena ser morena?
Triste güera oxigenada
Dizque rubia superior
Me relleva la tostada
Ya cambiaste el molcajete
Por licuadora de broche
Pinche malinche lo cortés
No quita lo cuauhtémoc (2)
Yo soy de aqui no soy de allá
Tu ni de aca ni de allá
Ni pichas ni cachas ni dejas batear
Te caerá la maldición
Del buen dios texcatlipunk
Aunque la mona se pinte de güera
Mona se queda
Pinche malinche lo cortés
No quita lo cuauhtémoc (2)
Ayayayayay
Ayayayayay
Ayayayayay
Pinche malinche lo cortés
No quita lo cuauhtémoc (4)
Con mi cara de nagual
De nopal sin razurar
Toy orgulloso que conste sí sí sí
Yo soy la raza de bronce
Si lo mexicano es naco y lo mexicano es chido
Entonces verdad de dios...todo o naco es chido (chidoo)
Pinche malinche lo cortés
No quita lo cuauhtémoc (4)","Chulada de maiz prieto, cuanta pena a mi me das, ¿que te apena ser morena?, triste güera oxigenada, dizque rubia superior, me relleva la tostada, ya cambiaste el molcajete, por licuadora de broche, pinche malinche lo cortés, no quita lo cuauhtémoc 2, yo soy de aqui no soy de allá, tu ni de aca ni de allá, ni pichas ni cachas ni dejas batear, te caerá la maldición, del buen dios texcatlipunk, aunque la mona se pinte de güera, mona se queda, pinche malinche lo cortés, no quita lo cuauhtémoc 2, ayayayayay, ayayayayay, ayayayayay, pinche malinche lo cortés, no quita lo cuauhtémoc 4, con mi cara de nagual, de nopal sin razurar, toy orgulloso que conste sí sí sí, yo soy la raza de bronce, si lo mexicano es naco y lo mexicano es chido, entonces verdad de dios...todo o naco es chido chidoo, pinche malinche lo cortés, no quita lo cuauhtémoc 4."
T1_TEST_0402,1104444,M,NM,1.0,"
Llorarás por mi...
Cuando el día se termine
Y no esté ya junto a ti
Cuando cruces esa calle

Donde ayer te conocí
Y abrazándote a mi pecho
Me dijiste tú que sí

Llorarás por mí
Cuando un chico se te acerque
Y te hable de amor
Cuando beses otros labios
Que te llenen de emoción
Y hasta puede... cuando hagas el amor...

Pensarás en mí y pensarás en mí...

No me olvidarás
Por más que lo intentes...
Porque viviré... para siempre en tí
No me olvidarás
Vas a recordarme
Porque te entregué
Lo mejor de mí

No me olvidarás
Sabes que te mientes
Como vas a ser...
Sin mi amor feliz

No me olvidarás
Puede que mañana...
Por dejar mi amor
Te arrepentirás

Llorarás por mí (llorarás por mí)
Llorarás por mí (llorarás por mí)
Y yo también... lloraré por tí

No me olvidarás
Sabes que te mientes...
Porque viviré... para siempre en tí
No me olvidarás, nono
Puede que mañana
Por dejar mi amor
Te arrepentirás

No me olvidarás
Sabes que te mientes
Como vas a ser...
Sin mi amor feliz

No me olvidarás
Puede que mañana...
Por dejar mi amor
Te arrepentirás

Llorarás por mí (llorarás por mí)
Llorarás por mí (llorarás por mí)
Y yo también... lloraré por tí","Llorarás por mi..., cuando el día se termine, y no esté ya junto a ti, cuando cruces esa calle, donde ayer te conocí, y abrazándote a mi pecho, me dijiste tú que sí, llorarás por mí, cuando un chico se te acerque, y te hable de amor, cuando beses otros labios, que te llenen de emoción, y hasta puede... cuando hagas el amor..., pensarás en mí y pensarás en mí..., no me olvidarás, por más que lo intentes..., porque viviré... para siempre en tí, no me olvidarás, vas a recordarme, porque te entregué, lo mejor de mí, no me olvidarás, sabes que te mientes, como vas a ser..., sin mi amor feliz, no me olvidarás, puede que mañana..., por dejar mi amor, te arrepentirás, llorarás por mí llorarás por mí, llorarás por mí llorarás por mí, y yo también... lloraré por tí, no me olvidarás, sabes que te mientes..., porque viviré... para siempre en tí, no me olvidarás, nono, puede que mañana, por dejar mi amor, te arrepentirás, no me olvidarás, sabes que te mientes, como vas a ser..., sin mi amor feliz, no me olvidarás, puede que mañana..., por dejar mi amor, te arrepentirás, llorarás por mí llorarás por mí, llorarás por mí llorarás por mí, y yo también... lloraré por tí."
T1_TEST_0416,3132993,NM,M,0.967032967032967,"n
[Letra de ""¡Esta Noche es la Reunión!""]

Como una bebida, ella te intoxica, acabarás haciendo lo que ella pida
Fuiste una presa más, para de contar todos esos corazones machucados
De seguro uno es mío, somos uno en el montón
Hay una lista de un millón, no exagero, un millón

Debemos hacer unión, somos el Club de la Reina Veneno Asociación
Ya es oficial nuestra facción, ven, te sacaremos de prisión, hipnotizó tu corazón

Ella siempre ríe, pero no sonríe, el silencio de su risa es terrible
Te atrae a su guarida, luego te deja sin vida con su veneno ella tiene el control
Te usa y deja en un rincón, no era amor, sólo terror
Ya somos más de un millón, somos más de un millón

Y ya tenemos una unión, somos el Club de la Reina Veneno Asociación
El más grande de la nación, todos ya sufrimos el dolor, nos degolló el corazón

No era amor, sólo terror, ya somos más de un millón
Somos más de un millón

Y ya tenemos una unión, somos el Club de la Reina Veneno Asociación
¡Y esta noche es la reunión!, todos ya sufrimos el dolor, nos degolló el corazón
Ven, te sacaremos de prisión, hipnotizó tu corazón","Como una bebida, ella te intoxica, acabarás haciendo lo que ella pida, fuiste una presa más, para de contar todos esos corazones machucados, de seguro uno es mío, somos uno en el montón, hay una lista de un millón, no exagero, un millón, debemos hacer unión, somos el Club de la Reina Veneno Asociación, ya es oficial nuestra facción, ven, te sacaremos de prisión, hipnotizó tu corazón, ella siempre ríe, pero no sonríe, el silencio de su risa es terrible, te atrae a su guarida, luego te deja sin vida con su veneno ella tiene el control, te usa y deja en un rincón, no era amor, sólo terror, ya somos más de un millón, somos más de un millón, y ya tenemos una unión, somos el Club de la Reina Veneno Asociación, el más grande de la nación, todos ya sufrimos el dolor, nos degolló el corazón, no era amor, sólo terror, ya somos más de un millón, somos más de un millón, y ya tenemos una unión, somos el Club de la Reina Veneno Asociación, ąY esta noche es la reunión!, todos ya sufrimos el dolor, nos degolló el corazón, ven, te sacaremos de prisión, hipnotizó tu corazón."
T1_TEST_0421,2183332,NM,M,1.0,"
Esque no eres tu ahora soy yo
El que tomo la decicion
Ya no tengo ganas de verte...
Me gustabas mas como mujer
Ten te quieren conocer
Nomas por el cuerpo que tienes...
Nadie ni nada es indespensable
Y esque ya me eh dado cuenta
Lo false que en verdad eres
No te extraño ya te eh mostrado
Ahora prefiero estar solo
Que estar mal acompañado...
Claro que te dare la respuesta..
A lo que me as preguntado...

Quieres que te diga la verdad
Ni que fueras mi celular
Pa que me de miedo perderte...
Quiero disfrutar y esque a mi edad
Soy como un buen restaurant
Que nunca le faltan los clientes...
Y llego el tiempo de madurar
La verdad que weba me das...
No quiero ya volver a verte

Nadie ni nada es indespensable
Y esque ya me eh dado cuenta
Lo false que en verdad eres
No te extraño ya te eh mostrado
Ahora prefiero estar solo
Que estar mal acompañado...
Claro que te dare la respuesta..
A lo que me as preguntado...

Quieres que te diga la verdad
Ni que fueras mi celular
Pa que me de miedo perderte...
Quiero disfrutar y esque a mi edad
Soy como un buen restaurant
Que nunca le faltan los clientes...
Y llego el tiempo de madurar
La verdad que weba me das...
No quiero ya volver a verte

Quieres que te diga la verdad
Ni que fueras mi celular
Pa que me de miedo perderte...
Quiero disfrutar y esque a mi edad
Soy como un buen restaurant
Que nunca le faltan los clientes...
Y llego el tiempo de madurar
La verdad que weba me das...
No quiero ya volver a verte","Esque no eres tu ahora soy yo, el que tomo la decicion, ya no tengo ganas de verte..., me gustabas mas como mujer, ten te quieren conocer, nomas por el cuerpo que tienes..., nadie ni nada es indespensable, y esque ya me eh dado cuenta, lo false que en verdad eres, no te extraño ya te eh mostrado, ahora prefiero estar solo, que estar mal acompañado..., claro que te dare la respuesta.., a lo que me as preguntado..., quieres que te diga la verdad, ni que fueras mi celular, pa que me de miedo perderte..., quiero disfrutar y esque a mi edad, soy como un buen restaurant, que nunca le faltan los clientes..., y llego el tiempo de madurar, la verdad que weba me das..., no quiero ya volver a verte, nadie ni nada es indespensable, y esque ya me eh dado cuenta, lo false que en verdad eres, no te extraño ya te eh mostrado, ahora prefiero estar solo, que estar mal acompañado..., claro que te dare la respuesta.., a lo que me as preguntado..., quieres que te diga la verdad, ni que fueras mi celular, pa que me de miedo perderte..., quiero disfrutar y esque a mi edad, soy como un buen restaurant, que nunca le faltan los clientes..., y llego el tiempo de madurar, la verdad que weba me das..., no quiero ya volver a verte, quieres que te diga la verdad, ni que fueras mi celular, pa que me de miedo perderte..., quiero disfrutar y esque a mi edad, soy como un buen restaurant, que nunca le faltan los clientes..., y llego el tiempo de madurar, la verdad que weba me das..., no quiero ya volver a verte."
T1_TEST_0451,3688838,M,NM,0.8727272727272727,"o, Wain
Leones Con Flow
[Letra de ""Dímelo""]

[Intro]
O-O-Ovy On The Drums

[Estribillo]
Dímelo, si el cabrón no vale la pena, no vale la pena
Vamo', ma', confiésalo (Confiésalo)
Y lo borramo' de la escena, borramo' de la escena
Vamo', mami, dímelo
Si el cabrón no vale la pena, no vale la pena
Vamo', ma', confiésalo
Y lo borramo' de la escena, borramo' de la escena

[Verso 1]
La cosa e' muy simple, le' voy a contar
Ella tiene un pibe que no' molesta
No sé si es el ex o el de ahora
Pero eso no importa, conmigo ella está (Ey)
Por eso salimos encapucha'os
Yo soy en verdá' el que la tiene mal
El otro no' vive buscando
Parece que comió la peli de Slenderman
No sé qué más, no sé qué más
Odiamos el día y la noche na'
Es una vampira y yo Drácula
Pasamo' la vida en la oscuridá'
Solamente nos pasamos el rato pensando en como salir sin que nos vean
Y es que lo' bocone' que molestan se quedan en la casita viendo novelas

[Pre-Estribillo]
Ay-ay-ay (¡Wuh!)
Ay-ay-ay (¡Yeh!)
Ay-ay-ay (¡Shiuf!)
Ay-ay-ay (¡Prr!)
Ay-ay-ay (¡Shiuf!)
Ay-ay-ay
No' perdamos sin que puedan seguir lo' pasos, ma'

[Estribillo]
Dímelo, si el cabrón no vale la pena, no vale la pena (Oh)
Vamo', ma', confiésalo (Confiésalo)
Y lo borramo' de la escena, borramo' de la escena
Vamo', mami, dímelo
Si el cabrón no vale la pena, no vale la pena
Vamo', ma', confiésalo (-fiésalo)
Y lo borramo' de la escena, borramo' de la escena

[Verso 2]
Ey, mami, mami, dímelo (-melo)
Soy un loco en el amor (¡Prr!)
Tú me dices si lo callo (¡Shiuf!)
El cabrón e' muy bocón (¡Prr, ay!)
Ay-ay-ay; dilo, ma'
Soy todo oído' pa' tu boca
Y tu boquita toda mía
Viste, man; chao, papá

[Puente]
Ma-Mami, yo no tengo miedo para fugarme (-garme)
Mira mi bolsillo, ya está listo el pasaje (Pasaje)
Sólo lo propongo, no quiero intimidarte (-midarte)
Pero cuando quiera' no' vamo' pa' otra parte (Parte)

[Estribillo]
Dímelo, si el cabrón no vale la pena, no vale la pena (Dímelo)
Vamo', ma', confiésalo (Confiésalo)
Y lo borramo' de la escena, borramo' de la escena
Vamo', mami, dímelo
Si el cabrón no vale la pena, no vale la pena
Vamo', ma', confiésalo (-fiésalo)
Y lo borramo' de la escena, borramo' de la escena

[Outro]
¡Shiuf!
Ovy On The Drums, On The Drums, On The Drums
Yeh, Paulo Londra
Big Ligas, Lo' Mayores
¡Ey! Kristoman
Dímelo, Wain
Leones Con Flow","O-O-Ovy On The Drums, dímelo, si el cabrón no vale la pena, no vale la pena, vamo', ma, confiésalo Confiésalo, y lo borramo' de la escena, borramo' de la escena, vamo', mami, dímelo, si el cabrón no vale la pena, no vale la pena, vamo', ma, confiésalo, y lo borramo' de la escena, borramo' de la escena, la cosa e' muy simple, les voy a contar, ella tiene un pibe que no' molesta, no sé si es el ex o el de ahora, pero eso no importa, conmigo ella está Ey, por eso salimos encapucha'os, yo soy en verda' el que la tiene mal, el otro nos vive buscando, parece que comió la peli de Slenderman, no sé qué más, no sé qué más, odiamos el día y la noche na', es una vampira y yo Drácula, pasamo' la vida en la oscuridad, solamente nos pasamos el rato pensando en cómo salir sin que nos vean, y es que los bocone' que molestan se queden en la casita viendo novelas, ay-ay-ay Wuh, ay-ay-ay Yeah, ay-ay-ay Shuf, ay-ay-ay Prr, ay-ay-ay Shiuf, ay-ay-ay, no' perdamos sin que puedan seguir lo' pasos, ma, dímelo Oh-oh, si el cabrón no vale la pena, no vale la pena, vamo', ma, confiésalo Confiésalo, y lo borramo' de la escena, borramo' de la escena, vamo', mami, dímelo, si el cabrón no vale la pena, no vale la pena, vamo', ma, confiésalo, y lo borramo' de la escena, borramo' de la escena, ey, mami, mami, dímelo -melo, soy un loco en el amor Prr, tú me dices si lo callo Shiuf, el cabrón e' muy bocón Prr, ay, ay-ay-ay, dilo, ma, soy todo oído' pa' tu boca, y tu boquita toda mía, viste, man, ciao, papá, ma-Mami, yo no tengo miedo para fugarme -garme, mira mi bolsillo, ya está listo el pasaje Pasaje, solo lo propongo, no quiero intimidarte -midarte, pero cuando quiera' no' vamo' pa' otra parte Parte, dímelo Dímelo, si el cabrón no vale la pena, no vale la pena, vamo', ma, confiésalo Confiésalo, y lo borramo' de la escena, borramo' de la escena, vamo', mami, dímelo, si el cabrón no vale la pena, no vale la pena, vamo', ma, confiésalo -fiésalo, y lo borramo' de la escena, borramo' de la escena, shuf, ovy On The Drums, On The Drums, On The Drums, yeah, Paulo Londra, big Ligas, los Mayores, ey, Kristoman, dímelo, Wain, leones Con Flow."
T1_TEST_0479,898896,NM,M,0.8571428571428571,"n
[Intro]
¡Pibes Chorros!

[Verso]
La colcha de tu hermana, ya no quiere más
Está muy usada y rota por demás
Se la ve muy sucia y con muy mal olor
No le falta cariño, pero le falta jabón

[Estribillo]
Andate a lavar bien la colcha
Porque está muy sucia y con muy mal olor
Andate a lavar bien la colcha
Lávala con agua, cepillo y jabón

[Verso]
La colcha de tu hermana, ya no quiere más
Está muy usada y rota por demás
Se la ve muy sucia y con muy mal olor
No le falta cariño, pero le falta jabón

[Estribillo]
Andate a lavar bien la colcha
Porque está muy sucia y con muy mal olor
Andate a lavar bien la colcha
Lávala con agua, cepillo y jabón","ĄPibes Chorros!, la colcha de tu hermana, ya no quiere más, está muy usada y rota por demás, se la ve muy sucia y con muy mal olor, no le falta cariño, pero le falta jabón, andate a lavar bien la colcha, porque está muy sucia y con muy mal olor, andate a lavar bien la colcha, lávala con agua, cepillo y jabón, la colcha de tu hermana, ya no quiere más, está muy usada y rota por demás, se la ve muy sucia y con muy mal olor, no le falta cariño, pero le falta jabón, andate a lavar bien la colcha, porque está muy sucia y con muy mal olor, andate a lavar bien la colcha, lávala con agua, cepillo y jabón."
T1_TEST_0489,5451043,NM,M,0.9510204081632653,"
[Letra de ""WOW""]

[Intro]
Bryant Ma
El Myron
Millo Gang
Everything Foreign
Dímelo, Tek

[Verso 1]
Agradecío' con to' lo que tengo, pero voy por má'
Los amigo' se están restando y lo' enemigo' se siguen sumando
No 'tamo contestando, dejen de llamar (De llamar)
Lo' cuadro' se están dividiendo y los cuadre' se siguen multiplicando (Auh, auh)
Quieren que Bryant se caiga y él sigue de pie
En la muñeca izquierda el Audemars Piguet (Yeah)
Carbon patea fino igual que Piqué
Te metemo' 8-1, flow Kobe en 20-0-6
Movemo' el coco como O.T
Lo mando por la cabina priority
De la' calle' del barrio pa' las de South Beach
Yo salí de abajo y me convertí en young rich
Mai' me dijo: ""Hay que trabajar duro pa' ser alguien grande""
Con quien no e' humilde me pongo arrogante
No busco problema' pero no me dejo de nadie (De nadie), sí
A última hora aquí se nace pa' morir
Una bala en el chaffel y treinta en el clip (Prr)
Te apretamo' el botón de delete (Yeh)

[Coro]
Me miro al espejo y yo digo: ""Wow"" (Wow, wow, wow)
Cabrón yo te entiendo, si yo fuera tú me hubiera envida'o (Envida'o)
Yo corro en línea pero tengo (Tengo) el banco vira'o (Vira'o)
Cabrón mantente despega'o (-pega'o), o te dejamo' en el piso pega'o (Pega'o; ¡auh!; yeh)
Me miro al espejo y yo digo: ""Wow"" (Wow, wow, wow)
Cabrón yo te entiendo, si yo fuera tú me hubiera envida'o (¡Auh!)
Yo corro en línea pero tengo (Tengo) el banco vira'o (Vira'o; prr)
Cabrón mantente despega'o (-pega'o; prr), o te dejamo' en el piso pega'o (Pega'o; ¡trra!)

[Verso 2]
Les gusta verte bien pero quieren 'tar mejor que tú
Maldiciéndome, yo estoy bless por Jesú'
Cristo se murió por ti en la cru'
Pero si te pone' pa' mí, te muere' tú
Y así son ustede', envidian lo que el otro tiene
Por eso progresar no puede', eh
Hoy en día me va super cabrón
Pero no' me olvida'o 'e cómo estaba ayer (Ayer)
My nigga tu' número' están por abajo, lo' mío' 'tán volando como lo' jet
Trataron de ponerme pierna, pero se quedaron a pie
Por el próximo disco que voy a sacar me dieron die'
Lo' chavo' que me deben ya no me lo' den
Y mámenme el bicho, suck my dick
'Toy haciendo plata toda' la' week'
Mi casa parece un dispense de weed
Y a la' mami' le' damo' milk como a los Quik
Lo' palo' en madera, como los que usaba Osama Bin
Salimo' a cazar, flow Myers en Halloween
Te vemo' y te vamo' a tumbar como a la' torre' twin

[Coro]
Me miro al espejo y yo digo: ""Wow"" (Wow, wow, wow)
Cabrón yo te entiendo, si yo fuera tú me hubiera envida'o (Envida'o)
Yo corro en línea pero tengo (Tengo) el banco vira'o (Vira'o)
Cabrón mantente despega'o (-pega'o), o te dejamo' en el piso pega'o (Pega'o; ¡auh!; yeh)
Me miro al espejo y yo digo: ""Wow"" (Wow, wow, wow)
Cabrón yo te entiendo, si yo fuera tú me hubiera envida'o (¡Auh!)
Yo corro en línea pero tengo (Tengo) el banco vira'o (Vira'o; prr)
Cabrón mantente despega'o (-pega'o; prr), o te dejamo' en el piso pega'o (Pega'o; ¡trra!)

[Outro]
Bryant Ma
El Myron
Mi-Mi-Millo Gang
Cromo La X
La X wanna
Dímelo, Tek
Dímelo, Richie Rich
Dímelo, Búho
Dímelo, H
¡Trr!
Bryant Ma
(¡Yeh!)","Bryant Ma, el Myron, millo Gang, everything Foreign, dímelo, Tek. Agradecío' con to' lo que tengo, pero voy por má', los amigo' se están restando y lo' enemigo' se siguen sumando, no 'tamo contestando, dejen de llamar De llamar, lo' cuadro' se están dividiendo y los cuadre' se siguen multiplicando Auh, auh, quieren que Bryant se caiga y él sigue de pie, en la muñeca izquierda el Audemars Piguet Yeah, carbon patea fino igual que Piqué, te metemo' 8-1, flow Kobe en 20-0-6, movemo' el coco como O.T, lo mando por la cabina priority, de la' calle' del barrio pa' las de South Beach, yo salí de abajo y me convertí en young rich, mai' me dijo: Hay que trabajar duro pa' ser alguien grande, con quien no e' humilde me pongo arrogante, no busco problema' pero no me dejo de nadie De nadie, sí, a última hora aquí se nace pa' morir, una bala en el chaffel y treinta en el clip Prr, te apretamo' el botón de delete Yeh. Me miro al espejo y yo digo: Wow Wow, wow, wow, cabrón yo te entiendo, si yo fuera tú me hubiera envida'o Envida'o, yo corro en línea pero tengo Tengo el banco vira'o Vira'o, cabrón mantente despega'o -pega'o, o te dejamo' en el piso pega'o Pega'o; Ąauh!; yeh, me miro al espejo y yo digo: Wow Wow, wow, wow, cabrón yo te entiendo, si yo fuera tú me hubiera envida'o ĄAuh!, yo corro en línea pero tengo Tengo el banco vira'o Vira'o; prr, cabrón mantente despega'o -pega'o; prr, o te dejamo' en el piso pega'o Pega'o; Ątrra!. Les gusta verte bien pero quieren 'tar mejor que tú, maldiciéndome, yo estoy bless por Jesú', cristo se murió por ti en la cru', pero si te pone' pa' mí, te muere' tú, y así son ustede', envidian lo que el otro tiene, por eso progresar no puede', eh, hoy en día me va super cabrón, pero no' me olvida'o 'e cómo estaba ayer Ayer, my nigga tu' número' están por abajo, lo' mío' 'tán volando como lo' jet, trataron de ponerme pierna, pero se quedaron a pie, por el próximo disco que voy a sacar me dieron die', lo' chavo' que me deben ya no me lo' den, y mámenme el bicho, suck my dick, 'Toy haciendo plata toda' la' week', mi casa parece un dispense de weed, y a la' mami' le' damo' milk como a los Quik, lo' palo' en madera, como los que usaba Osama Bin, salimo' a cazar, flow Myers en Halloween, te vemo' y te vamo' a tumbar como a la' torre' twin. Me miro al espejo y yo digo: Wow Wow, wow, wow, cabrón yo te entiendo, si yo fuera tú me hubiera envida'o Envida'o, yo corro en línea pero tengo Tengo el banco vira'o Vira'o, cabrón mantente despega'o -pega'o, o te dejamo' en el piso pega'o Pega'o; Ąauh!; yeh, me miro al espejo y yo digo: Wow Wow, wow, wow, cabrón yo te entiendo, si yo fuera tú me hubiera envida'o ĄAuh!, yo corro en línea pero tengo Tengo el banco vira'o Vira'o; prr, cabrón mantente despega'o -pega'o; prr, o te dejamo' en el piso pega'o Pega'o; Ątrra!. Bryant Ma, el Myron, mi-Mi-Millo Gang, cromo La X, la X wanna, dímelo, Tek, dímelo, Richie Rich, dímelo, Búho, dímelo, H, ąTrr!, bryant Ma, ąYeh!."
T1_TEST_0511,9738363,NM,M,0.9723320158102767,"
[Letra de ""El Palo""]

[Intro]
D-Note Is On The Beat
The Beatllionare
My time to love is here
No more being alone
Time to love again
My time to love is here
Bye

[Coro]
Yo no quería problema', pero decidí (Sí)
A nunca decir que no si viene' donde mí, je (Nunca)
Y puse un palo en el carro, ja (Ay)
En el baúl puse un palo en el carro (Tranquila)
Me tiré pa' atrá' y vinieron donde mí (Ja)
La vida me dio una sorpresa, pero me moví
Ja, y les saqué el palo del carro (Ajá)
Yo les prendí el palo en el carro (Rrr)

[Verso 1]
Yup, ¿qué pasó, mamabichos?
Aquí sigo de pie y complaciendo mis caprichos
Al que no le guste, se puede mamar un bicho
Y aún así no me arrepiento de nada de lo que he dicho
Ey, tiren pa'lante, cabrones
Sigue pasando el tiempo y yo nunca pierdo mis dones
Falso machismo en una industria llena de maricones
Si antes facturaba mucho, ahora facturo con cojones
Yey, papi es dueño de los máster'
Desde los diecinueve haciendo ruido como un blaster
Y te pillamos saliendo del after
A esta pistola yo le puse un chip, la puse faster (Wow)
El rifle está aceita'o y suena nítido
Muchos se preguntan cuánto dinero tengo en líquido
Y tengo mucho (Tengo mucho)
Por lo meno' pa' guerrear y comprar par de cartucho' (¡Ah!), ja

[Coro]
Yo no quería problema', pero decidí (Yeah)
A nunca decir que no si viene' donde mí (Ah, yeah)
Y puse un palo en el carro, ja (Yo lo puse)
En el baúl puse un palo en el carro (Ay)
Me tiré pa' atrá' y vinieron donde mí, ja (¿Qué?)
La vida me dio una sorpresa, pero me moví (¿Y qué pasó?)
Ja, y les saqué el palo del carro (Ajá)
Yo les prendí el palo en el carro (Yao)

[Verso 2]
Volví pa' atrá', lambetallo'
Anoche conté dos millone' y me salieron par de callos
Una vez me mandaron, me dejaron vivo
Y ello' hoy en día están pelao' y yo contando el efectivo
Tengo amigo' empresario', otros que son tranquilo'
Tengo panas que salen a cazarte con cuerno 'e chivo, prr
Tengo ingresos de la música e ingresos pasivo'
Es más, yo tengo ingreso' que ingresan mientras duermo y respiro, yo
Vo'a aclarar un par de punto'
Y pa' ser corto y preciso, decirlo to's en conjunto
Mira qué mierda es el asunto
Hablaban mierda de ustede' y terminaron todos juntos
Tengo un jardín lleno de cipreses (Bellísimo)
De esos que se encuentran en Sicilia
Y aunque al pie de la letra no siga la Biblia
Cuando muera, va a venderse cara mi memorabilia

[Coro]
Yo no quería problema', pero decidí
A nunca decir que no si viene' donde mí
Y puse un palo en el carro
En el baúl puse un palo en el carro
Me tiré pa' atrá' y llegaron donde mí
La vida me dio una sorpresa, pero me moví
Y les saqué el palo del carro
Yo les prendí el palo en el carro

[Outro]
Okey
En el nombre del Padre, del Hijo y del Espíritu Santo
No soy partícipe de la violencia, pero el que se meta volará en canto'
Aún recuerdo los consejos de mi vieja, que me los decía en llanto
Que la misma isla de la muerte es la que llaman hoy en día ""la isla del encanto""
Atentamente, The Beatllionare y La Ma Coelho","D-Note Is On The Beat, the Beatllionare, my time to love is here, no more being alone, time to love again, my time to love is here, bye. Yo no quería problema', pero decidí Sí, a nunca decir que no si viene' donde mí, je Nunca, y puse un palo en el carro, ja Ay, en el baúl puse un palo en el carro Tranquila, me tiré pa' atrá' y vinieron donde mí Ja, la vida me dio una sorpresa, pero me moví, ja, y les saqué el palo del carro Ajá, yo les prendí el palo en el carro Rrr. Yup, ¿qué pasó, mamabichos?, aquí sigo de pie y complaciendo mis caprichos, al que no le guste, se puede mamar un bicho, y aún así no me arrepiento de nada de lo que he dicho, ey, tiren pa'lante, cabrones, sigue pasando el tiempo y yo nunca pierdo mis dones, falso machismo en una industria llena de maricones, si antes facturaba mucho, ahora facturo con cojones, yey, papi es dueño de los máster', desde los diecinueve haciendo ruido como un blaster, y te pillamos saliendo del after, a esta pistola yo le puse un chip, la puse faster Wow, el rifle está aceita'o y suena nítido, muchos se preguntan cuánto dinero tengo en líquido, y tengo mucho Tengo mucho, por lo meno' pa' guerrear y comprar par de cartucho' ĄAh!, ja. Yo no quería problema', pero decidí Yeah, a nunca decir que no si viene' donde mí Ah, yeah, y puse un palo en el carro, ja Yo lo puse, en el baúl puse un palo en el carro Ay, me tiré pa' atrá' y vinieron donde mí, ja ¿Qué?, la vida me dio una sorpresa, pero me moví ¿Y qué pasó?, ja, y les saqué el palo del carro Ajá, yo les prendí el palo en el carro Yao. Volví pa' atrá', lambetallo', anoche conté dos millone' y me salieron par de callos, una vez me mandaron, me dejaron vivo, y ello' hoy en día están pelao' y yo contando el efectivo, tengo amigo' empresario', otros que son tranquilo', tengo panas que salen a cazarte con cuerno 'e chivo, prr, tengo ingresos de la música e ingresos pasivo', es más, yo tengo ingreso' que ingresan mientras duermo y respiro, yo, vo'a aclarar un par de punto', y pa' ser corto y preciso, decirlo to's en conjunto, mira qué mierda es el asunto, hablaban mierda de ustede' y terminaron todos juntos, tengo un jardín lleno de cipreses Bellísimo, de esos que se encuentran en Sicilia, y aunque al pie de la letra no siga la Biblia, cuando muera, va a venderse cara mi memorabilia. Yo no quería problema', pero decidí, a nunca decir que no si viene' donde mí, y puse un palo en el carro, en el baúl puse un palo en el carro, me tiré pa' atrá' y llegaron donde mí, la vida me dio una sorpresa, pero me moví, y les saqué el palo del carro, yo les prendí el palo en el carro. Okey, en el nombre del Padre, del Hijo y del Espíritu Santo, no soy partícipe de la violencia, pero el que se meta volará en canto', aún recuerdo los consejos de mi vieja, que me los decía en llanto, que la misma isla de la muerte es la que llaman hoy en día la isla del encanto, atentamente, The Beatllionare y La Ma Coelho."
